cip,major,category,traditional,new_1,why_1,new_2,why_2,new_3,why_3,traditional_wage,new_wage_low,new_wage_high
51.1801,Opticianry/Ophthalmic Dispensing Optician,Health Professions,Retail optical dispenser,Virtual try-on fit specialist,"Typical first-two-years range $55,000 to $80,000. Not the Retail optical dispenser seat.",Vision benefits and claims analyst,"Typical first-two-years range $55,000 to $80,000. Not the Retail optical dispenser seat.",Ophthalmic device field trainer,"Typical first-two-years range $55,000 to $80,000. Not the Retail optical dispenser seat.",45000,55000,80000
51.1802,Optometric Technician/Assistant,Health Professions,Clinic optometric assistant,Teleoptometry imaging technician,"Typical first-two-years range $52,000 to $75,000. Not the Clinic optometric assistant seat.",Myopia control program coordinator,"Typical first-two-years range $52,000 to $75,000. Not the Clinic optometric assistant seat.",Eye screening AI QA technician,"Typical first-two-years range $52,000 to $75,000. Not the Clinic optometric assistant seat.",44000,52000,75000
51.1803,Ophthalmic Technician/Technologist,Health Professions,Hospital ophthalmic technician,Retinal imaging AI validation technician,"Typical first-two-years range $65,000 to $95,000. Not the Hospital ophthalmic technician seat.",Ophthalmic trial imaging coordinator,"Typical first-two-years range $65,000 to $95,000. Not the Hospital ophthalmic technician seat.",Surgical laser application specialist,"Typical first-two-years range $65,000 to $95,000. Not the Hospital ophthalmic technician seat.",50000,65000,95000
51.1804,Orthoptics/Orthoptist,Health Professions,Pediatric clinic orthoptist,Vision therapy telehealth clinician,"Typical first-two-years range $80,000 to $110,000. Not the Pediatric clinic orthoptist seat.",Neuro-ophthalmic trial assessor,"Typical first-two-years range $80,000 to $110,000. Not the Pediatric clinic orthoptist seat.",Digital vision therapy content designer,"Typical first-two-years range $80,000 to $110,000. Not the Pediatric clinic orthoptist seat.",70000,80000,110000
51.2001,Pharmacy,Health Professions,Retail community pharmacist,Clinical informatics pharmacist,"Typical first-two-years range $130,000 to $165,000. Not the Retail community pharmacist seat.",Medication AI safety reviewer,"Typical first-two-years range $130,000 to $165,000. Not the Retail community pharmacist seat.",Value-based medication therapy lead,"Typical first-two-years range $130,000 to $165,000. Not the Retail community pharmacist seat.",137000,130000,165000
51.2002,Pharmacy Administration and Pharmacy Policy and Regulatory Affairs,Health Professions,Hospital pharmacy manager,Drug pricing and 340B analyst,"Typical first-two-years range $110,000 to $160,000. Not the Hospital pharmacy manager seat.",Payer formulary strategy analyst,"Typical first-two-years range $110,000 to $160,000. Not the Hospital pharmacy manager seat.",Pharmacy compliance and audit lead,"Typical first-two-years range $110,000 to $160,000. Not the Hospital pharmacy manager seat.",130000,110000,160000
51.2003,Pharmaceutics and Drug Design,Health Professions,Formulation scientist,Computational formulation modeler,"Typical first-two-years range $100,000 to $140,000. Not the Formulation scientist seat.",AI molecule screening associate,"Typical first-two-years range $100,000 to $140,000. Not the Formulation scientist seat.",CDMO tech transfer engineer,"Typical first-two-years range $100,000 to $140,000. Not the Formulation scientist seat.",95000,100000,140000
51.2004,Medicinal and Pharmaceutical Chemistry,Health Professions,Medicinal chemistry lab associate,Cheminformatics associate,"Typical first-two-years range $90,000 to $135,000. Not the Medicinal chemistry lab associate seat.",Generative chemistry model evaluator,"Typical first-two-years range $90,000 to $135,000. Not the Medicinal chemistry lab associate seat.",Peptide and ADC process chemist,"Typical first-two-years range $90,000 to $135,000. Not the Medicinal chemistry lab associate seat.",78000,90000,135000
51.2005,Natural Products Chemistry and Pharmacognosy,Health Professions,Natural products research assistant,Botanical supplement regulatory analyst,"Typical first-two-years range $72,000 to $105,000. Not the Natural products research assistant seat.",Biosynthesis and fermentation associate,"Typical first-two-years range $72,000 to $105,000. Not the Natural products research assistant seat.",Sustainable ingredient sourcing analyst,"Typical first-two-years range $72,000 to $105,000. Not the Natural products research assistant seat.",65000,72000,105000
51.2006,Clinical and Industrial Drug Development,Health Professions,CRO clinical research associate,Decentralized trial operations lead,"Typical first-two-years range $90,000 to $130,000. Not the CRO clinical research associate seat.",Trial data quality monitoring analyst,"Typical first-two-years range $90,000 to $130,000. Not the CRO clinical research associate seat.",Real-world evidence associate,"Typical first-two-years range $90,000 to $130,000. Not the CRO clinical research associate seat.",82000,90000,130000
51.2007,Pharmacoeconomics/Pharmaceutical Economics,Health Professions,HEOR analyst,Payer value dossier modeler,"Typical first-two-years range $100,000 to $145,000. Not the HEOR analyst seat.",Outcomes-based contract analyst,"Typical first-two-years range $100,000 to $145,000. Not the HEOR analyst seat.",Health economics simulation engineer,"Typical first-two-years range $100,000 to $145,000. Not the HEOR analyst seat.",90000,100000,145000
51.2008,"Clinical, Hospital, and Managed Care Pharmacy",Health Professions,Hospital staff pharmacist,Remote utilization management pharmacist,"Typical first-two-years range $130,000 to $160,000. Not the Hospital staff pharmacist seat.",Specialty pharmacy program lead,"Typical first-two-years range $130,000 to $160,000. Not the Hospital staff pharmacist seat.",Benefit review clinical pharmacist,"Typical first-two-years range $130,000 to $160,000. Not the Hospital staff pharmacist seat.",132000,130000,160000
51.2009,Industrial and Physical Pharmacy and Cosmetic Sciences,Health Professions,Manufacturing pharmacist,Continuous manufacturing process engineer,"Typical first-two-years range $85,000 to $125,000. Not the Manufacturing pharmacist seat.",Cosmetic claims and safety analyst,"Typical first-two-years range $85,000 to $125,000. Not the Manufacturing pharmacist seat.",Sterile fill-finish automation technician,"Typical first-two-years range $85,000 to $125,000. Not the Manufacturing pharmacist seat.",90000,85000,125000
51.2010,Pharmaceutical Sciences,Health Professions,Bench research associate,Translational biomarker associate,"Typical first-two-years range $85,000 to $125,000. Not the Bench research associate seat.",Lab automation scientist,"Typical first-two-years range $85,000 to $125,000. Not the Bench research associate seat.",Regulatory CMC associate,"Typical first-two-years range $85,000 to $125,000. Not the Bench research associate seat.",72000,85000,125000
51.2011,Pharmaceutical Marketing and Management,Health Professions,Pharmaceutical sales representative,Omnichannel HCP marketing analyst,"Typical first-two-years range $95,000 to $135,000. Not the Pharmaceutical sales representative seat.",Market access and patient services lead,"Typical first-two-years range $95,000 to $135,000. Not the Pharmaceutical sales representative seat.",Medical content compliance reviewer,"Typical first-two-years range $95,000 to $135,000. Not the Pharmaceutical sales representative seat.",90000,95000,135000
51.2099,"Pharmacy, Pharmaceutical Sciences, and Administration, Other",Health Professions,Pharmacy operations associate,Pharmacy automation implementation analyst,"Typical first-two-years range $80,000 to $115,000. Not the Pharmacy operations associate seat.",Drug supply chain risk analyst,"Typical first-two-years range $80,000 to $115,000. Not the Pharmacy operations associate seat.",Digital therapeutics program coordinator,"Typical first-two-years range $80,000 to $115,000. Not the Pharmacy operations associate seat.",70000,80000,115000
51.2201,"Public Health, General",Health Professions,Health department program assistant,Population health data analyst,"Typical first-two-years range $72,000 to $110,000. Not the Health department program assistant seat.",Health equity program evaluator,"Typical first-two-years range $72,000 to $110,000. Not the Health department program assistant seat.",Outbreak intelligence analyst,"Typical first-two-years range $72,000 to $110,000. Not the Health department program assistant seat.",55000,72000,110000
51.2202,Environmental Health,Health Professions,County environmental health inspector,ESG and site risk analyst,"Typical first-two-years range $75,000 to $115,000. Not the County environmental health inspector seat.",Climate and heat resilience planner,"Typical first-two-years range $75,000 to $115,000. Not the County environmental health inspector seat.",Indoor air quality data specialist,"Typical first-two-years range $75,000 to $115,000. Not the County environmental health inspector seat.",62000,75000,115000
51.2205,Health/Medical  Physics,Health Professions,Hospital medical physics assistant,Radiotherapy AI planning specialist,"Typical first-two-years range $110,000 to $160,000. Not the Hospital medical physics assistant seat.",Imaging QA automation physicist,"Typical first-two-years range $110,000 to $160,000. Not the Hospital medical physics assistant seat.",Radiopharmaceutical dosimetry analyst,"Typical first-two-years range $110,000 to $160,000. Not the Hospital medical physics assistant seat.",95000,110000,160000
51.2206,Occupational Health and Industrial Hygiene,Health Professions,Plant industrial hygienist,Warehouse robotics ergonomics analyst,"Typical first-two-years range $90,000 to $130,000. Not the Plant industrial hygienist seat.",Semiconductor fab exposure specialist,"Typical first-two-years range $90,000 to $130,000. Not the Plant industrial hygienist seat.",EHS sensor and data analyst,"Typical first-two-years range $90,000 to $130,000. Not the Plant industrial hygienist seat.",85000,90000,130000
51.2207,Public Health Education and Promotion,Health Professions,Community health educator,Digital behavior change content designer,"Typical first-two-years range $68,000 to $100,000. Not the Community health educator seat.",Member engagement program analyst,"Typical first-two-years range $68,000 to $100,000. Not the Community health educator seat.",Trial recruitment outreach lead,"Typical first-two-years range $68,000 to $100,000. Not the Community health educator seat.",55000,68000,100000
51.2208,Community Health and Preventive Medicine,Health Professions,Community program coordinator,Value-based care population manager,"Typical first-two-years range $70,000 to $105,000. Not the Community program coordinator seat.",Social needs referral platform analyst,"Typical first-two-years range $70,000 to $105,000. Not the Community program coordinator seat.",Preventive care campaign analyst,"Typical first-two-years range $70,000 to $105,000. Not the Community program coordinator seat.",55000,70000,105000
51.2209,Maternal and Child Health,Health Professions,MCH program coordinator,Maternal telehealth program manager,"Typical first-two-years range $72,000 to $105,000. Not the MCH program coordinator seat.",Doula benefit network lead,"Typical first-two-years range $72,000 to $105,000. Not the MCH program coordinator seat.",Perinatal quality data analyst,"Typical first-two-years range $72,000 to $105,000. Not the MCH program coordinator seat.",58000,72000,105000
51.2210,International Public Health/International Health,Health Professions,NGO field program officer,Global health monitoring and evaluation analyst,"Typical first-two-years range $70,000 to $110,000. Not the NGO field program officer seat.",Pandemic preparedness policy analyst,"Typical first-two-years range $70,000 to $110,000. Not the NGO field program officer seat.",Global market access analyst,"Typical first-two-years range $70,000 to $110,000. Not the NGO field program officer seat.",55000,70000,110000
51.2211,Health Services Administration,Health Professions,Hospital administrative fellow,Revenue cycle automation analyst,"Typical first-two-years range $80,000 to $120,000. Not the Hospital administrative fellow seat.",Care operations product analyst,"Typical first-two-years range $80,000 to $120,000. Not the Hospital administrative fellow seat.",Provider network strategy analyst,"Typical first-two-years range $80,000 to $120,000. Not the Hospital administrative fellow seat.",68000,80000,120000
51.2212,Behavioral Aspects of Health,Health Professions,Behavioral research assistant,Digital behavior change UX researcher,"Typical first-two-years range $78,000 to $115,000. Not the Behavioral research assistant seat.",Medication adherence program analyst,"Typical first-two-years range $78,000 to $115,000. Not the Behavioral research assistant seat.",Behavioral experiment analyst,"Typical first-two-years range $78,000 to $115,000. Not the Behavioral research assistant seat.",52000,78000,115000
51.2213,Patient Safety and Healthcare Quality,Health Professions,Hospital quality improvement coordinator,Clinical AI safety monitoring analyst,"Typical first-two-years range $85,000 to $125,000. Not the Hospital quality improvement coordinator seat.",Safety event data scientist,"Typical first-two-years range $85,000 to $125,000. Not the Hospital quality improvement coordinator seat.",Accreditation automation lead,"Typical first-two-years range $85,000 to $125,000. Not the Hospital quality improvement coordinator seat.",70000,85000,125000
51.2214,Public Health Genetics,Health Professions,Genetics program coordinator,Newborn screening data analyst,"Typical first-two-years range $80,000 to $120,000. Not the Genetics program coordinator seat.",Population genomics program manager,"Typical first-two-years range $80,000 to $120,000. Not the Genetics program coordinator seat.",Genetic privacy policy analyst,"Typical first-two-years range $80,000 to $120,000. Not the Genetics program coordinator seat.",65000,80000,120000
51.2299,"Public Health, Other",Health Professions,Public health program assistant,Health policy data analyst,"Typical first-two-years range $68,000 to $100,000. Not the Public health program assistant seat.",Grants and impact measurement analyst,"Typical first-two-years range $68,000 to $100,000. Not the Public health program assistant seat.",Digital public health product associate,"Typical first-two-years range $68,000 to $100,000. Not the Public health program assistant seat.",52000,68000,100000
51.2300,"Rehabilitation and Therapeutic Professions, General",Health Professions,Rehabilitation clinic aide,Remote therapy program coordinator,"Typical first-two-years range $60,000 to $90,000. Not the Rehabilitation clinic aide seat.",Rehab outcomes data analyst,"Typical first-two-years range $60,000 to $90,000. Not the Rehabilitation clinic aide seat.",Wearable recovery program specialist,"Typical first-two-years range $60,000 to $90,000. Not the Rehabilitation clinic aide seat.",42000,60000,90000
51.2301,Art Therapy/Therapist,Health Professions,Inpatient art therapist,Digital mental health creative lead,"Typical first-two-years range $68,000 to $100,000. Not the Inpatient art therapist seat.",Employer wellbeing facilitator,"Typical first-two-years range $68,000 to $100,000. Not the Inpatient art therapist seat.",Trauma-informed VR therapy designer,"Typical first-two-years range $68,000 to $100,000. Not the Inpatient art therapist seat.",58000,68000,100000
51.2302,Dance Therapy/Therapist,Health Professions,Clinic dance and movement therapist,Neuro-rehab movement program designer,"Typical first-two-years range $65,000 to $95,000. Not the Clinic dance and movement therapist seat.",Virtual mobility coach for aging in place,"Typical first-two-years range $65,000 to $95,000. Not the Clinic dance and movement therapist seat.",Movement content lead for health apps,"Typical first-two-years range $65,000 to $95,000. Not the Clinic dance and movement therapist seat.",56000,65000,95000
51.2305,Music Therapy/Therapist,Health Professions,Hospital music therapist,Neurologic music therapist in dementia care,"Typical first-two-years range $65,000 to $95,000. Not the Hospital music therapist seat.",Audio wellbeing content designer,"Typical first-two-years range $65,000 to $95,000. Not the Hospital music therapist seat.",District behavioral support specialist,"Typical first-two-years range $65,000 to $95,000. Not the Hospital music therapist seat.",58000,65000,95000
51.2306,Occupational Therapy/Therapist,Health Professions,Hospital or skilled nursing occupational therapist,Home-based OT with remote monitoring,"Typical first-two-years range $100,000 to $135,000. Not the Hospital or skilled nursing occupational therapist seat.",Assistive technology and accessibility consultant,"Typical first-two-years range $100,000 to $135,000. Not the Hospital or skilled nursing occupational therapist seat.",Employer return-to-work OT,"Typical first-two-years range $100,000 to $135,000. Not the Hospital or skilled nursing occupational therapist seat.",96000,100000,135000
51.2307,Orthotist/Prosthetist,Health Professions,Clinic orthotist,3D printed device design technician,"Typical first-two-years range $90,000 to $130,000. Not the Clinic orthotist seat.",Bionic device clinical specialist,"Typical first-two-years range $90,000 to $130,000. Not the Clinic orthotist seat.",Digital scanning and fabrication lead,"Typical first-two-years range $90,000 to $130,000. Not the Clinic orthotist seat.",82000,90000,130000
51.2308,Physical Therapy/Therapist,Health Professions,Outpatient physical therapist,Hybrid virtual musculoskeletal clinician,"Typical first-two-years range $105,000 to $140,000. Not the Outpatient physical therapist seat.",Sports technology biomechanics specialist,"Typical first-two-years range $105,000 to $140,000. Not the Outpatient physical therapist seat.",Payer MSK program clinical lead,"Typical first-two-years range $105,000 to $140,000. Not the Outpatient physical therapist seat.",100000,105000,140000
51.2309,Therapeutic Recreation/Recreational Therapy,Health Professions,Long-term care recreation therapist,Senior living engagement program manager,"Typical first-two-years range $62,000 to $90,000. Not the Long-term care recreation therapist seat.",Adaptive sports program lead,"Typical first-two-years range $62,000 to $90,000. Not the Long-term care recreation therapist seat.",Behavioral health milieu designer,"Typical first-two-years range $62,000 to $90,000. Not the Long-term care recreation therapist seat.",58000,62000,90000
51.2310,Vocational Rehabilitation Counseling/Counselor,Health Professions,State vocational rehabilitation counselor,Disability inclusion workplace consultant,"Typical first-two-years range $72,000 to $105,000. Not the State vocational rehabilitation counselor seat.",Insurer return-to-work case analyst,"Typical first-two-years range $72,000 to $105,000. Not the State vocational rehabilitation counselor seat.",Accessible job matching product specialist,"Typical first-two-years range $72,000 to $105,000. Not the State vocational rehabilitation counselor seat.",60000,72000,105000
51.2311,Kinesiotherapy/Kinesiotherapist,Health Professions,VA kinesiotherapist,Remote cardiac and pulmonary rehab coach,"Typical first-two-years range $70,000 to $100,000. Not the VA kinesiotherapist seat.",Exercise oncology program lead,"Typical first-two-years range $70,000 to $100,000. Not the VA kinesiotherapist seat.",Human performance lab technologist,"Typical first-two-years range $70,000 to $100,000. Not the VA kinesiotherapist seat.",62000,70000,100000
51.2312,Assistive/Augmentative Technology and Rehabilitation Engineering,Health Professions,Hospital rehabilitation engineer,Accessibility engineer for consumer software,"Typical first-two-years range $95,000 to $140,000. Not the Hospital rehabilitation engineer seat.",AAC device product specialist,"Typical first-two-years range $95,000 to $140,000. Not the Hospital rehabilitation engineer seat.",Exoskeleton clinical applications engineer,"Typical first-two-years range $95,000 to $140,000. Not the Hospital rehabilitation engineer seat.",78000,95000,140000
51.2313,Animal-Assisted Therapy,Health Professions,Facility therapy animal handler,Hospital animal-assisted care program manager,"Typical first-two-years range $55,000 to $85,000. Not the Facility therapy animal handler seat.",Veterinary behavior and welfare specialist,"Typical first-two-years range $55,000 to $85,000. Not the Facility therapy animal handler seat.",Wellbeing vendor program lead,"Typical first-two-years range $55,000 to $85,000. Not the Facility therapy animal handler seat.",45000,55000,85000
51.2314,Rehabilitation Science,Health Professions,Rehabilitation research coordinator,Digital MSK outcomes analyst,"Typical first-two-years range $78,000 to $115,000. Not the Rehabilitation research coordinator seat.",Medical device clinical research associate,"Typical first-two-years range $78,000 to $115,000. Not the Rehabilitation research coordinator seat.",Recovery data product analyst,"Typical first-two-years range $78,000 to $115,000. Not the Rehabilitation research coordinator seat.",60000,78000,115000
51.2315,Drama Therapy/Therapist,Health Professions,Clinical drama therapist,Simulated patient program lead,"Typical first-two-years range $62,000 to $92,000. Not the Clinical drama therapist seat.",Behavioral health training designer,"Typical first-two-years range $62,000 to $92,000. Not the Clinical drama therapist seat.",Narrative therapy content lead,"Typical first-two-years range $62,000 to $92,000. Not the Clinical drama therapist seat.",56000,62000,92000
51.2316,Horticulture Therapy/Therapist,Health Professions,Garden therapy program lead,Memory care garden program manager,"Typical first-two-years range $55,000 to $85,000. Not the Garden therapy program lead seat.",Healing environment consultant,"Typical first-two-years range $55,000 to $85,000. Not the Garden therapy program lead seat.",Workplace biophilic design specialist,"Typical first-two-years range $55,000 to $85,000. Not the Garden therapy program lead seat.",45000,55000,85000
51.2317,Play Therapy/Therapist,Health Professions,Child clinic play therapist,Pediatric teletherapy clinician,"Typical first-two-years range $68,000 to $100,000. Not the Child clinic play therapist seat.",School crisis and behavior support lead,"Typical first-two-years range $68,000 to $100,000. Not the Child clinic play therapist seat.",Child mental health app clinical designer,"Typical first-two-years range $68,000 to $100,000. Not the Child clinic play therapist seat.",60000,68000,100000
51.2399,"Rehabilitation and Therapeutic Professions, Other",Health Professions,Rehabilitation program assistant,Care navigation specialist,"Typical first-two-years range $62,000 to $95,000. Not the Rehabilitation program assistant seat.",Remote therapeutic monitoring coordinator,"Typical first-two-years range $62,000 to $95,000. Not the Rehabilitation program assistant seat.",Digital health clinical operations analyst,"Typical first-two-years range $62,000 to $95,000. Not the Rehabilitation program assistant seat.",48000,62000,95000
51.2601,Health Aide,Health Professions,Home health aide,Remote patient monitoring technician,"Typical first-two-years range $45,000 to $65,000. Not the Home health aide seat.",Community health worker in value-based care,"Typical first-two-years range $45,000 to $65,000. Not the Home health aide seat.",Care coordination assistant,"Typical first-two-years range $45,000 to $65,000. Not the Home health aide seat.",36000,45000,65000
51.2603,Medication Aide,Health Professions,Long-term care medication aide,Medication adherence coordinator,"Typical first-two-years range $45,000 to $68,000. Not the Long-term care medication aide seat.",Pharmacy automation operator,"Typical first-two-years range $45,000 to $68,000. Not the Long-term care medication aide seat.",Clinical trial site assistant,"Typical first-two-years range $45,000 to $68,000. Not the Long-term care medication aide seat.",38000,45000,68000
51.2604,Rehabilitation Aide,Health Professions,Clinic rehabilitation aide,Remote therapy program assistant,"Typical first-two-years range $44,000 to $65,000. Not the Clinic rehabilitation aide seat.",Rehab outcomes data clerk,"Typical first-two-years range $44,000 to $65,000. Not the Clinic rehabilitation aide seat.",Adaptive fitness coach,"Typical first-two-years range $44,000 to $65,000. Not the Clinic rehabilitation aide seat.",36000,44000,65000
51.2605,Physical Therapy Technician/Aide,Health Professions,Outpatient physical therapy aide,Virtual MSK care coach,"Typical first-two-years range $45,000 to $70,000. Not the Outpatient physical therapy aide seat.",Sports performance technician,"Typical first-two-years range $45,000 to $70,000. Not the Outpatient physical therapy aide seat.",Clinic operations coordinator,"Typical first-two-years range $45,000 to $70,000. Not the Outpatient physical therapy aide seat.",37000,45000,70000
51.2703,Medical Illustration/Medical Illustrator,Health Professions,Academic medical illustrator,3D surgical animation artist,"Typical first-two-years range $85,000 to $130,000. Not the Academic medical illustrator seat.",AR and VR medical training asset designer,"Typical first-two-years range $85,000 to $130,000. Not the Academic medical illustrator seat.",Pharma scientific visualization lead,"Typical first-two-years range $85,000 to $130,000. Not the Academic medical illustrator seat.",72000,85000,130000
51.2706,Medical Informatics,Health Professions,Hospital clinical systems analyst,Clinical AI implementation analyst,"Typical first-two-years range $105,000 to $160,000. Not the Hospital clinical systems analyst seat.",FHIR interoperability engineer,"Typical first-two-years range $105,000 to $160,000. Not the Hospital clinical systems analyst seat.",Health data platform product analyst,"Typical first-two-years range $105,000 to $160,000. Not the Hospital clinical systems analyst seat.",88000,105000,160000
51.3101,Dietetics/Dietitian,Health Professions,Hospital clinical dietitian,Telehealth nutrition clinician,"Typical first-two-years range $78,000 to $115,000. Not the Hospital clinical dietitian seat.",Food as medicine program lead,"Typical first-two-years range $78,000 to $115,000. Not the Hospital clinical dietitian seat.",Metabolic health app clinical lead,"Typical first-two-years range $78,000 to $115,000. Not the Hospital clinical dietitian seat.",70000,78000,115000
51.3102,Clinical Nutrition/Nutritionist,Health Professions,Clinical nutritionist,GLP-1 care program dietitian,"Typical first-two-years range $78,000 to $115,000. Not the Clinical nutritionist seat.",Continuous glucose coaching lead,"Typical first-two-years range $78,000 to $115,000. Not the Clinical nutritionist seat.",Nutrition science content reviewer,"Typical first-two-years range $78,000 to $115,000. Not the Clinical nutritionist seat.",68000,78000,115000
51.3103,Dietetic Technician,Health Professions,Foodservice dietetic technician,Digital health nutrition program coordinator,"Typical first-two-years range $52,000 to $75,000. Not the Foodservice dietetic technician seat.",Menu and food service data analyst,"Typical first-two-years range $52,000 to $75,000. Not the Foodservice dietetic technician seat.",Community food access coordinator,"Typical first-two-years range $52,000 to $75,000. Not the Foodservice dietetic technician seat.",42000,52000,75000
51.3104,Dietitian Assistant,Health Professions,Clinic dietitian assistant,Member nutrition support specialist,"Typical first-two-years range $48,000 to $72,000. Not the Clinic dietitian assistant seat.",Clinical trial diet coordinator,"Typical first-two-years range $48,000 to $72,000. Not the Clinic dietitian assistant seat.",Health coaching operations associate,"Typical first-two-years range $48,000 to $72,000. Not the Clinic dietitian assistant seat.",40000,48000,72000
51.3199,"Dietetics and Clinical Nutrition Services, Other",Health Professions,Nutrition program assistant,Nutrition data analyst,"Typical first-two-years range $60,000 to $90,000. Not the Nutrition program assistant seat.",Supplement claims and regulatory analyst,"Typical first-two-years range $60,000 to $90,000. Not the Nutrition program assistant seat.",Corporate wellbeing nutrition lead,"Typical first-two-years range $60,000 to $90,000. Not the Nutrition program assistant seat.",45000,60000,90000
51.3201,Bioethics/Medical Ethics,Health Professions,Hospital ethics committee coordinator,Clinical AI ethics reviewer,"Typical first-two-years range $85,000 to $130,000. Not the Hospital ethics committee coordinator seat.",Research compliance and IRB analyst,"Typical first-two-years range $85,000 to $130,000. Not the Hospital ethics committee coordinator seat.",Health data governance lead,"Typical first-two-years range $85,000 to $130,000. Not the Hospital ethics committee coordinator seat.",65000,85000,130000
51.3202,Health Professions Education,Health Professions,Health school program coordinator,Clinical simulation designer,"Typical first-two-years range $72,000 to $110,000. Not the Health school program coordinator seat.",Digital competency assessment lead,"Typical first-two-years range $72,000 to $110,000. Not the Health school program coordinator seat.",Workforce learning analytics analyst,"Typical first-two-years range $72,000 to $110,000. Not the Health school program coordinator seat.",58000,72000,110000
51.3203,Nursing Education,Health Professions,Nursing school clinical instructor,Virtual clinical simulation lead,"Typical first-two-years range $90,000 to $125,000. Not the Nursing school clinical instructor seat.",Health system upskilling designer,"Typical first-two-years range $90,000 to $125,000. Not the Nursing school clinical instructor seat.",Nursing content lead at an education company,"Typical first-two-years range $90,000 to $125,000. Not the Nursing school clinical instructor seat.",82000,90000,125000
51.3204,Medical/Health Humanities,Health Professions,Academic program assistant,Patient experience content strategist,"Typical first-two-years range $65,000 to $100,000. Not the Academic program assistant seat.",Health misinformation analyst,"Typical first-two-years range $65,000 to $100,000. Not the Academic program assistant seat.",Narrative medicine program lead,"Typical first-two-years range $65,000 to $100,000. Not the Academic program assistant seat.",48000,65000,100000
51.3205,History of Medicine,Health Professions,Archive or museum assistant,Medical archive digitization lead,"Typical first-two-years range $65,000 to $100,000. Not the Archive or museum assistant seat.",Scientific integrity researcher,"Typical first-two-years range $65,000 to $100,000. Not the Archive or museum assistant seat.",Health policy briefing writer,"Typical first-two-years range $65,000 to $100,000. Not the Archive or museum assistant seat.",52000,65000,100000
51.3206,Arts in Medicine/Health,Health Professions,Hospital arts program coordinator,Patient experience design lead,"Typical first-two-years range $60,000 to $92,000. Not the Hospital arts program coordinator seat.",Healing environment consultant,"Typical first-two-years range $60,000 to $92,000. Not the Hospital arts program coordinator seat.",Arts and health grants manager,"Typical first-two-years range $60,000 to $92,000. Not the Hospital arts program coordinator seat.",50000,60000,92000
51.3299,"Health Professions Education, Ethics, and Humanities, Other",Health Professions,Curriculum assistant,Continuing education program manager,"Typical first-two-years range $65,000 to $100,000. Not the Curriculum assistant seat.",Credentialing platform analyst,"Typical first-two-years range $65,000 to $100,000. Not the Curriculum assistant seat.",Clinical content operations lead,"Typical first-two-years range $65,000 to $100,000. Not the Curriculum assistant seat.",50000,65000,100000
51.3300,"Alternative and Complementary Medicine and Medical Systems, General",Health Professions,Integrative clinic practitioner,Health system integrative care coordinator,"Typical first-two-years range $62,000 to $95,000. Not the Integrative clinic practitioner seat.",Wellness benefit network manager,"Typical first-two-years range $62,000 to $95,000. Not the Integrative clinic practitioner seat.",Clinical content reviewer for wellness platforms,"Typical first-two-years range $62,000 to $95,000. Not the Integrative clinic practitioner seat.",55000,62000,95000
51.3301,Acupuncture and Oriental Medicine,Health Professions,Private acupuncture practice,Insurance-covered pain program clinician,"Typical first-two-years range $65,000 to $100,000. Not the Private acupuncture practice seat.",VA and hospital integrative pain specialist,"Typical first-two-years range $65,000 to $100,000. Not the Private acupuncture practice seat.",Employer wellbeing clinical partner,"Typical first-two-years range $65,000 to $100,000. Not the Private acupuncture practice seat.",60000,65000,100000
51.3302,Traditional Chinese Medicine and Chinese Herbology,Health Professions,Herbal dispensary practitioner,Botanical formulation consultant,"Typical first-two-years range $62,000 to $95,000. Not the Herbal dispensary practitioner seat.",Supplement quality and claims analyst,"Typical first-two-years range $62,000 to $95,000. Not the Herbal dispensary practitioner seat.",Integrative oncology support clinician,"Typical first-two-years range $62,000 to $95,000. Not the Herbal dispensary practitioner seat.",55000,62000,95000
51.3303,Naturopathic Medicine/Naturopathy,Health Professions,Naturopathic private practice,Longevity clinic clinician,"Typical first-two-years range $80,000 to $125,000. Not the Naturopathic private practice seat.",Telehealth chronic care naturopath,"Typical first-two-years range $80,000 to $125,000. Not the Naturopathic private practice seat.",Clinical advisor at a supplement brand,"Typical first-two-years range $80,000 to $125,000. Not the Naturopathic private practice seat.",75000,80000,125000
51.3304,Homeopathic Medicine/Homeopathy,Health Professions,Homeopathy private practice,Wellness product compliance specialist,"Typical first-two-years range $55,000 to $85,000. Not the Homeopathy private practice seat.",Health coaching program lead,"Typical first-two-years range $55,000 to $85,000. Not the Homeopathy private practice seat.",Consumer health content reviewer,"Typical first-two-years range $55,000 to $85,000. Not the Homeopathy private practice seat.",48000,55000,85000
51.3305,Ayurvedic Medicine/Ayurveda,Health Professions,Ayurveda practitioner,Integrative wellness program designer,"Typical first-two-years range $58,000 to $90,000. Not the Ayurveda practitioner seat.",Hospitality wellbeing lead,"Typical first-two-years range $58,000 to $90,000. Not the Ayurveda practitioner seat.",Herbal product formulation advisor,"Typical first-two-years range $58,000 to $90,000. Not the Ayurveda practitioner seat.",50000,58000,90000
51.3306,Holistic/Integrative Health,Health Professions,Wellness center practitioner,Employer wellbeing program manager,"Typical first-two-years range $62,000 to $95,000. Not the Wellness center practitioner seat.",Digital wellbeing coaching lead,"Typical first-two-years range $62,000 to $95,000. Not the Wellness center practitioner seat.",Integrative care navigator,"Typical first-two-years range $62,000 to $95,000. Not the Wellness center practitioner seat.",50000,62000,95000
51.3399,"Alternative and Complementary Medicine and Medical Systems, Other",Health Professions,Integrative clinic assistant,Wellness platform operations lead,"Typical first-two-years range $58,000 to $88,000. Not the Integrative clinic assistant seat.",Practitioner network manager,"Typical first-two-years range $58,000 to $88,000. Not the Integrative clinic assistant seat.",Clinical quality reviewer,"Typical first-two-years range $58,000 to $88,000. Not the Integrative clinic assistant seat.",45000,58000,88000
51.3401,Direct Entry Midwifery,Health Professions,Home birth midwife,Birth center clinical lead,"Typical first-two-years range $70,000 to $110,000. Not the Home birth midwife seat.",Maternal telehealth clinician,"Typical first-two-years range $70,000 to $110,000. Not the Home birth midwife seat.",Midwife network operations lead,"Typical first-two-years range $70,000 to $110,000. Not the Home birth midwife seat.",62000,70000,110000
51.3499,"Alternative and Complementary Medical Support Services, Other",Health Professions,Clinic support practitioner,Care navigation specialist,"Typical first-two-years range $55,000 to $82,000. Not the Clinic support practitioner seat.",Practitioner credentialing coordinator,"Typical first-two-years range $55,000 to $82,000. Not the Clinic support practitioner seat.",Community birth program coordinator,"Typical first-two-years range $55,000 to $82,000. Not the Clinic support practitioner seat.",42000,55000,82000
51.3501,Massage Therapy/Therapeutic Massage,Health Professions,Spa or clinic massage therapist,Clinical MSK therapist in a PT practice,"Typical first-two-years range $60,000 to $95,000. Not the Spa or clinic massage therapist seat.",Sports recovery therapist,"Typical first-two-years range $60,000 to $95,000. Not the Spa or clinic massage therapist seat.",Covered pain program provider,"Typical first-two-years range $60,000 to $95,000. Not the Spa or clinic massage therapist seat.",55000,60000,95000
51.3502,Asian Bodywork Therapy,Health Professions,Bodywork private practice,Integrative pain clinic practitioner,"Typical first-two-years range $58,000 to $88,000. Not the Bodywork private practice seat.",Onsite corporate wellbeing therapist,"Typical first-two-years range $58,000 to $88,000. Not the Bodywork private practice seat.",Recovery studio program lead,"Typical first-two-years range $58,000 to $88,000. Not the Bodywork private practice seat.",50000,58000,88000
51.3503,Somatic Bodywork,Health Professions,Somatic private practice,Trauma-informed somatic clinician,"Typical first-two-years range $60,000 to $95,000. Not the Somatic private practice seat.",Somatic content lead for mental health apps,"Typical first-two-years range $60,000 to $95,000. Not the Somatic private practice seat.",Recovery program designer,"Typical first-two-years range $60,000 to $95,000. Not the Somatic private practice seat.",52000,60000,95000
51.3599,"Somatic Bodywork and Related Therapeutic Services, Other",Health Professions,Bodywork practitioner,Recovery studio manager,"Typical first-two-years range $55,000 to $85,000. Not the Bodywork practitioner seat.",Wellbeing benefit vendor lead,"Typical first-two-years range $55,000 to $85,000. Not the Bodywork practitioner seat.",Practitioner training designer,"Typical first-two-years range $55,000 to $85,000. Not the Bodywork practitioner seat.",48000,55000,85000
51.3601,Movement Therapy and Movement Education,Health Professions,Studio movement educator,Clinical movement specialist in MSK care,"Typical first-two-years range $58,000 to $92,000. Not the Studio movement educator seat.",Workplace ergonomics coach,"Typical first-two-years range $58,000 to $92,000. Not the Studio movement educator seat.",Movement program designer for digital health,"Typical first-two-years range $58,000 to $92,000. Not the Studio movement educator seat.",48000,58000,92000
51.3602,Yoga Teacher Training/Yoga Therapy,Health Professions,Studio yoga instructor,Clinical yoga therapist in pain or oncology care,"Typical first-two-years range $55,000 to $90,000. Not the Studio yoga instructor seat.",Corporate wellbeing program lead,"Typical first-two-years range $55,000 to $90,000. Not the Studio yoga instructor seat.",Fitness platform program designer,"Typical first-two-years range $55,000 to $90,000. Not the Studio yoga instructor seat.",45000,55000,90000
51.3603,Hypnotherapy/Hypnotherapist,Health Professions,Private hypnotherapy practice,Behavioral health adjunct clinician,"Typical first-two-years range $58,000 to $90,000. Not the Private hypnotherapy practice seat.",Habit change program lead,"Typical first-two-years range $58,000 to $90,000. Not the Private hypnotherapy practice seat.",Clinical content designer for behavior apps,"Typical first-two-years range $58,000 to $90,000. Not the Private hypnotherapy practice seat.",50000,58000,90000
51.3701,Aromatherapy,Health Professions,Retail or spa aromatherapist,Product formulation and claims specialist,"Typical first-two-years range $52,000 to $85,000. Not the Retail or spa aromatherapist seat.",Hospice comfort care program lead,"Typical first-two-years range $52,000 to $85,000. Not the Retail or spa aromatherapist seat.",Fragrance ingredient regulatory analyst,"Typical first-two-years range $52,000 to $85,000. Not the Retail or spa aromatherapist seat.",40000,52000,85000
51.3702,Herbalism/Herbalist,Health Professions,Herbal shop practitioner,Botanical sourcing and quality analyst,"Typical first-two-years range $55,000 to $90,000. Not the Herbal shop practitioner seat.",Supplement product development associate,"Typical first-two-years range $55,000 to $90,000. Not the Herbal shop practitioner seat.",Label compliance specialist,"Typical first-two-years range $55,000 to $90,000. Not the Herbal shop practitioner seat.",42000,55000,90000
51.3703,Polarity Therapy,Health Professions,Private polarity practice,Integrative care program coordinator,"Typical first-two-years range $52,000 to $82,000. Not the Private polarity practice seat.",Practitioner network lead,"Typical first-two-years range $52,000 to $82,000. Not the Private polarity practice seat.",Practitioner education designer,"Typical first-two-years range $52,000 to $82,000. Not the Private polarity practice seat.",45000,52000,82000
51.3704,Reiki,Health Professions,Independent reiki practitioner,Hospital integrative volunteer program manager,"Typical first-two-years range $48,000 to $78,000. Not the Independent reiki practitioner seat.",Hospice comfort care coordinator,"Typical first-two-years range $48,000 to $78,000. Not the Independent reiki practitioner seat.",Wellbeing vendor account lead,"Typical first-two-years range $48,000 to $78,000. Not the Independent reiki practitioner seat.",38000,48000,78000
51.3799,"Energy and Biologically Based Therapies, Other",Health Professions,Independent practitioner,Integrative program coordinator,"Typical first-two-years range $50,000 to $80,000. Not the Independent practitioner seat.",Practitioner operations associate,"Typical first-two-years range $50,000 to $80,000. Not the Independent practitioner seat.",Community wellbeing program lead,"Typical first-two-years range $50,000 to $80,000. Not the Independent practitioner seat.",40000,50000,80000
51.3801,Registered Nursing/Registered Nurse,Health Professions,Hospital staff nurse,Clinical informatics nurse,"Typical first-two-years range $85,000 to $125,000. Not the Hospital staff nurse seat.",Remote utilization review nurse,"Typical first-two-years range $85,000 to $125,000. Not the Hospital staff nurse seat.",Clinical trial research nurse,"Typical first-two-years range $85,000 to $125,000. Not the Hospital staff nurse seat.",94000,85000,125000
51.3802,Nursing Administration,Health Professions,Hospital nurse manager,Workforce and staffing analytics lead,"Typical first-two-years range $115,000 to $160,000. Not the Hospital nurse manager seat.",Virtual care operations director,"Typical first-two-years range $115,000 to $160,000. Not the Hospital nurse manager seat.",Clinical AI deployment lead,"Typical first-two-years range $115,000 to $160,000. Not the Hospital nurse manager seat.",110000,115000,160000
51.3803,Adult Health Nurse/Nursing,Health Professions,Medical-surgical staff nurse,Chronic care virtual nurse,"Typical first-two-years range $88,000 to $125,000. Not the Medical-surgical staff nurse seat.",Payer care management nurse,"Typical first-two-years range $88,000 to $125,000. Not the Medical-surgical staff nurse seat.",Ambulatory complex care lead,"Typical first-two-years range $88,000 to $125,000. Not the Medical-surgical staff nurse seat.",92000,88000,125000
51.3804,Nurse Anesthetist,Health Professions,Hospital nurse anesthetist,Ambulatory surgery center CRNA,"Typical first-two-years range $200,000 to $260,000. Not the Hospital nurse anesthetist seat.",Locum and travel CRNA,"Typical first-two-years range $200,000 to $260,000. Not the Hospital nurse anesthetist seat.",Anesthesia group operations lead,"Typical first-two-years range $200,000 to $260,000. Not the Hospital nurse anesthetist seat.",214000,200000,260000
51.3805,Family Practice Nurse/Nursing,Health Professions,Primary care nurse practitioner,Telehealth primary care NP,"Typical first-two-years range $125,000 to $165,000. Not the Primary care nurse practitioner seat.",Employer and retail clinic NP,"Typical first-two-years range $125,000 to $165,000. Not the Primary care nurse practitioner seat.",Value-based care panel lead,"Typical first-two-years range $125,000 to $165,000. Not the Primary care nurse practitioner seat.",129000,125000,165000
51.3806,Maternal/Child Health and Neonatal Nurse/Nursing,Health Professions,Hospital NICU nurse,Maternal virtual care nurse,"Typical first-two-years range $95,000 to $135,000. Not the Hospital NICU nurse seat.",Lactation and postpartum program lead,"Typical first-two-years range $95,000 to $135,000. Not the Hospital NICU nurse seat.",Perinatal quality analyst,"Typical first-two-years range $95,000 to $135,000. Not the Hospital NICU nurse seat.",100000,95000,135000
51.3807,Nurse Midwife/Nursing Midwifery,Health Professions,Hospital nurse midwife,Birth center clinical director,"Typical first-two-years range $130,000 to $170,000. Not the Hospital nurse midwife seat.",Virtual maternity care midwife,"Typical first-two-years range $130,000 to $170,000. Not the Hospital nurse midwife seat.",Maternal health startup clinical lead,"Typical first-two-years range $130,000 to $170,000. Not the Hospital nurse midwife seat.",132000,130000,170000
51.3808,Nursing Science,Health Professions,Academic nurse researcher,Clinical outcomes data scientist,"Typical first-two-years range $100,000 to $145,000. Not the Academic nurse researcher seat.",Research operations lead,"Typical first-two-years range $100,000 to $145,000. Not the Academic nurse researcher seat.",Evidence lead at a digital health company,"Typical first-two-years range $100,000 to $145,000. Not the Academic nurse researcher seat.",92000,100000,145000
51.3809,Pediatric Nurse/Nursing,Health Professions,Children's hospital nurse,Pediatric virtual care nurse,"Typical first-two-years range $88,000 to $125,000. Not the Children's hospital nurse seat.",School health program lead,"Typical first-two-years range $88,000 to $125,000. Not the Children's hospital nurse seat.",Pediatric device clinical specialist,"Typical first-two-years range $88,000 to $125,000. Not the Children's hospital nurse seat.",92000,88000,125000
51.3810,Psychiatric/Mental Health Nurse/Nursing,Health Professions,Inpatient psychiatric nurse,Telepsychiatry nurse practitioner,"Typical first-two-years range $120,000 to $175,000. Not the Inpatient psychiatric nurse seat.",Employer behavioral health clinical lead,"Typical first-two-years range $120,000 to $175,000. Not the Inpatient psychiatric nurse seat.",Crisis response program clinician,"Typical first-two-years range $120,000 to $175,000. Not the Inpatient psychiatric nurse seat.",100000,120000,175000
51.3811,Public Health/Community Nurse/Nursing,Health Professions,Public health department nurse,Community value-based care nurse,"Typical first-two-years range $82,000 to $120,000. Not the Public health department nurse seat.",Population health program manager,"Typical first-two-years range $82,000 to $120,000. Not the Public health department nurse seat.",Home-based care clinical lead,"Typical first-two-years range $82,000 to $120,000. Not the Public health department nurse seat.",80000,82000,120000
51.3812,Perioperative/Operating Room and Surgical Nurse/Nursing,Health Professions,Operating room circulating nurse,Ambulatory surgery center clinical lead,"Typical first-two-years range $98,000 to $140,000. Not the Operating room circulating nurse seat.",Surgical device clinical specialist,"Typical first-two-years range $98,000 to $140,000. Not the Operating room circulating nurse seat.",Operating room throughput analyst,"Typical first-two-years range $98,000 to $140,000. Not the Operating room circulating nurse seat.",100000,98000,140000
51.3813,Clinical Nurse Specialist,Health Professions,Hospital clinical nurse specialist,Payer clinical program design lead,"Typical first-two-years range $118,000 to $160,000. Not the Hospital clinical nurse specialist seat.",Quality and safety AI reviewer,"Typical first-two-years range $118,000 to $160,000. Not the Hospital clinical nurse specialist seat.",Virtual specialty program lead,"Typical first-two-years range $118,000 to $160,000. Not the Hospital clinical nurse specialist seat.",118000,118000,160000
51.3814,Critical Care Nursing,Health Professions,Intensive care staff nurse,Tele-ICU nurse,"Typical first-two-years range $98,000 to $140,000. Not the Intensive care staff nurse seat.",Transport and rapid response lead,"Typical first-two-years range $98,000 to $140,000. Not the Intensive care staff nurse seat.",Critical care device clinical specialist,"Typical first-two-years range $98,000 to $140,000. Not the Intensive care staff nurse seat.",100000,98000,140000
51.3815,Occupational and Environmental Health Nursing,Health Professions,Corporate occupational health nurse,Workforce health analytics lead,"Typical first-two-years range $95,000 to $135,000. Not the Corporate occupational health nurse seat.",Warehouse and robotics safety clinical lead,"Typical first-two-years range $95,000 to $135,000. Not the Corporate occupational health nurse seat.",Employer clinic program manager,"Typical first-two-years range $95,000 to $135,000. Not the Corporate occupational health nurse seat.",92000,95000,135000
51.3816,Emergency Room/Trauma Nursing,Health Professions,Emergency department staff nurse,Virtual triage and nurse line clinician,"Typical first-two-years range $95,000 to $135,000. Not the Emergency department staff nurse seat.",Mobile integrated health lead,"Typical first-two-years range $95,000 to $135,000. Not the Emergency department staff nurse seat.",Emergency flow operations analyst,"Typical first-two-years range $95,000 to $135,000. Not the Emergency department staff nurse seat.",98000,95000,135000
51.3818,Nursing Practice,Health Professions,Advanced practice clinician,Virtual specialty care advanced practitioner,"Typical first-two-years range $130,000 to $175,000. Not the Advanced practice clinician seat.",Clinical product lead at a health startup,"Typical first-two-years range $130,000 to $175,000. Not the Advanced practice clinician seat.",Medical group value-based care lead,"Typical first-two-years range $130,000 to $175,000. Not the Advanced practice clinician seat.",125000,130000,175000
51.3819,Palliative Care Nursing,Health Professions,Hospice nurse,Home-based palliative care lead,"Typical first-two-years range $90,000 to $125,000. Not the Hospice nurse seat.",Serious illness virtual clinician,"Typical first-two-years range $90,000 to $125,000. Not the Hospice nurse seat.",Palliative quality analyst,"Typical first-two-years range $90,000 to $125,000. Not the Hospice nurse seat.",88000,90000,125000
51.3820,Clinical Nurse Leader,Health Professions,Unit clinical nurse leader,Care model design lead,"Typical first-two-years range $105,000 to $150,000. Not the Unit clinical nurse leader seat.",Clinical AI adoption lead,"Typical first-two-years range $105,000 to $150,000. Not the Unit clinical nurse leader seat.",Quality program director,"Typical first-two-years range $105,000 to $150,000. Not the Unit clinical nurse leader seat.",105000,105000,150000
51.3821,Geriatric Nurse/Nursing,Health Professions,Long-term care nurse,In-home Medicare Advantage assessment clinician,"Typical first-two-years range $88,000 to $125,000. Not the Long-term care nurse seat.",Dementia care program lead,"Typical first-two-years range $88,000 to $125,000. Not the Long-term care nurse seat.",Senior housing clinical operations lead,"Typical first-two-years range $88,000 to $125,000. Not the Long-term care nurse seat.",85000,88000,125000
51.3822,Women's Health Nurse/Nursing,Health Professions,Clinic women's health nurse practitioner,Virtual women's health clinician,"Typical first-two-years range $120,000 to $160,000. Not the Clinic women's health nurse practitioner seat.",Menopause and fertility program lead,"Typical first-two-years range $120,000 to $160,000. Not the Clinic women's health nurse practitioner seat.",Femtech clinical product lead,"Typical first-two-years range $120,000 to $160,000. Not the Clinic women's health nurse practitioner seat.",118000,120000,160000
51.3824,Forensic Nursing,Health Professions,Hospital forensic examiner nurse,Legal nurse consultant,"Typical first-two-years range $95,000 to $140,000. Not the Hospital forensic examiner nurse seat.",Medicolegal investigation lead,"Typical first-two-years range $95,000 to $140,000. Not the Hospital forensic examiner nurse seat.",Trauma-informed systems program designer,"Typical first-two-years range $95,000 to $140,000. Not the Hospital forensic examiner nurse seat.",92000,95000,140000
51.3899,"Registered Nursing, Nursing Administration, Nursing Research and Clinical Nursing, Other",Health Professions,Staff nurse,Nurse informaticist,"Typical first-two-years range $88,000 to $130,000. Not the Staff nurse seat.",Payer care management nurse,"Typical first-two-years range $88,000 to $130,000. Not the Staff nurse seat.",Clinical operations analyst,"Typical first-two-years range $88,000 to $130,000. Not the Staff nurse seat.",92000,88000,130000
51.3901,Licensed Practical/Vocational Nurse Training,Health Professions,Long-term care practical nurse,Remote care coordination nurse,"Typical first-two-years range $62,000 to $85,000. Not the Long-term care practical nurse seat.",Home infusion nurse,"Typical first-two-years range $62,000 to $85,000. Not the Long-term care practical nurse seat.",Clinical triage support specialist,"Typical first-two-years range $62,000 to $85,000. Not the Long-term care practical nurse seat.",62000,62000,85000
51.3902,Nursing Assistant/Aide and Patient Care Assistant/Aide,Health Professions,Hospital or nursing home aide,Remote patient monitoring aide,"Typical first-two-years range $48,000 to $70,000. Not the Hospital or nursing home aide seat.",In-home assessment assistant,"Typical first-two-years range $48,000 to $70,000. Not the Hospital or nursing home aide seat.",Care navigation associate,"Typical first-two-years range $48,000 to $70,000. Not the Hospital or nursing home aide seat.",42000,48000,70000
51.3999,"Practical Nursing, Vocational Nursing and Nursing Assistants, Other",Health Professions,Clinic nursing support,Clinical operations associate,"Typical first-two-years range $52,000 to $78,000. Not the Clinic nursing support seat.",Patient access and triage coordinator,"Typical first-two-years range $52,000 to $78,000. Not the Clinic nursing support seat.",Home care team lead,"Typical first-two-years range $52,000 to $78,000. Not the Clinic nursing support seat.",45000,52000,78000
52.0101,"Business/Commerce, General",Business,Management trainee,Revenue operations analyst,"Typical first-two-years range $75,000 to $110,000. Not the Management trainee seat.",Business systems analyst,"Typical first-two-years range $75,000 to $110,000. Not the Management trainee seat.",Marketplace operations associate,"Typical first-two-years range $75,000 to $110,000. Not the Management trainee seat.",60000,75000,110000
52.0201,"Business Administration and Management, General",Business,Management trainee,GTM systems administrator,"Typical first-two-years range $78,000 to $140,000. Not the Management trainee seat.",Forward deployed operations associate,"Typical first-two-years range $78,000 to $140,000. Not the Management trainee seat.",Supply chain planning analyst,"Typical first-two-years range $78,000 to $140,000. Not the Management trainee seat.",62000,78000,140000
52.0202,"Purchasing, Procurement/Acquisitions and Contracts Management",Business,Buyer or purchasing agent,Source-to-pay automation analyst,"Typical first-two-years range $85,000 to $125,000. Not the Buyer or purchasing agent seat.",SaaS and AI vendor spend manager,"Typical first-two-years range $85,000 to $125,000. Not the Buyer or purchasing agent seat.",Contract lifecycle management analyst,"Typical first-two-years range $85,000 to $125,000. Not the Buyer or purchasing agent seat.",68000,85000,125000
52.0203,"Logistics, Materials, and Supply Chain Management",Business,Logistics coordinator,Supply network data analyst,"Typical first-two-years range $80,000 to $120,000. Not the Logistics coordinator seat.",Warehouse automation program lead,"Typical first-two-years range $80,000 to $120,000. Not the Logistics coordinator seat.",Trade and tariff compliance analyst,"Typical first-two-years range $80,000 to $120,000. Not the Logistics coordinator seat.",58000,80000,120000
52.0204,Office Management and Supervision,Business,Office manager,Workplace experience operations lead,"Typical first-two-years range $75,000 to $115,000. Not the Office manager seat.",Business operations analyst,"Typical first-two-years range $75,000 to $115,000. Not the Office manager seat.",Executive operations associate,"Typical first-two-years range $75,000 to $115,000. Not the Office manager seat.",62000,75000,115000
52.0205,Operations Management and Supervision,Business,Operations supervisor,Process automation analyst,"Typical first-two-years range $82,000 to $125,000. Not the Operations supervisor seat.",AI deployment operations lead,"Typical first-two-years range $82,000 to $125,000. Not the Operations supervisor seat.",Capacity and throughput analyst,"Typical first-two-years range $82,000 to $125,000. Not the Operations supervisor seat.",68000,82000,125000
52.0206,Non-Profit/Public/Organizational Management,Business,Nonprofit program manager,Impact measurement analyst,"Typical first-two-years range $72,000 to $110,000. Not the Nonprofit program manager seat.",Grants automation and compliance lead,"Typical first-two-years range $72,000 to $110,000. Not the Nonprofit program manager seat.",Public sector delivery consultant,"Typical first-two-years range $72,000 to $110,000. Not the Nonprofit program manager seat.",62000,72000,110000
52.0207,Customer Service Management,Business,Call center supervisor,Support AI deployment and QA lead,"Typical first-two-years range $78,000 to $115,000. Not the Call center supervisor seat.",Customer experience data analyst,"Typical first-two-years range $78,000 to $115,000. Not the Call center supervisor seat.",Knowledge operations manager,"Typical first-two-years range $78,000 to $115,000. Not the Call center supervisor seat.",60000,78000,115000
52.0208,E-Commerce/Electronic Commerce,Business,Online store merchandiser,Retail media and marketplace ads analyst,"Typical first-two-years range $78,000 to $120,000. Not the Online store merchandiser seat.",Lifecycle and conversion growth analyst,"Typical first-two-years range $78,000 to $120,000. Not the Online store merchandiser seat.",Commerce platform migration specialist,"Typical first-two-years range $78,000 to $120,000. Not the Online store merchandiser seat.",58000,78000,120000
52.0209,Transportation/Mobility Management,Business,Fleet or transit operations coordinator,Autonomous fleet operations analyst,"Typical first-two-years range $80,000 to $120,000. Not the Fleet or transit operations coordinator seat.",EV charging network operations lead,"Typical first-two-years range $80,000 to $120,000. Not the Fleet or transit operations coordinator seat.",Mobility demand analyst,"Typical first-two-years range $80,000 to $120,000. Not the Fleet or transit operations coordinator seat.",62000,80000,120000
52.0210,Research and Development Management,Business,Research program coordinator,Technical program manager,"Typical first-two-years range $95,000 to $140,000. Not the Research program coordinator seat.",Research operations and lab automation lead,"Typical first-two-years range $95,000 to $140,000. Not the Research program coordinator seat.",Innovation portfolio analyst,"Typical first-two-years range $95,000 to $140,000. Not the Research program coordinator seat.",72000,95000,140000
52.0211,Project Management,Business,Project management office coordinator,Technical program manager for AI rollouts,"Typical first-two-years range $90,000 to $140,000. Not the Project management office coordinator seat.",Delivery lead at an implementation partner,"Typical first-two-years range $90,000 to $140,000. Not the Project management office coordinator seat.",Portfolio analytics lead,"Typical first-two-years range $90,000 to $140,000. Not the Project management office coordinator seat.",68000,90000,140000
52.0212,Retail Management,Business,Store manager,Retail media account manager,"Typical first-two-years range $72,000 to $110,000. Not the Store manager seat.",Store operations data analyst,"Typical first-two-years range $72,000 to $110,000. Not the Store manager seat.",Omnichannel fulfillment program lead,"Typical first-two-years range $72,000 to $110,000. Not the Store manager seat.",58000,72000,110000
52.0213,Organizational Leadership,Business,Team lead or HR generalist,Change enablement lead for AI adoption,"Typical first-two-years range $80,000 to $120,000. Not the Team lead or HR generalist seat.",People analytics analyst,"Typical first-two-years range $80,000 to $120,000. Not the Team lead or HR generalist seat.",Internal enablement manager,"Typical first-two-years range $80,000 to $120,000. Not the Team lead or HR generalist seat.",62000,80000,120000
52.0214,Research Administration,Business,University grants administrator,Research security and compliance analyst,"Typical first-two-years range $82,000 to $120,000. Not the University grants administrator seat.",Clinical trial budget lead,"Typical first-two-years range $82,000 to $120,000. Not the University grants administrator seat.",Research data governance manager,"Typical first-two-years range $82,000 to $120,000. Not the University grants administrator seat.",68000,82000,120000
52.0215,Risk Management,Business,Corporate risk analyst,AI and model risk analyst,"Typical first-two-years range $95,000 to $140,000. Not the Corporate risk analyst seat.",Third-party risk lead,"Typical first-two-years range $95,000 to $140,000. Not the Corporate risk analyst seat.",Operational resilience analyst,"Typical first-two-years range $95,000 to $140,000. Not the Corporate risk analyst seat.",78000,95000,140000
52.0216,Science/Technology Management,Business,Technical operations coordinator,Hardware program manager,"Typical first-two-years range $95,000 to $145,000. Not the Technical operations coordinator seat.",Technical partnerships manager,"Typical first-two-years range $95,000 to $145,000. Not the Technical operations coordinator seat.",Deep tech commercialization analyst,"Typical first-two-years range $95,000 to $145,000. Not the Technical operations coordinator seat.",72000,95000,145000
52.0301,Accounting,Business,Audit associate,Revenue operations analyst,"Typical first-two-years range $80,000 to $120,000. Not the Audit associate seat.",Controls automation analyst,"Typical first-two-years range $80,000 to $120,000. Not the Audit associate seat.",Digital asset accounting analyst,"Typical first-two-years range $80,000 to $120,000. Not the Audit associate seat.",68000,80000,120000
52.0302,Accounting Technology/Technician and Bookkeeping,Business,Bookkeeper,Accounting automation specialist,"Typical first-two-years range $62,000 to $95,000. Not the Bookkeeper seat.",Outsourced controller associate,"Typical first-two-years range $62,000 to $95,000. Not the Bookkeeper seat.",Payments reconciliation analyst,"Typical first-two-years range $62,000 to $95,000. Not the Bookkeeper seat.",48000,62000,95000
52.0303,Auditing,Business,External audit associate,IT and AI controls auditor,"Typical first-two-years range $85,000 to $125,000. Not the External audit associate seat.",ESG assurance associate,"Typical first-two-years range $85,000 to $125,000. Not the External audit associate seat.",Continuous audit data analyst,"Typical first-two-years range $85,000 to $125,000. Not the External audit associate seat.",68000,85000,125000
52.0304,Accounting and Finance,Business,Financial analyst,FP&A systems and modeling analyst,"Typical first-two-years range $85,000 to $130,000. Not the Financial analyst seat.",Fintech treasury analyst,"Typical first-two-years range $85,000 to $130,000. Not the Financial analyst seat.",Deal and diligence analyst,"Typical first-two-years range $85,000 to $130,000. Not the Financial analyst seat.",72000,85000,130000
52.0305,Accounting and Business/Management,Business,Staff accountant,Business finance operations analyst,"Typical first-two-years range $78,000 to $115,000. Not the Staff accountant seat.",Order-to-cash automation lead,"Typical first-two-years range $78,000 to $115,000. Not the Staff accountant seat.",Finance data analyst,"Typical first-two-years range $78,000 to $115,000. Not the Staff accountant seat.",65000,78000,115000
52.0401,"Administrative Assistant and Secretarial Science, General",Business,Administrative assistant,Executive operations associate,"Typical first-two-years range $58,000 to $90,000. Not the Administrative assistant seat.",Workflow automation coordinator,"Typical first-two-years range $58,000 to $90,000. Not the Administrative assistant seat.",CRM operations associate,"Typical first-two-years range $58,000 to $90,000. Not the Administrative assistant seat.",48000,58000,90000
52.0402,Executive Assistant/Executive Secretary,Business,Executive assistant,Chief of staff associate,"Typical first-two-years range $85,000 to $135,000. Not the Executive assistant seat.",Business operations program lead,"Typical first-two-years range $85,000 to $135,000. Not the Executive assistant seat.",Founder operations partner,"Typical first-two-years range $85,000 to $135,000. Not the Executive assistant seat.",68000,85000,135000
52.0406,Receptionist,Business,Front desk receptionist,Workplace experience coordinator,"Typical first-two-years range $48,000 to $72,000. Not the Front desk receptionist seat.",Patient or client access coordinator,"Typical first-two-years range $48,000 to $72,000. Not the Front desk receptionist seat.",Customer operations associate,"Typical first-two-years range $48,000 to $72,000. Not the Front desk receptionist seat.",38000,48000,72000
52.0407,Business/Office Automation/Technology/Data Entry,Business,Data entry clerk,No-code automation builder,"Typical first-two-years range $55,000 to $88,000. Not the Data entry clerk seat.",Data quality operations analyst,"Typical first-two-years range $55,000 to $88,000. Not the Data entry clerk seat.",AI training data operations associate,"Typical first-two-years range $55,000 to $88,000. Not the Data entry clerk seat.",40000,55000,88000
52.0408,General Office Occupations and Clerical Services,Business,Office clerk,Operations coordinator,"Typical first-two-years range $52,000 to $80,000. Not the Office clerk seat.",Records automation analyst,"Typical first-two-years range $52,000 to $80,000. Not the Office clerk seat.",Billing and claims operations associate,"Typical first-two-years range $52,000 to $80,000. Not the Office clerk seat.",40000,52000,80000
52.0409,"Parts, Warehousing, and Inventory Management Operations",Business,Inventory clerk,Warehouse automation operations lead,"Typical first-two-years range $58,000 to $90,000. Not the Inventory clerk seat.",Inventory and demand analyst,"Typical first-two-years range $58,000 to $90,000. Not the Inventory clerk seat.",Reverse logistics coordinator,"Typical first-two-years range $58,000 to $90,000. Not the Inventory clerk seat.",44000,58000,90000
52.0410,"Traffic, Customs, and Transportation Clerk/Technician",Business,Customs clerk,Trade and tariff compliance analyst,"Typical first-two-years range $65,000 to $100,000. Not the Customs clerk seat.",Freight rate and data analyst,"Typical first-two-years range $65,000 to $100,000. Not the Customs clerk seat.",Cross-border ecommerce operations lead,"Typical first-two-years range $65,000 to $100,000. Not the Customs clerk seat.",48000,65000,100000
52.0411,Customer Service Support/Call Center/Teleservice Operation,Business,Call center agent,AI support agent trainer and reviewer,"Typical first-two-years range $55,000 to $88,000. Not the Call center agent seat.",Escalations and trust operations specialist,"Typical first-two-years range $55,000 to $88,000. Not the Call center agent seat.",Knowledge base data analyst,"Typical first-two-years range $55,000 to $88,000. Not the Call center agent seat.",40000,55000,88000
52.0499,"Business Operations Support and Secretarial Services, Other",Business,Operations clerk,Business operations associate,"Typical first-two-years range $55,000 to $88,000. Not the Operations clerk seat.",Process automation analyst,"Typical first-two-years range $55,000 to $88,000. Not the Operations clerk seat.",Vendor operations coordinator,"Typical first-two-years range $55,000 to $88,000. Not the Operations clerk seat.",44000,55000,88000
52.0501,"Business/Corporate Communications, General",Business,Corporate communications assistant,Change communications lead,"Typical first-two-years range $75,000 to $115,000. Not the Corporate communications assistant seat.",Executive content lead,"Typical first-two-years range $75,000 to $115,000. Not the Corporate communications assistant seat.",Issues monitoring analyst,"Typical first-two-years range $75,000 to $115,000. Not the Corporate communications assistant seat.",55000,75000,115000
52.0502,Grantsmanship,Business,Grant writer,Grants data and compliance analyst,"Typical first-two-years range $72,000 to $110,000. Not the Grant writer seat.",Public incentives consultant,"Typical first-two-years range $72,000 to $110,000. Not the Grant writer seat.",Research development strategist,"Typical first-two-years range $72,000 to $110,000. Not the Grant writer seat.",60000,72000,110000
52.0599,"Business/Corporate Communications, Other",Business,Communications coordinator,Content operations manager,"Typical first-two-years range $68,000 to $105,000. Not the Communications coordinator seat.",AI search visibility analyst,"Typical first-two-years range $68,000 to $105,000. Not the Communications coordinator seat.",Employee experience communications lead,"Typical first-two-years range $68,000 to $105,000. Not the Communications coordinator seat.",52000,68000,105000
52.0601,Business/Managerial Economics,Business,Corporate economic analyst,Pricing and monetization analyst,"Typical first-two-years range $90,000 to $130,000. Not the Corporate economic analyst seat.",Marketplace incentives analyst,"Typical first-two-years range $90,000 to $130,000. Not the Corporate economic analyst seat.",Demand forecasting analyst,"Typical first-two-years range $90,000 to $130,000. Not the Corporate economic analyst seat.",72000,90000,130000
52.0701,Entrepreneurship/Entrepreneurial Studies,Business,Family or small business operator,Founder associate at an early stage startup,"Typical first-two-years range $75,000 to $125,000. Not the Family or small business operator seat.",Search fund and acquisition analyst,"Typical first-two-years range $75,000 to $125,000. Not the Family or small business operator seat.",Venture platform lead,"Typical first-two-years range $75,000 to $125,000. Not the Family or small business operator seat.",55000,75000,125000
52.0702,Franchising and Franchise Operations,Business,Franchise operations manager,Multi-unit acquisition operator,"Typical first-two-years range $78,000 to $115,000. Not the Franchise operations manager seat.",Franchise development analytics lead,"Typical first-two-years range $78,000 to $115,000. Not the Franchise operations manager seat.",Field technology rollout manager,"Typical first-two-years range $78,000 to $115,000. Not the Franchise operations manager seat.",65000,78000,115000
52.0703,Small Business Administration/Management,Business,Small business manager,SMB fintech onboarding lead,"Typical first-two-years range $70,000 to $110,000. Not the Small business manager seat.",Fractional operations manager,"Typical first-two-years range $70,000 to $110,000. Not the Small business manager seat.",Local services rollup operator,"Typical first-two-years range $70,000 to $110,000. Not the Small business manager seat.",55000,70000,110000
52.0704,Social Entrepreneurship,Business,Nonprofit program lead,Impact fund operations analyst,"Typical first-two-years range $72,000 to $115,000. Not the Nonprofit program lead seat.",Climate or health venture associate,"Typical first-two-years range $72,000 to $115,000. Not the Nonprofit program lead seat.",Blended finance program manager,"Typical first-two-years range $72,000 to $115,000. Not the Nonprofit program lead seat.",55000,72000,115000
52.0801,"Finance, General",Business,Bank analyst,Private credit and fund operations analyst,"Typical first-two-years range $90,000 to $135,000. Not the Bank analyst seat.",Fintech product and risk analyst,"Typical first-two-years range $90,000 to $135,000. Not the Bank analyst seat.",Treasury and payments analyst,"Typical first-two-years range $90,000 to $135,000. Not the Bank analyst seat.",72000,90000,135000
52.0803,Banking and Financial Support Services,Business,Branch banking associate,Fraud and disputes analyst,"Typical first-two-years range $68,000 to $105,000. Not the Branch banking associate seat.",Banking as a service operations lead,"Typical first-two-years range $68,000 to $105,000. Not the Branch banking associate seat.",Compliance monitoring analyst,"Typical first-two-years range $68,000 to $105,000. Not the Branch banking associate seat.",48000,68000,105000
52.0804,Financial Planning and Services,Business,Advisory associate,RIA operations and technology lead,"Typical first-two-years range $80,000 to $125,000. Not the Advisory associate seat.",Equity compensation planning specialist,"Typical first-two-years range $80,000 to $125,000. Not the Advisory associate seat.",Digital advice platform analyst,"Typical first-two-years range $80,000 to $125,000. Not the Advisory associate seat.",62000,80000,125000
52.0806,International Finance,Business,Corporate treasury analyst,Cross-border payments analyst,"Typical first-two-years range $90,000 to $135,000. Not the Corporate treasury analyst seat.",FX and hedging operations lead,"Typical first-two-years range $90,000 to $135,000. Not the Corporate treasury analyst seat.",Global entity finance analyst,"Typical first-two-years range $90,000 to $135,000. Not the Corporate treasury analyst seat.",75000,90000,135000
52.0807,Investments and Securities,Business,Sell-side research associate,Private markets data analyst,"Typical first-two-years range $95,000 to $145,000. Not the Sell-side research associate seat.",Secondaries and liquidity analyst,"Typical first-two-years range $95,000 to $145,000. Not the Sell-side research associate seat.",Systematic research associate,"Typical first-two-years range $95,000 to $145,000. Not the Sell-side research associate seat.",85000,95000,145000
52.0808,Public Finance,Business,Municipal budget analyst,Infrastructure project finance analyst,"Typical first-two-years range $82,000 to $125,000. Not the Municipal budget analyst seat.",Tax credit and incentives analyst,"Typical first-two-years range $82,000 to $125,000. Not the Municipal budget analyst seat.",Government technology finance lead,"Typical first-two-years range $82,000 to $125,000. Not the Municipal budget analyst seat.",68000,82000,125000
52.0809,Credit Management,Business,Credit analyst,Underwriting policy and model analyst,"Typical first-two-years range $82,000 to $125,000. Not the Credit analyst seat.",Embedded lending risk analyst,"Typical first-two-years range $82,000 to $125,000. Not the Credit analyst seat.",Collections automation lead,"Typical first-two-years range $82,000 to $125,000. Not the Credit analyst seat.",68000,82000,125000
52.0810,Financial Risk Management,Business,Bank risk analyst,Model risk and AI validation analyst,"Typical first-two-years range $100,000 to $150,000. Not the Bank risk analyst seat.",Digital asset risk analyst,"Typical first-two-years range $100,000 to $150,000. Not the Bank risk analyst seat.",Climate risk quantification analyst,"Typical first-two-years range $100,000 to $150,000. Not the Bank risk analyst seat.",82000,100000,150000
52.0899,"Finance and Financial Management Services, Other",Business,Finance associate,Fund administration analyst,"Typical first-two-years range $82,000 to $125,000. Not the Finance associate seat.",Fintech operations analyst,"Typical first-two-years range $82,000 to $125,000. Not the Finance associate seat.",Financial data product analyst,"Typical first-two-years range $82,000 to $125,000. Not the Finance associate seat.",68000,82000,125000
52.0901,"Hospitality Administration/Management, General",Business,Hotel operations manager,Revenue management and pricing analyst,"Typical first-two-years range $72,000 to $110,000. Not the Hotel operations manager seat.",Short-term rental portfolio operator,"Typical first-two-years range $72,000 to $110,000. Not the Hotel operations manager seat.",Guest experience technology lead,"Typical first-two-years range $72,000 to $110,000. Not the Hotel operations manager seat.",60000,72000,110000
52.0903,Tourism and Travel Services Management,Business,Travel agency manager,Travel technology partnerships lead,"Typical first-two-years range $68,000 to $105,000. Not the Travel agency manager seat.",Destination marketing data analyst,"Typical first-two-years range $68,000 to $105,000. Not the Travel agency manager seat.",Experiential trip designer,"Typical first-two-years range $68,000 to $105,000. Not the Travel agency manager seat.",55000,68000,105000
52.0904,Hotel/Motel Administration/Management,Business,Front office manager,Revenue and distribution analyst,"Typical first-two-years range $70,000 to $108,000. Not the Front office manager seat.",Property technology deployment lead,"Typical first-two-years range $70,000 to $108,000. Not the Front office manager seat.",Branded residence operations manager,"Typical first-two-years range $70,000 to $108,000. Not the Front office manager seat.",55000,70000,108000
52.0905,Restaurant/Food Services Management,Business,Restaurant general manager,Multi-unit operations analyst,"Typical first-two-years range $70,000 to $110,000. Not the Restaurant general manager seat.",Delivery channel manager,"Typical first-two-years range $70,000 to $110,000. Not the Restaurant general manager seat.",Restaurant technology implementation lead,"Typical first-two-years range $70,000 to $110,000. Not the Restaurant general manager seat.",58000,70000,110000
52.0906,Resort Management,Business,Resort operations manager,Wellness resort program director,"Typical first-two-years range $75,000 to $115,000. Not the Resort operations manager seat.",Ancillary revenue analyst,"Typical first-two-years range $75,000 to $115,000. Not the Resort operations manager seat.",Destination sustainability lead,"Typical first-two-years range $75,000 to $115,000. Not the Resort operations manager seat.",65000,75000,115000
52.0907,Meeting and Event Planning,Business,Event coordinator,Field marketing program manager,"Typical first-two-years range $70,000 to $110,000. Not the Event coordinator seat.",Hybrid event production lead,"Typical first-two-years range $70,000 to $110,000. Not the Event coordinator seat.",Community and conference operations manager,"Typical first-two-years range $70,000 to $110,000. Not the Event coordinator seat.",52000,70000,110000
52.0908,Casino Management,Business,Casino floor supervisor,Gaming compliance and AML analyst,"Typical first-two-years range $75,000 to $120,000. Not the Casino floor supervisor seat.",Sports betting product operations lead,"Typical first-two-years range $75,000 to $120,000. Not the Casino floor supervisor seat.",Player analytics manager,"Typical first-two-years range $75,000 to $120,000. Not the Casino floor supervisor seat.",60000,75000,120000
52.0909,"Hotel, Motel, and Restaurant Management",Business,Property manager,Hospitality operations analyst,"Typical first-two-years range $70,000 to $108,000. Not the Property manager seat.",Franchise performance manager,"Typical first-two-years range $70,000 to $108,000. Not the Property manager seat.",Loyalty and guest data analyst,"Typical first-two-years range $70,000 to $108,000. Not the Property manager seat.",58000,70000,108000
52.0910,Brewery/Brewpub Operations/Management,Business,Brewpub manager,Beverage brand channel manager,"Typical first-two-years range $65,000 to $100,000. Not the Brewpub manager seat.",Production planning and quality lead,"Typical first-two-years range $65,000 to $100,000. Not the Brewpub manager seat.",Nonalcoholic category product manager,"Typical first-two-years range $65,000 to $100,000. Not the Brewpub manager seat.",55000,65000,100000
52.0999,"Hospitality Administration/Management, Other",Business,Hospitality supervisor,Guest experience operations analyst,"Typical first-two-years range $65,000 to $100,000. Not the Hospitality supervisor seat.",Hospitality technology account manager,"Typical first-two-years range $65,000 to $100,000. Not the Hospitality supervisor seat.",Venue operations lead,"Typical first-two-years range $65,000 to $100,000. Not the Hospitality supervisor seat.",52000,65000,100000
52.1001,"Human Resources Management/Personnel Administration, General",Business,Human resources generalist,People analytics analyst,"Typical first-two-years range $82,000 to $125,000. Not the Human resources generalist seat.",Talent systems automation lead,"Typical first-two-years range $82,000 to $125,000. Not the Human resources generalist seat.",Compensation and equity analyst,"Typical first-two-years range $82,000 to $125,000. Not the Human resources generalist seat.",65000,82000,125000
52.1002,Labor and Industrial Relations,Business,Labor relations specialist,Workforce transition and AI impact analyst,"Typical first-two-years range $90,000 to $135,000. Not the Labor relations specialist seat.",Contingent workforce program manager,"Typical first-two-years range $90,000 to $135,000. Not the Labor relations specialist seat.",Employment policy analyst,"Typical first-two-years range $90,000 to $135,000. Not the Labor relations specialist seat.",78000,90000,135000
52.1003,Organizational Behavior Studies,Business,Organization development associate,Organizational effectiveness analyst,"Typical first-two-years range $80,000 to $120,000. Not the Organization development associate seat.",Employee listening science lead,"Typical first-two-years range $80,000 to $120,000. Not the Organization development associate seat.",Change enablement consultant,"Typical first-two-years range $80,000 to $120,000. Not the Organization development associate seat.",62000,80000,120000
52.1004,Labor Studies,Business,Union or agency researcher,Workforce data and policy analyst,"Typical first-two-years range $72,000 to $110,000. Not the Union or agency researcher seat.",Job quality program lead,"Typical first-two-years range $72,000 to $110,000. Not the Union or agency researcher seat.",Labor market research analyst,"Typical first-two-years range $72,000 to $110,000. Not the Union or agency researcher seat.",60000,72000,110000
52.1005,Human Resources Development,Business,Training coordinator,Learning experience designer,"Typical first-two-years range $75,000 to $115,000. Not the Training coordinator seat.",Skills taxonomy and mobility analyst,"Typical first-two-years range $75,000 to $115,000. Not the Training coordinator seat.",AI upskilling program manager,"Typical first-two-years range $75,000 to $115,000. Not the Training coordinator seat.",58000,75000,115000
52.1006,Executive/Career Coaching,Business,Independent career coach,Internal career mobility program lead,"Typical first-two-years range $70,000 to $115,000. Not the Independent career coach seat.",Coaching platform quality lead,"Typical first-two-years range $70,000 to $115,000. Not the Independent career coach seat.",Workforce transition consultant,"Typical first-two-years range $70,000 to $115,000. Not the Independent career coach seat.",55000,70000,115000
52.1099,"Human Resources Management and Services, Other",Business,Human resources coordinator,HR systems and operations analyst,"Typical first-two-years range $70,000 to $105,000. Not the Human resources coordinator seat.",Employee relations case analyst,"Typical first-two-years range $70,000 to $105,000. Not the Human resources coordinator seat.",Total rewards analyst,"Typical first-two-years range $70,000 to $105,000. Not the Human resources coordinator seat.",55000,70000,105000
52.1101,International Business/Trade/Commerce,Business,Export or trade coordinator,Global expansion operations lead,"Typical first-two-years range $80,000 to $125,000. Not the Export or trade coordinator seat.",Sanctions and trade compliance analyst,"Typical first-two-years range $80,000 to $125,000. Not the Export or trade coordinator seat.",International partnerships manager,"Typical first-two-years range $80,000 to $125,000. Not the Export or trade coordinator seat.",60000,80000,125000
52.1201,"Management Information Systems, General",Business,IT business analyst,Data platform analyst,"Typical first-two-years range $95,000 to $145,000. Not the IT business analyst seat.",Enterprise AI integration analyst,"Typical first-two-years range $95,000 to $145,000. Not the IT business analyst seat.",Identity and security systems analyst,"Typical first-two-years range $95,000 to $145,000. Not the IT business analyst seat.",78000,95000,145000
52.1206,Information Resources Management,Business,Records manager,Information governance and retention lead,"Typical first-two-years range $82,000 to $125,000. Not the Records manager seat.",Data privacy operations analyst,"Typical first-two-years range $82,000 to $125,000. Not the Records manager seat.",Content platform administrator,"Typical first-two-years range $82,000 to $125,000. Not the Records manager seat.",65000,82000,125000
52.1207,Knowledge Management,Business,Knowledge base administrator,Enterprise search and retrieval content lead,"Typical first-two-years range $90,000 to $135,000. Not the Knowledge base administrator seat.",Taxonomy and ontology analyst,"Typical first-two-years range $90,000 to $135,000. Not the Knowledge base administrator seat.",AI knowledge operations manager,"Typical first-two-years range $90,000 to $135,000. Not the Knowledge base administrator seat.",68000,90000,135000
52.1299,"Management Information Systems and Services, Other",Business,Systems support analyst,Integration and automation engineer,"Typical first-two-years range $85,000 to $130,000. Not the Systems support analyst seat.",Business intelligence analyst,"Typical first-two-years range $85,000 to $130,000. Not the Systems support analyst seat.",SaaS governance lead,"Typical first-two-years range $85,000 to $130,000. Not the Systems support analyst seat.",65000,85000,130000
52.1301,Management Science,Business,Operations research analyst,Optimization and simulation analyst,"Typical first-two-years range $100,000 to $150,000. Not the Operations research analyst seat.",Pricing science analyst,"Typical first-two-years range $100,000 to $150,000. Not the Operations research analyst seat.",Logistics network scientist,"Typical first-two-years range $100,000 to $150,000. Not the Operations research analyst seat.",85000,100000,150000
52.1302,Business Statistics,Business,Statistical analyst,Experimentation and causal inference analyst,"Typical first-two-years range $95,000 to $145,000. Not the Statistical analyst seat.",Marketing mix modeling analyst,"Typical first-two-years range $95,000 to $145,000. Not the Statistical analyst seat.",Forecasting scientist,"Typical first-two-years range $95,000 to $145,000. Not the Statistical analyst seat.",78000,95000,145000
52.1304,Actuarial Science,Business,Actuarial analyst,Insurtech pricing analyst,"Typical first-two-years range $95,000 to $145,000. Not the Actuarial analyst seat.",Catastrophe and climate modeling analyst,"Typical first-two-years range $95,000 to $145,000. Not the Actuarial analyst seat.",Risk adjustment analyst,"Typical first-two-years range $95,000 to $145,000. Not the Actuarial analyst seat.",78000,95000,145000
52.1401,"Marketing/Marketing Management, General",Business,Marketing coordinator,Growth and lifecycle analyst,"Typical first-two-years range $78,000 to $120,000. Not the Marketing coordinator seat.",AI search visibility specialist,"Typical first-two-years range $78,000 to $120,000. Not the Marketing coordinator seat.",Product marketing associate,"Typical first-two-years range $78,000 to $120,000. Not the Marketing coordinator seat.",58000,78000,120000
52.1402,Marketing Research,Business,Market research analyst,Consumer insights science lead,"Typical first-two-years range $85,000 to $125,000. Not the Market research analyst seat.",Win-loss and competitive intelligence analyst,"Typical first-two-years range $85,000 to $125,000. Not the Market research analyst seat.",Synthetic research validation analyst,"Typical first-two-years range $85,000 to $125,000. Not the Market research analyst seat.",68000,85000,125000
52.1403,International Marketing,Business,Regional marketing coordinator,Localization and market entry lead,"Typical first-two-years range $78,000 to $118,000. Not the Regional marketing coordinator seat.",Cross-border growth manager,"Typical first-two-years range $78,000 to $118,000. Not the Regional marketing coordinator seat.",Global brand operations analyst,"Typical first-two-years range $78,000 to $118,000. Not the Regional marketing coordinator seat.",60000,78000,118000
52.1404,Digital Marketing,Business,Digital marketing associate,Paid media incrementality analyst,"Typical first-two-years range $78,000 to $125,000. Not the Digital marketing associate seat.",Retail media network manager,"Typical first-two-years range $78,000 to $125,000. Not the Digital marketing associate seat.",Customer data platform operations lead,"Typical first-two-years range $78,000 to $125,000. Not the Digital marketing associate seat.",58000,78000,125000
52.1499,"Marketing, Other",Business,Marketing associate,Content operations and search analyst,"Typical first-two-years range $72,000 to $112,000. Not the Marketing associate seat.",Affiliate and partner program manager,"Typical first-two-years range $72,000 to $112,000. Not the Marketing associate seat.",Brand measurement analyst,"Typical first-two-years range $72,000 to $112,000. Not the Marketing associate seat.",55000,72000,112000
52.1501,Real Estate,Business,Residential agent or leasing manager,Proptech underwriting analyst,"Typical first-two-years range $75,000 to $125,000. Not the Residential agent or leasing manager seat.",Data center and industrial site analyst,"Typical first-two-years range $75,000 to $125,000. Not the Residential agent or leasing manager seat.",Build-to-rent portfolio analyst,"Typical first-two-years range $75,000 to $125,000. Not the Residential agent or leasing manager seat.",58000,75000,125000
52.1601,Taxation,Business,Tax associate,Tax technology and automation analyst,"Typical first-two-years range $85,000 to $130,000. Not the Tax associate seat.",Transfer pricing analyst,"Typical first-two-years range $85,000 to $130,000. Not the Tax associate seat.",Energy and research credit specialist,"Typical first-two-years range $85,000 to $130,000. Not the Tax associate seat.",68000,85000,130000
52.1701,Insurance,Business,Underwriting assistant,Insurtech pricing and product analyst,"Typical first-two-years range $75,000 to $120,000. Not the Underwriting assistant seat.",Claims automation and fraud analyst,"Typical first-two-years range $75,000 to $120,000. Not the Underwriting assistant seat.",Parametric climate product specialist,"Typical first-two-years range $75,000 to $120,000. Not the Underwriting assistant seat.",55000,75000,120000
52.1801,"Sales, Distribution, and Marketing Operations, General",Business,Sales representative,Sales operations and CRM analyst,"Typical first-two-years range $75,000 to $118,000. Not the Sales representative seat.",Revenue enablement lead,"Typical first-two-years range $75,000 to $118,000. Not the Sales representative seat.",Partner channel operations manager,"Typical first-two-years range $75,000 to $118,000. Not the Sales representative seat.",58000,75000,118000
52.1803,Retailing and Retail Operations,Business,Retail supervisor,Retail operations analyst,"Typical first-two-years range $62,000 to $98,000. Not the Retail supervisor seat.",Store technology rollout coordinator,"Typical first-two-years range $62,000 to $98,000. Not the Retail supervisor seat.",Merchandise planning analyst,"Typical first-two-years range $62,000 to $98,000. Not the Retail supervisor seat.",48000,62000,98000
52.1804,Selling Skills and Sales Operations,Business,Inside sales representative,Technical account executive for AI products,"Typical first-two-years range $80,000 to $140,000. Not the Inside sales representative seat.",Sales engineering associate,"Typical first-two-years range $80,000 to $140,000. Not the Inside sales representative seat.",Expansion and renewals manager,"Typical first-two-years range $80,000 to $140,000. Not the Inside sales representative seat.",55000,80000,140000
52.1899,"General Merchandising, Sales, and Related Marketing Operations, Other",Business,Sales associate,Ecommerce account manager,"Typical first-two-years range $60,000 to $95,000. Not the Sales associate seat.",Category and pricing analyst,"Typical first-two-years range $60,000 to $95,000. Not the Sales associate seat.",Field sales operations coordinator,"Typical first-two-years range $60,000 to $95,000. Not the Sales associate seat.",45000,60000,95000
52.1901,Auctioneering,Business,Auctioneer,Online marketplace category manager,"Typical first-two-years range $65,000 to $105,000. Not the Auctioneer seat.",Asset recovery and liquidation analyst,"Typical first-two-years range $65,000 to $105,000. Not the Auctioneer seat.",Authentication operations lead,"Typical first-two-years range $65,000 to $105,000. Not the Auctioneer seat.",55000,65000,105000
52.1902,Fashion Merchandising,Business,Assistant buyer,Ecommerce merchandising analyst,"Typical first-two-years range $68,000 to $108,000. Not the Assistant buyer seat.",Resale and circular commerce operations lead,"Typical first-two-years range $68,000 to $108,000. Not the Assistant buyer seat.",Social commerce manager,"Typical first-two-years range $68,000 to $108,000. Not the Assistant buyer seat.",52000,68000,108000
52.1903,Fashion Modeling,Business,Agency model,Creator brand operator,"Typical first-two-years range $55,000 to $100,000. Not the Agency model seat.",Virtual try-on digital asset model,"Typical first-two-years range $55,000 to $100,000. Not the Agency model seat.",Casting and talent operations manager,"Typical first-two-years range $55,000 to $100,000. Not the Agency model seat.",45000,55000,100000
52.1904,Apparel and Accessories Marketing Operations,Business,Wholesale account coordinator,Direct to consumer retention analyst,"Typical first-two-years range $65,000 to $105,000. Not the Wholesale account coordinator seat.",Marketplace channel manager,"Typical first-two-years range $65,000 to $105,000. Not the Wholesale account coordinator seat.",Sourcing and lifecycle analyst,"Typical first-two-years range $65,000 to $105,000. Not the Wholesale account coordinator seat.",50000,65000,105000
52.1905,Tourism and Travel Services Marketing Operations,Business,Travel marketing coordinator,Destination performance marketing analyst,"Typical first-two-years range $65,000 to $105,000. Not the Travel marketing coordinator seat.",Travel loyalty partnerships manager,"Typical first-two-years range $65,000 to $105,000. Not the Travel marketing coordinator seat.",Booking platform growth associate,"Typical first-two-years range $65,000 to $105,000. Not the Travel marketing coordinator seat.",50000,65000,105000
52.1906,Tourism Promotion Operations,Business,Visitor bureau coordinator,Visitor analytics lead,"Typical first-two-years range $62,000 to $100,000. Not the Visitor bureau coordinator seat.",Creator partnership program manager,"Typical first-two-years range $62,000 to $100,000. Not the Visitor bureau coordinator seat.",Sponsorship operations lead,"Typical first-two-years range $62,000 to $100,000. Not the Visitor bureau coordinator seat.",48000,62000,100000
52.1907,Vehicle and Vehicle Parts and Accessories Marketing Operations,Business,Dealership or parts sales representative,EV aftermarket channel manager,"Typical first-two-years range $68,000 to $108,000. Not the Dealership or parts sales representative seat.",Fleet and mobility account manager,"Typical first-two-years range $68,000 to $108,000. Not the Dealership or parts sales representative seat.",Parts catalog and ecommerce analyst,"Typical first-two-years range $68,000 to $108,000. Not the Dealership or parts sales representative seat.",55000,68000,108000
52.1908,Business and Personal/Financial Services Marketing Operations,Business,Financial services marketing coordinator,Fintech lifecycle marketing analyst,"Typical first-two-years range $72,000 to $115,000. Not the Financial services marketing coordinator seat.",Compliance content operations lead,"Typical first-two-years range $72,000 to $115,000. Not the Financial services marketing coordinator seat.",Demand generation analyst,"Typical first-two-years range $72,000 to $115,000. Not the Financial services marketing coordinator seat.",55000,72000,115000
52.1909,Special Products Marketing Operations,Business,Product sales coordinator,Niche marketplace category lead,"Typical first-two-years range $65,000 to $105,000. Not the Product sales coordinator seat.",Product launch operations manager,"Typical first-two-years range $65,000 to $105,000. Not the Product sales coordinator seat.",Partner marketing associate,"Typical first-two-years range $65,000 to $105,000. Not the Product sales coordinator seat.",50000,65000,105000
52.1910,Hospitality and Recreation Marketing Operations,Business,Resort marketing coordinator,Ticketing and experience growth analyst,"Typical first-two-years range $65,000 to $105,000. Not the Resort marketing coordinator seat.",Membership and loyalty manager,"Typical first-two-years range $65,000 to $105,000. Not the Resort marketing coordinator seat.",Venue partnerships lead,"Typical first-two-years range $65,000 to $105,000. Not the Resort marketing coordinator seat.",50000,65000,105000
52.2001,"Construction Management, General",Business,Assistant project manager,Data center construction project engineer,"Typical first-two-years range $90,000 to $140,000. Not the Assistant project manager seat.",Preconstruction cost modeling analyst,"Typical first-two-years range $90,000 to $140,000. Not the Assistant project manager seat.",Reality capture and construction technology lead,"Typical first-two-years range $90,000 to $140,000. Not the Assistant project manager seat.",72000,90000,140000
52.2002,Construction Project Management,Business,Project engineer,Renewables and grid project manager,"Typical first-two-years range $95,000 to $145,000. Not the Project engineer seat.",Modular construction lead,"Typical first-two-years range $95,000 to $145,000. Not the Project engineer seat.",Owner representative for capital programs,"Typical first-two-years range $95,000 to $145,000. Not the Project engineer seat.",75000,95000,145000
52.2099,"Construction Management, Other",Business,Field coordinator,Scheduling and project controls analyst,"Typical first-two-years range $82,000 to $125,000. Not the Field coordinator seat.",Safety technology program lead,"Typical first-two-years range $82,000 to $125,000. Not the Field coordinator seat.",Commissioning coordinator,"Typical first-two-years range $82,000 to $125,000. Not the Field coordinator seat.",65000,82000,125000
52.2101,Telecommunications Management,Business,Network operations coordinator,Fiber and broadband program manager,"Typical first-two-years range $88,000 to $135,000. Not the Network operations coordinator seat.",Data center network capacity analyst,"Typical first-two-years range $88,000 to $135,000. Not the Network operations coordinator seat.",Private 5G deployment lead,"Typical first-two-years range $88,000 to $135,000. Not the Network operations coordinator seat.",68000,88000,135000
54.0101,"History, General",History,"Museum or archive assistant, K-12 teacher",Trust and safety policy analyst,"Typical first-two-years range $70,000 to $110,000. Not the Museum or archive assistant, K-12 teacher seat.",E-discovery and records analyst,"Typical first-two-years range $70,000 to $110,000. Not the Museum or archive assistant, K-12 teacher seat.",Model red-team researcher,"Typical first-two-years range $70,000 to $110,000. Not the Museum or archive assistant, K-12 teacher seat.",58000,70000,110000
54.0102,American  History (United States),History,Secondary history teacher,Public policy research analyst,"Typical first-two-years range $70,000 to $110,000. Not the Secondary history teacher seat.",Cultural heritage digitization lead,"Typical first-two-years range $70,000 to $110,000. Not the Secondary history teacher seat.",Archival AI training data curator,"Typical first-two-years range $70,000 to $110,000. Not the Secondary history teacher seat.",62000,70000,110000
54.0103,European History,History,Academic research assistant,Geopolitical risk analyst,"Typical first-two-years range $75,000 to $120,000. Not the Academic research assistant seat.",Sanctions and export control researcher,"Typical first-two-years range $75,000 to $120,000. Not the Academic research assistant seat.",Market context and localization researcher,"Typical first-two-years range $75,000 to $120,000. Not the Academic research assistant seat.",52000,75000,120000
54.0104,History and Philosophy of Science and Technology,History,University lecturer or research assistant,AI policy and governance researcher,"Typical first-two-years range $85,000 to $135,000. Not the University lecturer or research assistant seat.",Science communication and standards analyst,"Typical first-two-years range $85,000 to $135,000. Not the University lecturer or research assistant seat.",Technology ethics program lead,"Typical first-two-years range $85,000 to $135,000. Not the University lecturer or research assistant seat.",58000,85000,135000
54.0105,Public/Applied History,History,Historic preservation coordinator,Cultural resource compliance analyst,"Typical first-two-years range $68,000 to $105,000. Not the Historic preservation coordinator seat.",Digital exhibit producer,"Typical first-two-years range $68,000 to $105,000. Not the Historic preservation coordinator seat.",Heritage grants manager,"Typical first-two-years range $68,000 to $105,000. Not the Historic preservation coordinator seat.",55000,68000,105000
54.0106,Asian History,History,Area studies research assistant,Supply chain geopolitical analyst,"Typical first-two-years range $78,000 to $125,000. Not the Area studies research assistant seat.",Export control research analyst,"Typical first-two-years range $78,000 to $125,000. Not the Area studies research assistant seat.",Regional market entry analyst,"Typical first-two-years range $78,000 to $125,000. Not the Area studies research assistant seat.",52000,78000,125000
54.0107,Canadian History,History,Archivist or teacher,Cross-border policy analyst,"Typical first-two-years range $70,000 to $110,000. Not the Archivist or teacher seat.",Indigenous consultation coordinator,"Typical first-two-years range $70,000 to $110,000. Not the Archivist or teacher seat.",Resource permitting researcher,"Typical first-two-years range $70,000 to $110,000. Not the Archivist or teacher seat.",55000,70000,110000
54.0108,Military History,History,Command historian or teacher,Open-source defense intelligence analyst,"Typical first-two-years range $80,000 to $130,000. Not the Command historian or teacher seat.",Wargaming and simulation designer,"Typical first-two-years range $80,000 to $130,000. Not the Command historian or teacher seat.",Defense technology program analyst,"Typical first-two-years range $80,000 to $130,000. Not the Command historian or teacher seat.",62000,80000,130000
54.0199,"History, Other",History,Research or archive assistant,Information provenance analyst,"Typical first-two-years range $70,000 to $110,000. Not the Research or archive assistant seat.",Knowledge curation lead for AI systems,"Typical first-two-years range $70,000 to $110,000. Not the Research or archive assistant seat.",Records governance analyst,"Typical first-two-years range $70,000 to $110,000. Not the Research or archive assistant seat.",52000,70000,110000
