cip,major,category,family,source,path_label,traditional_entry,job_1,why_1,soc_1,job_2,why_2,soc_2,job_3,why_3,soc_3
01.0000,"Agriculture, General",Agriculture,other,cip2,Agriculture,agricultural technicians,Environmental consultant,"Permitting, site assessment, and compliance for developers and industrials.",19-2041,Occupational health specialist,"Workplace injury, exposure, and return-to-work at employers and insurers.",19-5011,Sales engineer,"Technical brain on the sales call: demos, POCs, architecture.",41-9031
01.0101,"Agricultural Business and Management, General",Agriculture,other,cip2,Agriculture,farmers,Environmental consultant,"Permitting, site assessment, and compliance for developers and industrials.",19-2041,Occupational health specialist,"Workplace injury, exposure, and return-to-work at employers and insurers.",19-5011,Sales engineer,"Technical brain on the sales call: demos, POCs, architecture.",41-9031
01.0102,Agribusiness/Agricultural Business Operations,Agriculture,other,cip2,Agriculture,farmers,Environmental consultant,"Permitting, site assessment, and compliance for developers and industrials.",19-2041,Occupational health specialist,"Workplace injury, exposure, and return-to-work at employers and insurers.",19-5011,Sales engineer,"Technical brain on the sales call: demos, POCs, architecture.",41-9031
01.0103,Agricultural Economics,Agriculture,other,cip2,Agriculture,economics teacher,Environmental consultant,"Permitting, site assessment, and compliance for developers and industrials.",19-2041,Occupational health specialist,"Workplace injury, exposure, and return-to-work at employers and insurers.",19-5011,Sales engineer,"Technical brain on the sales call: demos, POCs, architecture.",41-9031
01.0104,Farm/Farm and Ranch Management,Agriculture,other,cip2,Agriculture,farm and home management educators,Environmental consultant,"Permitting, site assessment, and compliance for developers and industrials.",19-2041,Occupational health specialist,"Workplace injury, exposure, and return-to-work at employers and insurers.",19-5011,Sales engineer,"Technical brain on the sales call: demos, POCs, architecture.",41-9031
01.0105,Agricultural/Farm Supplies Retailing and Wholesaling,Agriculture,other,cip2,Agriculture,agricultural sciences teacher,Environmental consultant,"Permitting, site assessment, and compliance for developers and industrials.",19-2041,Occupational health specialist,"Workplace injury, exposure, and return-to-work at employers and insurers.",19-5011,Sales engineer,"Technical brain on the sales call: demos, POCs, architecture.",41-9031
01.0106,Agricultural Business Technology/Technician,Agriculture,other,cip2,Agriculture,first-line supervisors of office and administrative support workers,Environmental consultant,"Permitting, site assessment, and compliance for developers and industrials.",19-2041,Occupational health specialist,"Workplace injury, exposure, and return-to-work at employers and insurers.",19-5011,Sales engineer,"Technical brain on the sales call: demos, POCs, architecture.",41-9031
01.0199,"Agricultural Business and Management, Other",Agriculture,other,cip2,Agriculture,farmers,Environmental consultant,"Permitting, site assessment, and compliance for developers and industrials.",19-2041,Occupational health specialist,"Workplace injury, exposure, and return-to-work at employers and insurers.",19-5011,Sales engineer,"Technical brain on the sales call: demos, POCs, architecture.",41-9031
01.0201,"Agricultural Mechanization, General",Agriculture,other,cip2,Agriculture,agricultural sciences teacher,Environmental consultant,"Permitting, site assessment, and compliance for developers and industrials.",19-2041,Occupational health specialist,"Workplace injury, exposure, and return-to-work at employers and insurers.",19-5011,Sales engineer,"Technical brain on the sales call: demos, POCs, architecture.",41-9031
01.0204,Agricultural Power Machinery Operation,Agriculture,other,cip2,Agriculture,agricultural equipment operators,Environmental consultant,"Permitting, site assessment, and compliance for developers and industrials.",19-2041,Occupational health specialist,"Workplace injury, exposure, and return-to-work at employers and insurers.",19-5011,Sales engineer,"Technical brain on the sales call: demos, POCs, architecture.",41-9031
01.0205,Agricultural Mechanics and Equipment/Machine Technology/Technician,Agriculture,other,cip2,Agriculture,mobile heavy equipment mechanics,Environmental consultant,"Permitting, site assessment, and compliance for developers and industrials.",19-2041,Occupational health specialist,"Workplace injury, exposure, and return-to-work at employers and insurers.",19-5011,Sales engineer,"Technical brain on the sales call: demos, POCs, architecture.",41-9031
01.0207,Irrigation Management Technology/Technician,Agriculture,other,cip2,Agriculture,farm equipment mechanics and service technicians,Environmental consultant,"Permitting, site assessment, and compliance for developers and industrials.",19-2041,Occupational health specialist,"Workplace injury, exposure, and return-to-work at employers and insurers.",19-5011,Sales engineer,"Technical brain on the sales call: demos, POCs, architecture.",41-9031
01.0299,"Agricultural Mechanization, Other",Agriculture,other,cip2,Agriculture,agricultural sciences teacher,Environmental consultant,"Permitting, site assessment, and compliance for developers and industrials.",19-2041,Occupational health specialist,"Workplace injury, exposure, and return-to-work at employers and insurers.",19-5011,Sales engineer,"Technical brain on the sales call: demos, POCs, architecture.",41-9031
01.0301,"Agricultural Production Operations, General",Agriculture,other,cip2,Agriculture,farmers,Environmental consultant,"Permitting, site assessment, and compliance for developers and industrials.",19-2041,Occupational health specialist,"Workplace injury, exposure, and return-to-work at employers and insurers.",19-5011,Sales engineer,"Technical brain on the sales call: demos, POCs, architecture.",41-9031
01.0302,Animal/Livestock Husbandry and Production,Agriculture,other,cip2,Agriculture,animal breeders,Environmental consultant,"Permitting, site assessment, and compliance for developers and industrials.",19-2041,Occupational health specialist,"Workplace injury, exposure, and return-to-work at employers and insurers.",19-5011,Sales engineer,"Technical brain on the sales call: demos, POCs, architecture.",41-9031
01.0303,Aquaculture,Agriculture,other,cip2,Agriculture,farmers,Environmental consultant,"Permitting, site assessment, and compliance for developers and industrials.",19-2041,Occupational health specialist,"Workplace injury, exposure, and return-to-work at employers and insurers.",19-5011,Sales engineer,"Technical brain on the sales call: demos, POCs, architecture.",41-9031
01.0304,Crop Production,Agriculture,other,cip2,Agriculture,farmers,Environmental consultant,"Permitting, site assessment, and compliance for developers and industrials.",19-2041,Occupational health specialist,"Workplace injury, exposure, and return-to-work at employers and insurers.",19-5011,Sales engineer,"Technical brain on the sales call: demos, POCs, architecture.",41-9031
01.0306,Dairy Husbandry and Production,Agriculture,other,cip2,Agriculture,farmers,Environmental consultant,"Permitting, site assessment, and compliance for developers and industrials.",19-2041,Occupational health specialist,"Workplace injury, exposure, and return-to-work at employers and insurers.",19-5011,Sales engineer,"Technical brain on the sales call: demos, POCs, architecture.",41-9031
01.0307,Horse Husbandry/Equine Science and Management,Agriculture,other,cip2,Agriculture,farm and home management educators,Environmental consultant,"Permitting, site assessment, and compliance for developers and industrials.",19-2041,Occupational health specialist,"Workplace injury, exposure, and return-to-work at employers and insurers.",19-5011,Sales engineer,"Technical brain on the sales call: demos, POCs, architecture.",41-9031
01.0308,Agroecology and Sustainable Agriculture,Agriculture,other,cip2,Agriculture,farmers,Environmental consultant,"Permitting, site assessment, and compliance for developers and industrials.",19-2041,Occupational health specialist,"Workplace injury, exposure, and return-to-work at employers and insurers.",19-5011,Sales engineer,"Technical brain on the sales call: demos, POCs, architecture.",41-9031
01.0310,Apiculture,Agriculture,other,cip2,Agriculture,farmers,Environmental consultant,"Permitting, site assessment, and compliance for developers and industrials.",19-2041,Occupational health specialist,"Workplace injury, exposure, and return-to-work at employers and insurers.",19-5011,Sales engineer,"Technical brain on the sales call: demos, POCs, architecture.",41-9031
01.0399,"Agricultural Production Operations, Other",Agriculture,other,cip2,Agriculture,farmers,Environmental consultant,"Permitting, site assessment, and compliance for developers and industrials.",19-2041,Occupational health specialist,"Workplace injury, exposure, and return-to-work at employers and insurers.",19-5011,Sales engineer,"Technical brain on the sales call: demos, POCs, architecture.",41-9031
01.0401,Agricultural and Food Products Processing,Agriculture,other,cip2,Agriculture,food science technicians,Environmental consultant,"Permitting, site assessment, and compliance for developers and industrials.",19-2041,Occupational health specialist,"Workplace injury, exposure, and return-to-work at employers and insurers.",19-5011,Sales engineer,"Technical brain on the sales call: demos, POCs, architecture.",41-9031
01.0504,Dog/Pet/Animal Grooming,Agriculture,other,cip2,Agriculture,animal caretakers,Environmental consultant,"Permitting, site assessment, and compliance for developers and industrials.",19-2041,Occupational health specialist,"Workplace injury, exposure, and return-to-work at employers and insurers.",19-5011,Sales engineer,"Technical brain on the sales call: demos, POCs, architecture.",41-9031
01.0505,Animal Training,Agriculture,other,cip2,Agriculture,animal trainers,Environmental consultant,"Permitting, site assessment, and compliance for developers and industrials.",19-2041,Occupational health specialist,"Workplace injury, exposure, and return-to-work at employers and insurers.",19-5011,Sales engineer,"Technical brain on the sales call: demos, POCs, architecture.",41-9031
01.0507,Equestrian/Equine Studies,Agriculture,other,cip2,Agriculture,animal trainers,Environmental consultant,"Permitting, site assessment, and compliance for developers and industrials.",19-2041,Occupational health specialist,"Workplace injury, exposure, and return-to-work at employers and insurers.",19-5011,Sales engineer,"Technical brain on the sales call: demos, POCs, architecture.",41-9031
01.0509,Farrier Science,Agriculture,other,cip2,Agriculture,animal caretakers,Environmental consultant,"Permitting, site assessment, and compliance for developers and industrials.",19-2041,Occupational health specialist,"Workplace injury, exposure, and return-to-work at employers and insurers.",19-5011,Sales engineer,"Technical brain on the sales call: demos, POCs, architecture.",41-9031
01.0601,"Applied Horticulture/Horticulture Operations, General",Agriculture,other,cip2,Agriculture,landscaping and groundskeeping workers,Environmental consultant,"Permitting, site assessment, and compliance for developers and industrials.",19-2041,Occupational health specialist,"Workplace injury, exposure, and return-to-work at employers and insurers.",19-5011,Sales engineer,"Technical brain on the sales call: demos, POCs, architecture.",41-9031
01.0603,Ornamental Horticulture,Agriculture,other,cip2,Agriculture,landscaping and groundskeeping workers,Environmental consultant,"Permitting, site assessment, and compliance for developers and industrials.",19-2041,Occupational health specialist,"Workplace injury, exposure, and return-to-work at employers and insurers.",19-5011,Sales engineer,"Technical brain on the sales call: demos, POCs, architecture.",41-9031
01.0604,Greenhouse Operations and Management,Agriculture,other,cip2,Agriculture,landscaping and groundskeeping workers,Environmental consultant,"Permitting, site assessment, and compliance for developers and industrials.",19-2041,Occupational health specialist,"Workplace injury, exposure, and return-to-work at employers and insurers.",19-5011,Sales engineer,"Technical brain on the sales call: demos, POCs, architecture.",41-9031
01.0605,Landscaping and Groundskeeping,Agriculture,other,cip2,Agriculture,landscaping and groundskeeping workers,Environmental consultant,"Permitting, site assessment, and compliance for developers and industrials.",19-2041,Occupational health specialist,"Workplace injury, exposure, and return-to-work at employers and insurers.",19-5011,Sales engineer,"Technical brain on the sales call: demos, POCs, architecture.",41-9031
01.0606,Plant Nursery Operations and Management,Agriculture,other,cip2,Agriculture,landscaping and groundskeeping workers,Environmental consultant,"Permitting, site assessment, and compliance for developers and industrials.",19-2041,Occupational health specialist,"Workplace injury, exposure, and return-to-work at employers and insurers.",19-5011,Sales engineer,"Technical brain on the sales call: demos, POCs, architecture.",41-9031
01.0607,Turf and Turfgrass Management,Agriculture,other,cip2,Agriculture,landscaping and groundskeeping workers,Environmental consultant,"Permitting, site assessment, and compliance for developers and industrials.",19-2041,Occupational health specialist,"Workplace injury, exposure, and return-to-work at employers and insurers.",19-5011,Sales engineer,"Technical brain on the sales call: demos, POCs, architecture.",41-9031
01.0608,Floriculture/Floristry Operations and Management,Agriculture,other,cip2,Agriculture,first-line supervisors of retail sales workers,Environmental consultant,"Permitting, site assessment, and compliance for developers and industrials.",19-2041,Occupational health specialist,"Workplace injury, exposure, and return-to-work at employers and insurers.",19-5011,Sales engineer,"Technical brain on the sales call: demos, POCs, architecture.",41-9031
01.0609,Public Horticulture,Agriculture,other,cip2,Agriculture,farmers,Environmental consultant,"Permitting, site assessment, and compliance for developers and industrials.",19-2041,Occupational health specialist,"Workplace injury, exposure, and return-to-work at employers and insurers.",19-5011,Sales engineer,"Technical brain on the sales call: demos, POCs, architecture.",41-9031
01.0610,Urban and Community Horticulture,Agriculture,other,cip2,Agriculture,farmers,Environmental consultant,"Permitting, site assessment, and compliance for developers and industrials.",19-2041,Occupational health specialist,"Workplace injury, exposure, and return-to-work at employers and insurers.",19-5011,Sales engineer,"Technical brain on the sales call: demos, POCs, architecture.",41-9031
01.0701,International Agriculture,Agriculture,other,cip2,Agriculture,food scientists and technologists,Environmental consultant,"Permitting, site assessment, and compliance for developers and industrials.",19-2041,Occupational health specialist,"Workplace injury, exposure, and return-to-work at employers and insurers.",19-5011,Sales engineer,"Technical brain on the sales call: demos, POCs, architecture.",41-9031
01.0801,Agricultural and Extension Education Services,Agriculture,other,cip2,Agriculture,farm and home management educators,Environmental consultant,"Permitting, site assessment, and compliance for developers and industrials.",19-2041,Occupational health specialist,"Workplace injury, exposure, and return-to-work at employers and insurers.",19-5011,Sales engineer,"Technical brain on the sales call: demos, POCs, architecture.",41-9031
01.0802,Agricultural Communication/Journalism,Agriculture,other,cip2,Agriculture,audio and video technicians,Environmental consultant,"Permitting, site assessment, and compliance for developers and industrials.",19-2041,Occupational health specialist,"Workplace injury, exposure, and return-to-work at employers and insurers.",19-5011,Sales engineer,"Technical brain on the sales call: demos, POCs, architecture.",41-9031
01.0901,"Animal Sciences, General",Agriculture,other,cip2,Agriculture,animal scientists,Environmental consultant,"Permitting, site assessment, and compliance for developers and industrials.",19-2041,Occupational health specialist,"Workplace injury, exposure, and return-to-work at employers and insurers.",19-5011,Sales engineer,"Technical brain on the sales call: demos, POCs, architecture.",41-9031
01.0902,Agricultural Animal Breeding,Agriculture,other,cip2,Agriculture,farmers,Environmental consultant,"Permitting, site assessment, and compliance for developers and industrials.",19-2041,Occupational health specialist,"Workplace injury, exposure, and return-to-work at employers and insurers.",19-5011,Sales engineer,"Technical brain on the sales call: demos, POCs, architecture.",41-9031
01.0903,Animal Health,Agriculture,other,cip2,Agriculture,animal scientists,Environmental consultant,"Permitting, site assessment, and compliance for developers and industrials.",19-2041,Occupational health specialist,"Workplace injury, exposure, and return-to-work at employers and insurers.",19-5011,Sales engineer,"Technical brain on the sales call: demos, POCs, architecture.",41-9031
01.0904,Animal Nutrition,Agriculture,other,cip2,Agriculture,animal scientists,Environmental consultant,"Permitting, site assessment, and compliance for developers and industrials.",19-2041,Occupational health specialist,"Workplace injury, exposure, and return-to-work at employers and insurers.",19-5011,Sales engineer,"Technical brain on the sales call: demos, POCs, architecture.",41-9031
01.0905,Dairy Science,Agriculture,other,cip2,Agriculture,farmers,Environmental consultant,"Permitting, site assessment, and compliance for developers and industrials.",19-2041,Occupational health specialist,"Workplace injury, exposure, and return-to-work at employers and insurers.",19-5011,Sales engineer,"Technical brain on the sales call: demos, POCs, architecture.",41-9031
01.0906,Livestock Management,Agriculture,other,cip2,Agriculture,farm and home management educators,Environmental consultant,"Permitting, site assessment, and compliance for developers and industrials.",19-2041,Occupational health specialist,"Workplace injury, exposure, and return-to-work at employers and insurers.",19-5011,Sales engineer,"Technical brain on the sales call: demos, POCs, architecture.",41-9031
01.0907,Poultry Science,Agriculture,other,cip2,Agriculture,farmers,Environmental consultant,"Permitting, site assessment, and compliance for developers and industrials.",19-2041,Occupational health specialist,"Workplace injury, exposure, and return-to-work at employers and insurers.",19-5011,Sales engineer,"Technical brain on the sales call: demos, POCs, architecture.",41-9031
01.0999,"Animal Sciences, Other",Agriculture,other,cip2,Agriculture,animal scientists,Environmental consultant,"Permitting, site assessment, and compliance for developers and industrials.",19-2041,Occupational health specialist,"Workplace injury, exposure, and return-to-work at employers and insurers.",19-5011,Sales engineer,"Technical brain on the sales call: demos, POCs, architecture.",41-9031
01.1001,Food Science,Agriculture,other,cip2,Agriculture,food science technicians,Environmental consultant,"Permitting, site assessment, and compliance for developers and industrials.",19-2041,Occupational health specialist,"Workplace injury, exposure, and return-to-work at employers and insurers.",19-5011,Sales engineer,"Technical brain on the sales call: demos, POCs, architecture.",41-9031
01.1002,Food Technology and Processing,Agriculture,other,cip2,Agriculture,food science technicians,Environmental consultant,"Permitting, site assessment, and compliance for developers and industrials.",19-2041,Occupational health specialist,"Workplace injury, exposure, and return-to-work at employers and insurers.",19-5011,Sales engineer,"Technical brain on the sales call: demos, POCs, architecture.",41-9031
01.1003,Brewing Science,Agriculture,other,cip2,Agriculture,food science technicians,Environmental consultant,"Permitting, site assessment, and compliance for developers and industrials.",19-2041,Occupational health specialist,"Workplace injury, exposure, and return-to-work at employers and insurers.",19-5011,Sales engineer,"Technical brain on the sales call: demos, POCs, architecture.",41-9031
01.1004,Viticulture and Enology,Agriculture,other,cip2,Agriculture,farmers,Environmental consultant,"Permitting, site assessment, and compliance for developers and industrials.",19-2041,Occupational health specialist,"Workplace injury, exposure, and return-to-work at employers and insurers.",19-5011,Sales engineer,"Technical brain on the sales call: demos, POCs, architecture.",41-9031
01.1005,Zymology/Fermentation Science,Agriculture,other,cip2,Agriculture,food science technicians,Environmental consultant,"Permitting, site assessment, and compliance for developers and industrials.",19-2041,Occupational health specialist,"Workplace injury, exposure, and return-to-work at employers and insurers.",19-5011,Sales engineer,"Technical brain on the sales call: demos, POCs, architecture.",41-9031
01.1099,"Food Science and Technology, Other",Agriculture,other,cip2,Agriculture,food science technicians,Environmental consultant,"Permitting, site assessment, and compliance for developers and industrials.",19-2041,Occupational health specialist,"Workplace injury, exposure, and return-to-work at employers and insurers.",19-5011,Sales engineer,"Technical brain on the sales call: demos, POCs, architecture.",41-9031
01.1101,"Plant Sciences, General",Agriculture,other,cip2,Agriculture,soil and plant scientists,Environmental consultant,"Permitting, site assessment, and compliance for developers and industrials.",19-2041,Occupational health specialist,"Workplace injury, exposure, and return-to-work at employers and insurers.",19-5011,Sales engineer,"Technical brain on the sales call: demos, POCs, architecture.",41-9031
01.1102,Agronomy and Crop Science,Agriculture,other,cip2,Agriculture,farmers,Environmental consultant,"Permitting, site assessment, and compliance for developers and industrials.",19-2041,Occupational health specialist,"Workplace injury, exposure, and return-to-work at employers and insurers.",19-5011,Sales engineer,"Technical brain on the sales call: demos, POCs, architecture.",41-9031
01.1103,Horticultural Science,Agriculture,other,cip2,Agriculture,farmers,Environmental consultant,"Permitting, site assessment, and compliance for developers and industrials.",19-2041,Occupational health specialist,"Workplace injury, exposure, and return-to-work at employers and insurers.",19-5011,Sales engineer,"Technical brain on the sales call: demos, POCs, architecture.",41-9031
01.1104,Agricultural and Horticultural Plant Breeding,Agriculture,other,cip2,Agriculture,soil and plant scientists,Environmental consultant,"Permitting, site assessment, and compliance for developers and industrials.",19-2041,Occupational health specialist,"Workplace injury, exposure, and return-to-work at employers and insurers.",19-5011,Sales engineer,"Technical brain on the sales call: demos, POCs, architecture.",41-9031
01.1105,Plant Protection and Integrated Pest Management,Agriculture,other,cip2,Agriculture,soil and plant scientists,Environmental consultant,"Permitting, site assessment, and compliance for developers and industrials.",19-2041,Occupational health specialist,"Workplace injury, exposure, and return-to-work at employers and insurers.",19-5011,Sales engineer,"Technical brain on the sales call: demos, POCs, architecture.",41-9031
01.1106,Range Science and Management,Agriculture,other,cip2,Agriculture,farm and home management educators,Environmental consultant,"Permitting, site assessment, and compliance for developers and industrials.",19-2041,Occupational health specialist,"Workplace injury, exposure, and return-to-work at employers and insurers.",19-5011,Sales engineer,"Technical brain on the sales call: demos, POCs, architecture.",41-9031
01.1199,"Plant Sciences, Other",Agriculture,other,cip2,Agriculture,soil and plant scientists,Environmental consultant,"Permitting, site assessment, and compliance for developers and industrials.",19-2041,Occupational health specialist,"Workplace injury, exposure, and return-to-work at employers and insurers.",19-5011,Sales engineer,"Technical brain on the sales call: demos, POCs, architecture.",41-9031
01.1201,"Soil Science and Agronomy, General",Agriculture,other,cip2,Agriculture,soil and plant scientists,Environmental consultant,"Permitting, site assessment, and compliance for developers and industrials.",19-2041,Occupational health specialist,"Workplace injury, exposure, and return-to-work at employers and insurers.",19-5011,Sales engineer,"Technical brain on the sales call: demos, POCs, architecture.",41-9031
01.1202,Soil Chemistry and Physics,Agriculture,other,cip2,Agriculture,soil and plant scientists,Environmental consultant,"Permitting, site assessment, and compliance for developers and industrials.",19-2041,Occupational health specialist,"Workplace injury, exposure, and return-to-work at employers and insurers.",19-5011,Sales engineer,"Technical brain on the sales call: demos, POCs, architecture.",41-9031
01.1203,Soil Microbiology,Agriculture,other,cip2,Agriculture,soil and plant scientists,Environmental consultant,"Permitting, site assessment, and compliance for developers and industrials.",19-2041,Occupational health specialist,"Workplace injury, exposure, and return-to-work at employers and insurers.",19-5011,Sales engineer,"Technical brain on the sales call: demos, POCs, architecture.",41-9031
01.1299,"Soil Sciences, Other",Agriculture,other,cip2,Agriculture,soil and plant scientists,Environmental consultant,"Permitting, site assessment, and compliance for developers and industrials.",19-2041,Occupational health specialist,"Workplace injury, exposure, and return-to-work at employers and insurers.",19-5011,Sales engineer,"Technical brain on the sales call: demos, POCs, architecture.",41-9031
01.1399,"Agriculture/Veterinary Preparatory Programs, Other",Agriculture,other,cip2,Agriculture,agricultural technicians,Environmental consultant,"Permitting, site assessment, and compliance for developers and industrials.",19-2041,Occupational health specialist,"Workplace injury, exposure, and return-to-work at employers and insurers.",19-5011,Sales engineer,"Technical brain on the sales call: demos, POCs, architecture.",41-9031
01.8001,Veterinary Medicine,Agriculture,other,cip2,Agriculture,veterinarians,Environmental consultant,"Permitting, site assessment, and compliance for developers and industrials.",19-2041,Occupational health specialist,"Workplace injury, exposure, and return-to-work at employers and insurers.",19-5011,Sales engineer,"Technical brain on the sales call: demos, POCs, architecture.",41-9031
01.8101,"Veterinary Sciences/Veterinary Clinical Sciences, General",Agriculture,other,cip2,Agriculture,veterinarians,Environmental consultant,"Permitting, site assessment, and compliance for developers and industrials.",19-2041,Occupational health specialist,"Workplace injury, exposure, and return-to-work at employers and insurers.",19-5011,Sales engineer,"Technical brain on the sales call: demos, POCs, architecture.",41-9031
01.8102,Comparative and Laboratory Animal Medicine,Agriculture,other,cip2,Agriculture,veterinarians,Environmental consultant,"Permitting, site assessment, and compliance for developers and industrials.",19-2041,Occupational health specialist,"Workplace injury, exposure, and return-to-work at employers and insurers.",19-5011,Sales engineer,"Technical brain on the sales call: demos, POCs, architecture.",41-9031
01.8103,Large Animal/Food Animal and Equine Surgery and Medicine,Agriculture,other,cip2,Agriculture,animal scientists,Environmental consultant,"Permitting, site assessment, and compliance for developers and industrials.",19-2041,Occupational health specialist,"Workplace injury, exposure, and return-to-work at employers and insurers.",19-5011,Sales engineer,"Technical brain on the sales call: demos, POCs, architecture.",41-9031
01.8104,Small/Companion Animal Surgery and Medicine,Agriculture,other,cip2,Agriculture,veterinarians,Environmental consultant,"Permitting, site assessment, and compliance for developers and industrials.",19-2041,Occupational health specialist,"Workplace injury, exposure, and return-to-work at employers and insurers.",19-5011,Sales engineer,"Technical brain on the sales call: demos, POCs, architecture.",41-9031
01.8105,Veterinary Anatomy,Agriculture,other,cip2,Agriculture,veterinarians,Environmental consultant,"Permitting, site assessment, and compliance for developers and industrials.",19-2041,Occupational health specialist,"Workplace injury, exposure, and return-to-work at employers and insurers.",19-5011,Sales engineer,"Technical brain on the sales call: demos, POCs, architecture.",41-9031
01.8106,Veterinary Infectious Diseases,Agriculture,other,cip2,Agriculture,veterinarians,Environmental consultant,"Permitting, site assessment, and compliance for developers and industrials.",19-2041,Occupational health specialist,"Workplace injury, exposure, and return-to-work at employers and insurers.",19-5011,Sales engineer,"Technical brain on the sales call: demos, POCs, architecture.",41-9031
01.8107,Veterinary Microbiology and Immunobiology,Agriculture,other,cip2,Agriculture,veterinarians,Environmental consultant,"Permitting, site assessment, and compliance for developers and industrials.",19-2041,Occupational health specialist,"Workplace injury, exposure, and return-to-work at employers and insurers.",19-5011,Sales engineer,"Technical brain on the sales call: demos, POCs, architecture.",41-9031
01.8108,Veterinary Pathology and Pathobiology,Agriculture,other,cip2,Agriculture,veterinarians,Environmental consultant,"Permitting, site assessment, and compliance for developers and industrials.",19-2041,Occupational health specialist,"Workplace injury, exposure, and return-to-work at employers and insurers.",19-5011,Sales engineer,"Technical brain on the sales call: demos, POCs, architecture.",41-9031
01.8109,Veterinary Physiology,Agriculture,other,cip2,Agriculture,veterinarians,Environmental consultant,"Permitting, site assessment, and compliance for developers and industrials.",19-2041,Occupational health specialist,"Workplace injury, exposure, and return-to-work at employers and insurers.",19-5011,Sales engineer,"Technical brain on the sales call: demos, POCs, architecture.",41-9031
01.8110,"Veterinary Preventive Medicine, Epidemiology, and Public Health",Agriculture,other,cip2,Agriculture,health specialties teacher,Environmental consultant,"Permitting, site assessment, and compliance for developers and industrials.",19-2041,Occupational health specialist,"Workplace injury, exposure, and return-to-work at employers and insurers.",19-5011,Sales engineer,"Technical brain on the sales call: demos, POCs, architecture.",41-9031
01.8111,Veterinary Toxicology and Pharmacology,Agriculture,other,cip2,Agriculture,veterinarians,Environmental consultant,"Permitting, site assessment, and compliance for developers and industrials.",19-2041,Occupational health specialist,"Workplace injury, exposure, and return-to-work at employers and insurers.",19-5011,Sales engineer,"Technical brain on the sales call: demos, POCs, architecture.",41-9031
01.8199,"Veterinary Biomedical and Clinical Sciences, Other",Agriculture,other,cip2,Agriculture,veterinarians,Environmental consultant,"Permitting, site assessment, and compliance for developers and industrials.",19-2041,Occupational health specialist,"Workplace injury, exposure, and return-to-work at employers and insurers.",19-5011,Sales engineer,"Technical brain on the sales call: demos, POCs, architecture.",41-9031
01.8201,"Veterinary Administrative Services, General",Agriculture,other,cip2,Agriculture,first-line supervisors of office and administrative support workers,Environmental consultant,"Permitting, site assessment, and compliance for developers and industrials.",19-2041,Occupational health specialist,"Workplace injury, exposure, and return-to-work at employers and insurers.",19-5011,Sales engineer,"Technical brain on the sales call: demos, POCs, architecture.",41-9031
01.8202,Veterinary Office Management/Administration,Agriculture,other,cip2,Agriculture,first-line supervisors of office and administrative support workers,Environmental consultant,"Permitting, site assessment, and compliance for developers and industrials.",19-2041,Occupational health specialist,"Workplace injury, exposure, and return-to-work at employers and insurers.",19-5011,Sales engineer,"Technical brain on the sales call: demos, POCs, architecture.",41-9031
01.8203,Veterinary Reception/Receptionist,Agriculture,other,cip2,Agriculture,first-line supervisors of office and administrative support workers,Environmental consultant,"Permitting, site assessment, and compliance for developers and industrials.",19-2041,Occupational health specialist,"Workplace injury, exposure, and return-to-work at employers and insurers.",19-5011,Sales engineer,"Technical brain on the sales call: demos, POCs, architecture.",41-9031
01.8204,Veterinary Administrative/Executive Assistant and Veterinary Secretary,Agriculture,other,cip2,Agriculture,first-line supervisors of office and administrative support workers,Environmental consultant,"Permitting, site assessment, and compliance for developers and industrials.",19-2041,Occupational health specialist,"Workplace injury, exposure, and return-to-work at employers and insurers.",19-5011,Sales engineer,"Technical brain on the sales call: demos, POCs, architecture.",41-9031
01.8301,Veterinary/Animal Health Technology/Technician and Veterinary Assistant,Agriculture,other,cip2,Agriculture,veterinary assistants and laboratory animal caretakers,Environmental consultant,"Permitting, site assessment, and compliance for developers and industrials.",19-2041,Occupational health specialist,"Workplace injury, exposure, and return-to-work at employers and insurers.",19-5011,Sales engineer,"Technical brain on the sales call: demos, POCs, architecture.",41-9031
01.8399,"Veterinary/Animal Health Technologies/Technicians, Other",Agriculture,other,cip2,Agriculture,veterinary assistants and laboratory animal caretakers,Environmental consultant,"Permitting, site assessment, and compliance for developers and industrials.",19-2041,Occupational health specialist,"Workplace injury, exposure, and return-to-work at employers and insurers.",19-5011,Sales engineer,"Technical brain on the sales call: demos, POCs, architecture.",41-9031
03.0101,"Natural Resources/Conservation, General",Natural Resources,other,cip4,Natural Resources / Conservation,park ranger or field tech,Environmental consultant,"Permitting, site assessment, and compliance for developers and industrials.",19-2041,EHS specialist,"The same field knowledge, pointed at a plant or campus instead of a park.",19-5011,GIS / planning analyst,"Land use, conservation, and infrastructure as maps and models.",17-1021
03.0103,Environmental Studies,Natural Resources,other,cip4,Natural Resources / Conservation,park ranger or field tech,Environmental consultant,"Permitting, site assessment, and compliance for developers and industrials.",19-2041,EHS specialist,"The same field knowledge, pointed at a plant or campus instead of a park.",19-5011,GIS / planning analyst,"Land use, conservation, and infrastructure as maps and models.",17-1021
03.0104,Environmental Science,Natural Resources,other,cip4,Natural Resources / Conservation,park ranger or field tech,Environmental consultant,"Permitting, site assessment, and compliance for developers and industrials.",19-2041,EHS specialist,"The same field knowledge, pointed at a plant or campus instead of a park.",19-5011,GIS / planning analyst,"Land use, conservation, and infrastructure as maps and models.",17-1021
03.0201,"Environmental/Natural Resources Management and Policy, General",Natural Resources,other,cip2,Natural Resources,conservation scientists,Environmental consultant,"Permitting, site assessment, and compliance for developers and industrials.",19-2041,Occupational health specialist,"Workplace injury, exposure, and return-to-work at employers and insurers.",19-5011,GIS / planning analyst,"Land use and infrastructure as maps, not a field-tech route.",17-1021
03.0204,Environmental/Natural Resource Economics,Natural Resources,other,cip2,Natural Resources,economics teacher,Environmental consultant,"Permitting, site assessment, and compliance for developers and industrials.",19-2041,Occupational health specialist,"Workplace injury, exposure, and return-to-work at employers and insurers.",19-5011,GIS / planning analyst,"Land use and infrastructure as maps, not a field-tech route.",17-1021
03.0205,"Water, Wetlands, and Marine Resources Management",Natural Resources,other,cip2,Natural Resources,conservation scientists,Environmental consultant,"Permitting, site assessment, and compliance for developers and industrials.",19-2041,Occupational health specialist,"Workplace injury, exposure, and return-to-work at employers and insurers.",19-5011,GIS / planning analyst,"Land use and infrastructure as maps, not a field-tech route.",17-1021
03.0206,Land Use Planning and Management/Development,Natural Resources,other,cip2,Natural Resources,conservation scientists,Environmental consultant,"Permitting, site assessment, and compliance for developers and industrials.",19-2041,Occupational health specialist,"Workplace injury, exposure, and return-to-work at employers and insurers.",19-5011,GIS / planning analyst,"Land use and infrastructure as maps, not a field-tech route.",17-1021
03.0207,Environmental/Natural Resource Recreation and Tourism,Natural Resources,other,cip2,Natural Resources,entertainment and recreation managers,Environmental consultant,"Permitting, site assessment, and compliance for developers and industrials.",19-2041,Occupational health specialist,"Workplace injury, exposure, and return-to-work at employers and insurers.",19-5011,GIS / planning analyst,"Land use and infrastructure as maps, not a field-tech route.",17-1021
03.0208,Environmental/Natural Resources Law Enforcement and Protective Services,Natural Resources,other,cip2,Natural Resources,criminal justice and law enforcement teacher,Environmental consultant,"Permitting, site assessment, and compliance for developers and industrials.",19-2041,Occupational health specialist,"Workplace injury, exposure, and return-to-work at employers and insurers.",19-5011,GIS / planning analyst,"Land use and infrastructure as maps, not a field-tech route.",17-1021
03.0209,Energy and Environmental Policy,Natural Resources,other,cip2,Natural Resources,compliance officers,Environmental consultant,"Permitting, site assessment, and compliance for developers and industrials.",19-2041,Occupational health specialist,"Workplace injury, exposure, and return-to-work at employers and insurers.",19-5011,GIS / planning analyst,"Land use and infrastructure as maps, not a field-tech route.",17-1021
03.0299,"Environmental/Natural Resources Management and Policy, Other",Natural Resources,other,cip2,Natural Resources,forestry and conservation science teacher,Environmental consultant,"Permitting, site assessment, and compliance for developers and industrials.",19-2041,Occupational health specialist,"Workplace injury, exposure, and return-to-work at employers and insurers.",19-5011,GIS / planning analyst,"Land use and infrastructure as maps, not a field-tech route.",17-1021
03.0301,Fishing and Fisheries Sciences and Management,Natural Resources,other,cip2,Natural Resources,first-line supervisors of farming,Environmental consultant,"Permitting, site assessment, and compliance for developers and industrials.",19-2041,Occupational health specialist,"Workplace injury, exposure, and return-to-work at employers and insurers.",19-5011,GIS / planning analyst,"Land use and infrastructure as maps, not a field-tech route.",17-1021
03.0501,"Forestry, General",Natural Resources,other,cip2,Natural Resources,first-line supervisors of farming,Environmental consultant,"Permitting, site assessment, and compliance for developers and industrials.",19-2041,Occupational health specialist,"Workplace injury, exposure, and return-to-work at employers and insurers.",19-5011,GIS / planning analyst,"Land use and infrastructure as maps, not a field-tech route.",17-1021
03.0502,Forest Sciences and Biology,Natural Resources,other,cip2,Natural Resources,conservation scientists,Environmental consultant,"Permitting, site assessment, and compliance for developers and industrials.",19-2041,Occupational health specialist,"Workplace injury, exposure, and return-to-work at employers and insurers.",19-5011,GIS / planning analyst,"Land use and infrastructure as maps, not a field-tech route.",17-1021
03.0506,Forest Management/Forest Resources Management,Natural Resources,other,cip2,Natural Resources,conservation scientists,Environmental consultant,"Permitting, site assessment, and compliance for developers and industrials.",19-2041,Occupational health specialist,"Workplace injury, exposure, and return-to-work at employers and insurers.",19-5011,GIS / planning analyst,"Land use and infrastructure as maps, not a field-tech route.",17-1021
03.0508,Urban Forestry,Natural Resources,other,cip2,Natural Resources,forestry and conservation science teacher,Environmental consultant,"Permitting, site assessment, and compliance for developers and industrials.",19-2041,Occupational health specialist,"Workplace injury, exposure, and return-to-work at employers and insurers.",19-5011,GIS / planning analyst,"Land use and infrastructure as maps, not a field-tech route.",17-1021
03.0509,Wood Science and Wood Products/Pulp and Paper Technology/Technician,Natural Resources,other,cip2,Natural Resources,forestry and conservation science teacher,Environmental consultant,"Permitting, site assessment, and compliance for developers and industrials.",19-2041,Occupational health specialist,"Workplace injury, exposure, and return-to-work at employers and insurers.",19-5011,GIS / planning analyst,"Land use and infrastructure as maps, not a field-tech route.",17-1021
03.0510,Forest Resources Production and Management,Natural Resources,other,cip2,Natural Resources,forest and conservation technicians,Environmental consultant,"Permitting, site assessment, and compliance for developers and industrials.",19-2041,Occupational health specialist,"Workplace injury, exposure, and return-to-work at employers and insurers.",19-5011,GIS / planning analyst,"Land use and infrastructure as maps, not a field-tech route.",17-1021
03.0511,Forest Technology/Technician,Natural Resources,other,cip2,Natural Resources,forest and conservation technicians,Environmental consultant,"Permitting, site assessment, and compliance for developers and industrials.",19-2041,Occupational health specialist,"Workplace injury, exposure, and return-to-work at employers and insurers.",19-5011,GIS / planning analyst,"Land use and infrastructure as maps, not a field-tech route.",17-1021
03.0599,"Forestry, Other",Natural Resources,other,cip2,Natural Resources,forestry and conservation science teacher,Environmental consultant,"Permitting, site assessment, and compliance for developers and industrials.",19-2041,Occupational health specialist,"Workplace injury, exposure, and return-to-work at employers and insurers.",19-5011,GIS / planning analyst,"Land use and infrastructure as maps, not a field-tech route.",17-1021
03.0601,"Wildlife, Fish and Wildlands Science and Management",Natural Resources,other,cip2,Natural Resources,zoologists and wildlife biologists,Environmental consultant,"Permitting, site assessment, and compliance for developers and industrials.",19-2041,Occupational health specialist,"Workplace injury, exposure, and return-to-work at employers and insurers.",19-5011,GIS / planning analyst,"Land use and infrastructure as maps, not a field-tech route.",17-1021
03.9999,"Natural Resources and Conservation, Other",Natural Resources,other,cip2,Natural Resources,forestry and conservation science teacher,Environmental consultant,"Permitting, site assessment, and compliance for developers and industrials.",19-2041,Occupational health specialist,"Workplace injury, exposure, and return-to-work at employers and insurers.",19-5011,GIS / planning analyst,"Land use and infrastructure as maps, not a field-tech route.",17-1021
04.0201,Architecture,Architecture,engineering,cip4,Architecture,architect,Cost estimator,The bid is the product. Read a drawing or a spec and price it.,13-1051,Urban / regional planning analyst,"Land use, housing, and infrastructure as maps and models.",19-3051,Systems analyst (implementation),"You stand up the software other people bought — project work, not a rotation.",15-1211
04.0202,Architectural Design,Architecture,engineering,cip4,Architecture,architect,Cost estimator,The bid is the product. Read a drawing or a spec and price it.,13-1051,Urban / regional planning analyst,"Land use, housing, and infrastructure as maps and models.",19-3051,Systems analyst (implementation),"You stand up the software other people bought — project work, not a rotation.",15-1211
04.0299,"Architecture, Other",Architecture,engineering,cip4,Architecture,architect,Cost estimator,The bid is the product. Read a drawing or a spec and price it.,13-1051,Urban / regional planning analyst,"Land use, housing, and infrastructure as maps and models.",19-3051,Systems analyst (implementation),"You stand up the software other people bought — project work, not a rotation.",15-1211
04.0301,"City/Urban, Community, and Regional Planning",Architecture,engineering,cip2,Architecture and Related,urban and regional planners,Cost estimator,The bid is the product. Read a drawing or a spec and price it.,13-1051,Urban / regional planning analyst,"Land use, housing, and infrastructure as maps and models.",19-3051,Systems analyst (implementation),"You stand up the software other people bought — project work, not a rotation.",15-1211
04.0401,Environmental Design/Architecture,Architecture,engineering,cip2,Architecture and Related,architecture teacher,Cost estimator,The bid is the product. Read a drawing or a spec and price it.,13-1051,Urban / regional planning analyst,"Land use, housing, and infrastructure as maps and models.",19-3051,Systems analyst (implementation),"You stand up the software other people bought — project work, not a rotation.",15-1211
04.0402,Healthcare Environment Design/Architecture,Architecture,engineering,cip2,Architecture and Related,architecture teacher,Cost estimator,The bid is the product. Read a drawing or a spec and price it.,13-1051,Urban / regional planning analyst,"Land use, housing, and infrastructure as maps and models.",19-3051,Systems analyst (implementation),"You stand up the software other people bought — project work, not a rotation.",15-1211
04.0403,Sustainable Design/Architecture,Architecture,engineering,cip2,Architecture and Related,architecture teacher,Cost estimator,The bid is the product. Read a drawing or a spec and price it.,13-1051,Urban / regional planning analyst,"Land use, housing, and infrastructure as maps and models.",19-3051,Systems analyst (implementation),"You stand up the software other people bought — project work, not a rotation.",15-1211
04.0499,"Environmental Design, Other",Architecture,engineering,cip2,Architecture and Related,architecture teacher,Cost estimator,The bid is the product. Read a drawing or a spec and price it.,13-1051,Urban / regional planning analyst,"Land use, housing, and infrastructure as maps and models.",19-3051,Systems analyst (implementation),"You stand up the software other people bought — project work, not a rotation.",15-1211
04.0501,Interior Architecture,Architecture,engineering,cip2,Architecture and Related,interior designers,Cost estimator,The bid is the product. Read a drawing or a spec and price it.,13-1051,Urban / regional planning analyst,"Land use, housing, and infrastructure as maps and models.",19-3051,Systems analyst (implementation),"You stand up the software other people bought — project work, not a rotation.",15-1211
04.0601,Landscape Architecture,Architecture,engineering,cip2,Architecture and Related,landscape architects,Cost estimator,The bid is the product. Read a drawing or a spec and price it.,13-1051,Urban / regional planning analyst,"Land use, housing, and infrastructure as maps and models.",19-3051,Systems analyst (implementation),"You stand up the software other people bought — project work, not a rotation.",15-1211
04.0801,"Architectural History and Criticism, General",Architecture,engineering,cip2,Architecture and Related,architects,Cost estimator,The bid is the product. Read a drawing or a spec and price it.,13-1051,Urban / regional planning analyst,"Land use, housing, and infrastructure as maps and models.",19-3051,Systems analyst (implementation),"You stand up the software other people bought — project work, not a rotation.",15-1211
04.0802,Architectural Conservation,Architecture,engineering,cip2,Architecture and Related,historians,Cost estimator,The bid is the product. Read a drawing or a spec and price it.,13-1051,Urban / regional planning analyst,"Land use, housing, and infrastructure as maps and models.",19-3051,Systems analyst (implementation),"You stand up the software other people bought — project work, not a rotation.",15-1211
04.0803,Architectural Studies,Architecture,engineering,cip2,Architecture and Related,architecture teacher,Cost estimator,The bid is the product. Read a drawing or a spec and price it.,13-1051,Urban / regional planning analyst,"Land use, housing, and infrastructure as maps and models.",19-3051,Systems analyst (implementation),"You stand up the software other people bought — project work, not a rotation.",15-1211
04.0899,"Architectural History, Criticism, and Conservation, Other",Architecture,engineering,cip2,Architecture and Related,architecture teacher,Cost estimator,The bid is the product. Read a drawing or a spec and price it.,13-1051,Urban / regional planning analyst,"Land use, housing, and infrastructure as maps and models.",19-3051,Systems analyst (implementation),"You stand up the software other people bought — project work, not a rotation.",15-1211
04.0901,Architectural Technology/Technician,Architecture,engineering,cip2,Architecture and Related,architectural and civil drafters,Cost estimator,The bid is the product. Read a drawing or a spec and price it.,13-1051,Urban / regional planning analyst,"Land use, housing, and infrastructure as maps and models.",19-3051,Systems analyst (implementation),"You stand up the software other people bought — project work, not a rotation.",15-1211
04.0902,Architectural and Building Sciences/Technology,Architecture,engineering,cip2,Architecture and Related,architectural and engineering managers,Cost estimator,The bid is the product. Read a drawing or a spec and price it.,13-1051,Urban / regional planning analyst,"Land use, housing, and infrastructure as maps and models.",19-3051,Systems analyst (implementation),"You stand up the software other people bought — project work, not a rotation.",15-1211
04.0999,"Architectural Sciences and Technology, Other",Architecture,engineering,cip2,Architecture and Related,architectural and civil drafters,Cost estimator,The bid is the product. Read a drawing or a spec and price it.,13-1051,Urban / regional planning analyst,"Land use, housing, and infrastructure as maps and models.",19-3051,Systems analyst (implementation),"You stand up the software other people bought — project work, not a rotation.",15-1211
04.1001,Real Estate Development,Architecture,engineering,cip2,Architecture and Related,property,Cost estimator,The bid is the product. Read a drawing or a spec and price it.,13-1051,Urban / regional planning analyst,"Land use, housing, and infrastructure as maps and models.",19-3051,Systems analyst (implementation),"You stand up the software other people bought — project work, not a rotation.",15-1211
05.0101,African Studies,Area Studies,humanities,cip2,Area and Ethnic Studies,area,Market research analyst,"Audience and demand research sold to brands, agencies, or policy shops.",13-1161,Compliance officer,"Policy as an operating constraint inside a company, hospital, or campus.",13-1041,Management analyst,"Process and systems work for an agency, hospital, or contractor.",13-1111
05.0102,American/United States Studies/Civilization,Area Studies,humanities,cip2,Area and Ethnic Studies,area,Market research analyst,"Audience and demand research sold to brands, agencies, or policy shops.",13-1161,Compliance officer,"Policy as an operating constraint inside a company, hospital, or campus.",13-1041,Management analyst,"Process and systems work for an agency, hospital, or contractor.",13-1111
05.0103,Asian Studies/Civilization,Area Studies,humanities,cip2,Area and Ethnic Studies,area,Market research analyst,"Audience and demand research sold to brands, agencies, or policy shops.",13-1161,Compliance officer,"Policy as an operating constraint inside a company, hospital, or campus.",13-1041,Management analyst,"Process and systems work for an agency, hospital, or contractor.",13-1111
05.0104,East Asian Studies,Area Studies,humanities,cip2,Area and Ethnic Studies,area,Market research analyst,"Audience and demand research sold to brands, agencies, or policy shops.",13-1161,Compliance officer,"Policy as an operating constraint inside a company, hospital, or campus.",13-1041,Management analyst,"Process and systems work for an agency, hospital, or contractor.",13-1111
05.0105,"Russian, Central European, East European and Eurasian Studies",Area Studies,humanities,cip2,Area and Ethnic Studies,area,Market research analyst,"Audience and demand research sold to brands, agencies, or policy shops.",13-1161,Compliance officer,"Policy as an operating constraint inside a company, hospital, or campus.",13-1041,Management analyst,"Process and systems work for an agency, hospital, or contractor.",13-1111
05.0106,European Studies/Civilization,Area Studies,humanities,cip2,Area and Ethnic Studies,area,Market research analyst,"Audience and demand research sold to brands, agencies, or policy shops.",13-1161,Compliance officer,"Policy as an operating constraint inside a company, hospital, or campus.",13-1041,Management analyst,"Process and systems work for an agency, hospital, or contractor.",13-1111
05.0107,Latin American Studies,Area Studies,humanities,cip2,Area and Ethnic Studies,area,Market research analyst,"Audience and demand research sold to brands, agencies, or policy shops.",13-1161,Compliance officer,"Policy as an operating constraint inside a company, hospital, or campus.",13-1041,Management analyst,"Process and systems work for an agency, hospital, or contractor.",13-1111
05.0108,Near and Middle Eastern Studies,Area Studies,humanities,cip2,Area and Ethnic Studies,area,Market research analyst,"Audience and demand research sold to brands, agencies, or policy shops.",13-1161,Compliance officer,"Policy as an operating constraint inside a company, hospital, or campus.",13-1041,Management analyst,"Process and systems work for an agency, hospital, or contractor.",13-1111
05.0109,Pacific Area/Pacific Rim Studies,Area Studies,humanities,cip2,Area and Ethnic Studies,area,Market research analyst,"Audience and demand research sold to brands, agencies, or policy shops.",13-1161,Compliance officer,"Policy as an operating constraint inside a company, hospital, or campus.",13-1041,Management analyst,"Process and systems work for an agency, hospital, or contractor.",13-1111
05.0110,Russian Studies,Area Studies,humanities,cip2,Area and Ethnic Studies,area,Market research analyst,"Audience and demand research sold to brands, agencies, or policy shops.",13-1161,Compliance officer,"Policy as an operating constraint inside a company, hospital, or campus.",13-1041,Management analyst,"Process and systems work for an agency, hospital, or contractor.",13-1111
05.0111,Scandinavian Studies,Area Studies,humanities,cip2,Area and Ethnic Studies,area,Market research analyst,"Audience and demand research sold to brands, agencies, or policy shops.",13-1161,Compliance officer,"Policy as an operating constraint inside a company, hospital, or campus.",13-1041,Management analyst,"Process and systems work for an agency, hospital, or contractor.",13-1111
05.0112,South Asian Studies,Area Studies,humanities,cip2,Area and Ethnic Studies,area,Market research analyst,"Audience and demand research sold to brands, agencies, or policy shops.",13-1161,Compliance officer,"Policy as an operating constraint inside a company, hospital, or campus.",13-1041,Management analyst,"Process and systems work for an agency, hospital, or contractor.",13-1111
05.0113,Southeast Asian Studies,Area Studies,humanities,cip2,Area and Ethnic Studies,area,Market research analyst,"Audience and demand research sold to brands, agencies, or policy shops.",13-1161,Compliance officer,"Policy as an operating constraint inside a company, hospital, or campus.",13-1041,Management analyst,"Process and systems work for an agency, hospital, or contractor.",13-1111
05.0114,Western European Studies,Area Studies,humanities,cip2,Area and Ethnic Studies,area,Market research analyst,"Audience and demand research sold to brands, agencies, or policy shops.",13-1161,Compliance officer,"Policy as an operating constraint inside a company, hospital, or campus.",13-1041,Management analyst,"Process and systems work for an agency, hospital, or contractor.",13-1111
05.0115,Canadian Studies,Area Studies,humanities,cip2,Area and Ethnic Studies,area,Market research analyst,"Audience and demand research sold to brands, agencies, or policy shops.",13-1161,Compliance officer,"Policy as an operating constraint inside a company, hospital, or campus.",13-1041,Management analyst,"Process and systems work for an agency, hospital, or contractor.",13-1111
05.0116,Balkans Studies,Area Studies,humanities,cip2,Area and Ethnic Studies,area,Market research analyst,"Audience and demand research sold to brands, agencies, or policy shops.",13-1161,Compliance officer,"Policy as an operating constraint inside a company, hospital, or campus.",13-1041,Management analyst,"Process and systems work for an agency, hospital, or contractor.",13-1111
05.0117,Baltic Studies,Area Studies,humanities,cip2,Area and Ethnic Studies,area,Market research analyst,"Audience and demand research sold to brands, agencies, or policy shops.",13-1161,Compliance officer,"Policy as an operating constraint inside a company, hospital, or campus.",13-1041,Management analyst,"Process and systems work for an agency, hospital, or contractor.",13-1111
05.0118,Slavic Studies,Area Studies,humanities,cip2,Area and Ethnic Studies,area,Market research analyst,"Audience and demand research sold to brands, agencies, or policy shops.",13-1161,Compliance officer,"Policy as an operating constraint inside a company, hospital, or campus.",13-1041,Management analyst,"Process and systems work for an agency, hospital, or contractor.",13-1111
05.0119,Caribbean Studies,Area Studies,humanities,cip2,Area and Ethnic Studies,area,Market research analyst,"Audience and demand research sold to brands, agencies, or policy shops.",13-1161,Compliance officer,"Policy as an operating constraint inside a company, hospital, or campus.",13-1041,Management analyst,"Process and systems work for an agency, hospital, or contractor.",13-1111
05.0120,Ural-Altaic and Central Asian Studies,Area Studies,humanities,cip2,Area and Ethnic Studies,area,Market research analyst,"Audience and demand research sold to brands, agencies, or policy shops.",13-1161,Compliance officer,"Policy as an operating constraint inside a company, hospital, or campus.",13-1041,Management analyst,"Process and systems work for an agency, hospital, or contractor.",13-1111
05.0121,Commonwealth Studies,Area Studies,humanities,cip2,Area and Ethnic Studies,area,Market research analyst,"Audience and demand research sold to brands, agencies, or policy shops.",13-1161,Compliance officer,"Policy as an operating constraint inside a company, hospital, or campus.",13-1041,Management analyst,"Process and systems work for an agency, hospital, or contractor.",13-1111
05.0122,"Regional Studies (U.S., Canadian, Foreign)",Area Studies,humanities,cip2,Area and Ethnic Studies,area,Market research analyst,"Audience and demand research sold to brands, agencies, or policy shops.",13-1161,Compliance officer,"Policy as an operating constraint inside a company, hospital, or campus.",13-1041,Management analyst,"Process and systems work for an agency, hospital, or contractor.",13-1111
05.0123,Chinese Studies,Area Studies,humanities,cip2,Area and Ethnic Studies,area,Market research analyst,"Audience and demand research sold to brands, agencies, or policy shops.",13-1161,Compliance officer,"Policy as an operating constraint inside a company, hospital, or campus.",13-1041,Management analyst,"Process and systems work for an agency, hospital, or contractor.",13-1111
05.0124,French Studies,Area Studies,humanities,cip2,Area and Ethnic Studies,area,Market research analyst,"Audience and demand research sold to brands, agencies, or policy shops.",13-1161,Compliance officer,"Policy as an operating constraint inside a company, hospital, or campus.",13-1041,Management analyst,"Process and systems work for an agency, hospital, or contractor.",13-1111
05.0125,German Studies,Area Studies,humanities,cip2,Area and Ethnic Studies,area,Market research analyst,"Audience and demand research sold to brands, agencies, or policy shops.",13-1161,Compliance officer,"Policy as an operating constraint inside a company, hospital, or campus.",13-1041,Management analyst,"Process and systems work for an agency, hospital, or contractor.",13-1111
05.0126,Italian Studies,Area Studies,humanities,cip2,Area and Ethnic Studies,area,Market research analyst,"Audience and demand research sold to brands, agencies, or policy shops.",13-1161,Compliance officer,"Policy as an operating constraint inside a company, hospital, or campus.",13-1041,Management analyst,"Process and systems work for an agency, hospital, or contractor.",13-1111
05.0127,Japanese Studies,Area Studies,humanities,cip2,Area and Ethnic Studies,area,Market research analyst,"Audience and demand research sold to brands, agencies, or policy shops.",13-1161,Compliance officer,"Policy as an operating constraint inside a company, hospital, or campus.",13-1041,Management analyst,"Process and systems work for an agency, hospital, or contractor.",13-1111
05.0128,Korean Studies,Area Studies,humanities,cip2,Area and Ethnic Studies,area,Market research analyst,"Audience and demand research sold to brands, agencies, or policy shops.",13-1161,Compliance officer,"Policy as an operating constraint inside a company, hospital, or campus.",13-1041,Management analyst,"Process and systems work for an agency, hospital, or contractor.",13-1111
05.0129,Polish Studies,Area Studies,humanities,cip2,Area and Ethnic Studies,area,Market research analyst,"Audience and demand research sold to brands, agencies, or policy shops.",13-1161,Compliance officer,"Policy as an operating constraint inside a company, hospital, or campus.",13-1041,Management analyst,"Process and systems work for an agency, hospital, or contractor.",13-1111
05.0130,Spanish and Iberian Studies,Area Studies,humanities,cip2,Area and Ethnic Studies,area,Market research analyst,"Audience and demand research sold to brands, agencies, or policy shops.",13-1161,Compliance officer,"Policy as an operating constraint inside a company, hospital, or campus.",13-1041,Management analyst,"Process and systems work for an agency, hospital, or contractor.",13-1111
05.0131,Tibetan Studies,Area Studies,humanities,cip2,Area and Ethnic Studies,area,Market research analyst,"Audience and demand research sold to brands, agencies, or policy shops.",13-1161,Compliance officer,"Policy as an operating constraint inside a company, hospital, or campus.",13-1041,Management analyst,"Process and systems work for an agency, hospital, or contractor.",13-1111
05.0132,Ukraine Studies,Area Studies,humanities,cip2,Area and Ethnic Studies,area,Market research analyst,"Audience and demand research sold to brands, agencies, or policy shops.",13-1161,Compliance officer,"Policy as an operating constraint inside a company, hospital, or campus.",13-1041,Management analyst,"Process and systems work for an agency, hospital, or contractor.",13-1111
05.0133,Irish Studies,Area Studies,humanities,cip2,Area and Ethnic Studies,area,Market research analyst,"Audience and demand research sold to brands, agencies, or policy shops.",13-1161,Compliance officer,"Policy as an operating constraint inside a company, hospital, or campus.",13-1041,Management analyst,"Process and systems work for an agency, hospital, or contractor.",13-1111
05.0134,Latin American and Caribbean Studies,Area Studies,humanities,cip2,Area and Ethnic Studies,area,Market research analyst,"Audience and demand research sold to brands, agencies, or policy shops.",13-1161,Compliance officer,"Policy as an operating constraint inside a company, hospital, or campus.",13-1041,Management analyst,"Process and systems work for an agency, hospital, or contractor.",13-1111
05.0135,Appalachian Studies,Area Studies,humanities,cip2,Area and Ethnic Studies,area,Market research analyst,"Audience and demand research sold to brands, agencies, or policy shops.",13-1161,Compliance officer,"Policy as an operating constraint inside a company, hospital, or campus.",13-1041,Management analyst,"Process and systems work for an agency, hospital, or contractor.",13-1111
05.0136,Arctic Studies,Area Studies,humanities,cip2,Area and Ethnic Studies,area,Market research analyst,"Audience and demand research sold to brands, agencies, or policy shops.",13-1161,Compliance officer,"Policy as an operating constraint inside a company, hospital, or campus.",13-1041,Management analyst,"Process and systems work for an agency, hospital, or contractor.",13-1111
05.0199,"Area Studies, Other",Area Studies,humanities,cip2,Area and Ethnic Studies,area,Market research analyst,"Audience and demand research sold to brands, agencies, or policy shops.",13-1161,Compliance officer,"Policy as an operating constraint inside a company, hospital, or campus.",13-1041,Management analyst,"Process and systems work for an agency, hospital, or contractor.",13-1111
05.0200,Ethnic Studies,Area Studies,humanities,cip2,Area and Ethnic Studies,area,Market research analyst,"Audience and demand research sold to brands, agencies, or policy shops.",13-1161,Compliance officer,"Policy as an operating constraint inside a company, hospital, or campus.",13-1041,Management analyst,"Process and systems work for an agency, hospital, or contractor.",13-1111
05.0201,African-American/Black Studies,Area Studies,humanities,cip2,Area and Ethnic Studies,area,Market research analyst,"Audience and demand research sold to brands, agencies, or policy shops.",13-1161,Compliance officer,"Policy as an operating constraint inside a company, hospital, or campus.",13-1041,Management analyst,"Process and systems work for an agency, hospital, or contractor.",13-1111
05.0202,American Indian/Native American Studies,Area Studies,humanities,cip2,Area and Ethnic Studies,area,Market research analyst,"Audience and demand research sold to brands, agencies, or policy shops.",13-1161,Compliance officer,"Policy as an operating constraint inside a company, hospital, or campus.",13-1041,Management analyst,"Process and systems work for an agency, hospital, or contractor.",13-1111
05.0203,"Hispanic-American, Puerto Rican, and Mexican-American/Chicano Studies",Area Studies,humanities,cip2,Area and Ethnic Studies,area,Market research analyst,"Audience and demand research sold to brands, agencies, or policy shops.",13-1161,Compliance officer,"Policy as an operating constraint inside a company, hospital, or campus.",13-1041,Management analyst,"Process and systems work for an agency, hospital, or contractor.",13-1111
05.0206,Asian-American Studies,Area Studies,humanities,cip2,Area and Ethnic Studies,area,Market research analyst,"Audience and demand research sold to brands, agencies, or policy shops.",13-1161,Compliance officer,"Policy as an operating constraint inside a company, hospital, or campus.",13-1041,Management analyst,"Process and systems work for an agency, hospital, or contractor.",13-1111
05.0207,Women's Studies,Area Studies,humanities,cip2,Area and Ethnic Studies,area,Market research analyst,"Audience and demand research sold to brands, agencies, or policy shops.",13-1161,Compliance officer,"Policy as an operating constraint inside a company, hospital, or campus.",13-1041,Management analyst,"Process and systems work for an agency, hospital, or contractor.",13-1111
05.0208,Gay/Lesbian Studies,Area Studies,humanities,cip2,Area and Ethnic Studies,area,Market research analyst,"Audience and demand research sold to brands, agencies, or policy shops.",13-1161,Compliance officer,"Policy as an operating constraint inside a company, hospital, or campus.",13-1041,Management analyst,"Process and systems work for an agency, hospital, or contractor.",13-1111
05.0209,Folklore Studies,Area Studies,humanities,cip2,Area and Ethnic Studies,area,Market research analyst,"Audience and demand research sold to brands, agencies, or policy shops.",13-1161,Compliance officer,"Policy as an operating constraint inside a company, hospital, or campus.",13-1041,Management analyst,"Process and systems work for an agency, hospital, or contractor.",13-1111
05.0210,Disability Studies,Area Studies,humanities,cip2,Area and Ethnic Studies,area,Market research analyst,"Audience and demand research sold to brands, agencies, or policy shops.",13-1161,Compliance officer,"Policy as an operating constraint inside a company, hospital, or campus.",13-1041,Management analyst,"Process and systems work for an agency, hospital, or contractor.",13-1111
05.0211,Deaf Studies,Area Studies,humanities,cip2,Area and Ethnic Studies,interpreters and translators,Market research analyst,"Audience and demand research sold to brands, agencies, or policy shops.",13-1161,Compliance officer,"Policy as an operating constraint inside a company, hospital, or campus.",13-1041,Management analyst,"Process and systems work for an agency, hospital, or contractor.",13-1111
05.0212,Comparative Group Studies,Area Studies,humanities,cip2,Area and Ethnic Studies,area,Market research analyst,"Audience and demand research sold to brands, agencies, or policy shops.",13-1161,Compliance officer,"Policy as an operating constraint inside a company, hospital, or campus.",13-1041,Management analyst,"Process and systems work for an agency, hospital, or contractor.",13-1111
05.0299,"Ethnic, Cultural Minority, Gender, and Group Studies, Other",Area Studies,humanities,cip2,Area and Ethnic Studies,area,Market research analyst,"Audience and demand research sold to brands, agencies, or policy shops.",13-1161,Compliance officer,"Policy as an operating constraint inside a company, hospital, or campus.",13-1041,Management analyst,"Process and systems work for an agency, hospital, or contractor.",13-1111
05.9999,"Area, Ethnic, Cultural, Gender, and Group Studies, Other",Area Studies,humanities,cip2,Area and Ethnic Studies,area,Market research analyst,"Audience and demand research sold to brands, agencies, or policy shops.",13-1161,Compliance officer,"Policy as an operating constraint inside a company, hospital, or campus.",13-1041,Management analyst,"Process and systems work for an agency, hospital, or contractor.",13-1111
09.0100,"Communication, General",Communication,humanities,cip4,Communication,PR specialist,Developer advocate,"Explain a technical product to builders; writing and stage skills, not a press list.",,Training specialist,"Internal comms that has to change behavior — enablement, not announcements.",13-1151,Market research analyst,"Audience research sold as insight, not as coverage.",13-1161
09.0101,Speech Communication and Rhetoric,Communication,humanities,cip4,Communication,PR specialist,Developer advocate,"Explain a technical product to builders; writing and stage skills, not a press list.",,Training specialist,"Internal comms that has to change behavior — enablement, not announcements.",13-1151,Market research analyst,"Audience research sold as insight, not as coverage.",13-1161
09.0102,Mass Communication/Media Studies,Communication,humanities,cip4,Communication,PR specialist,Developer advocate,"Explain a technical product to builders; writing and stage skills, not a press list.",,Training specialist,"Internal comms that has to change behavior — enablement, not announcements.",13-1151,Market research analyst,"Audience research sold as insight, not as coverage.",13-1161
09.0401,Journalism,Communication,humanities,cip2,Communication,writers and authors,Training specialist,"Facilitation and curriculum, delivered to employees instead of a classroom.",13-1151,Market research analyst,"Audience and demand research sold to brands, agencies, or policy shops.",13-1161,Sales engineer,"Technical brain on the sales call: demos, POCs, architecture.",41-9031
09.0402,Broadcast Journalism,Communication,humanities,cip2,Communication,broadcast announcers and radio disc jockeys,Training specialist,"Facilitation and curriculum, delivered to employees instead of a classroom.",13-1151,Market research analyst,"Audience and demand research sold to brands, agencies, or policy shops.",13-1161,Sales engineer,"Technical brain on the sales call: demos, POCs, architecture.",41-9031
09.0404,Photojournalism,Communication,humanities,cip2,Communication,photographers,Training specialist,"Facilitation and curriculum, delivered to employees instead of a classroom.",13-1151,Market research analyst,"Audience and demand research sold to brands, agencies, or policy shops.",13-1161,Sales engineer,"Technical brain on the sales call: demos, POCs, architecture.",41-9031
09.0405,Business and Economic Journalism,Communication,humanities,cip2,Communication,news analysts,Training specialist,"Facilitation and curriculum, delivered to employees instead of a classroom.",13-1151,Market research analyst,"Audience and demand research sold to brands, agencies, or policy shops.",13-1161,Sales engineer,"Technical brain on the sales call: demos, POCs, architecture.",41-9031
09.0406,Cultural Journalism,Communication,humanities,cip2,Communication,news analysts,Training specialist,"Facilitation and curriculum, delivered to employees instead of a classroom.",13-1151,Market research analyst,"Audience and demand research sold to brands, agencies, or policy shops.",13-1161,Sales engineer,"Technical brain on the sales call: demos, POCs, architecture.",41-9031
09.0407,Science/Health/Environmental Journalism,Communication,humanities,cip2,Communication,news analysts,Training specialist,"Facilitation and curriculum, delivered to employees instead of a classroom.",13-1151,Market research analyst,"Audience and demand research sold to brands, agencies, or policy shops.",13-1161,Sales engineer,"Technical brain on the sales call: demos, POCs, architecture.",41-9031
09.0499,"Journalism, Other",Communication,humanities,cip2,Communication,news analysts,Training specialist,"Facilitation and curriculum, delivered to employees instead of a classroom.",13-1151,Market research analyst,"Audience and demand research sold to brands, agencies, or policy shops.",13-1161,Sales engineer,"Technical brain on the sales call: demos, POCs, architecture.",41-9031
09.0701,Radio and Television,Communication,humanities,cip2,Communication,broadcast announcers and radio disc jockeys,Training specialist,"Facilitation and curriculum, delivered to employees instead of a classroom.",13-1151,Market research analyst,"Audience and demand research sold to brands, agencies, or policy shops.",13-1161,Sales engineer,"Technical brain on the sales call: demos, POCs, architecture.",41-9031
09.0702,Digital Communication and Media/Multimedia,Communication,humanities,cip2,Communication,media and communication workers,Training specialist,"Facilitation and curriculum, delivered to employees instead of a classroom.",13-1151,Market research analyst,"Audience and demand research sold to brands, agencies, or policy shops.",13-1161,Sales engineer,"Technical brain on the sales call: demos, POCs, architecture.",41-9031
09.0900,"Public Relations, Advertising, and Applied Communication",Communication,humanities,cip4,PR / Advertising / Applied Comms,PR coordinator,Market research / brand insights,"The brief and the audience, not the pitch deck or the clip book.",13-1161,Developer community / DevRel,A technical audience is still an audience; most PR majors never try it.,,Sales engineer,"If you can learn the product, this is comms with a technical quota instead of a media list.",41-9031
09.0901,"Organizational Communication, General",Communication,humanities,cip4,PR / Advertising / Applied Comms,PR coordinator,Market research / brand insights,"The brief and the audience, not the pitch deck or the clip book.",13-1161,Developer community / DevRel,A technical audience is still an audience; most PR majors never try it.,,Sales engineer,"If you can learn the product, this is comms with a technical quota instead of a media list.",41-9031
09.0902,Public Relations/Image Management,Communication,humanities,cip4,PR / Advertising / Applied Comms,PR coordinator,Market research / brand insights,"The brief and the audience, not the pitch deck or the clip book.",13-1161,Developer community / DevRel,A technical audience is still an audience; most PR majors never try it.,,Sales engineer,"If you can learn the product, this is comms with a technical quota instead of a media list.",41-9031
09.0903,Advertising,Communication,humanities,cip4,PR / Advertising / Applied Comms,PR coordinator,Market research / brand insights,"The brief and the audience, not the pitch deck or the clip book.",13-1161,Developer community / DevRel,A technical audience is still an audience; most PR majors never try it.,,Sales engineer,"If you can learn the product, this is comms with a technical quota instead of a media list.",41-9031
09.0904,Political Communication,Communication,humanities,cip4,PR / Advertising / Applied Comms,PR coordinator,Market research / brand insights,"The brief and the audience, not the pitch deck or the clip book.",13-1161,Developer community / DevRel,A technical audience is still an audience; most PR majors never try it.,,Sales engineer,"If you can learn the product, this is comms with a technical quota instead of a media list.",41-9031
09.0905,Health Communication,Communication,humanities,cip4,PR / Advertising / Applied Comms,PR coordinator,Market research / brand insights,"The brief and the audience, not the pitch deck or the clip book.",13-1161,Developer community / DevRel,A technical audience is still an audience; most PR majors never try it.,,Sales engineer,"If you can learn the product, this is comms with a technical quota instead of a media list.",41-9031
09.0906,Sports Communication,Communication,humanities,cip4,PR / Advertising / Applied Comms,PR coordinator,Market research / brand insights,"The brief and the audience, not the pitch deck or the clip book.",13-1161,Developer community / DevRel,A technical audience is still an audience; most PR majors never try it.,,Sales engineer,"If you can learn the product, this is comms with a technical quota instead of a media list.",41-9031
09.0907,International and Intercultural Communication,Communication,humanities,cip4,PR / Advertising / Applied Comms,PR coordinator,Market research / brand insights,"The brief and the audience, not the pitch deck or the clip book.",13-1161,Developer community / DevRel,A technical audience is still an audience; most PR majors never try it.,,Sales engineer,"If you can learn the product, this is comms with a technical quota instead of a media list.",41-9031
09.0908,Technical and Scientific Communication,Communication,humanities,cip4,PR / Advertising / Applied Comms,PR coordinator,Market research / brand insights,"The brief and the audience, not the pitch deck or the clip book.",13-1161,Developer community / DevRel,A technical audience is still an audience; most PR majors never try it.,,Sales engineer,"If you can learn the product, this is comms with a technical quota instead of a media list.",41-9031
09.0909,Communication Management and Strategic Communications,Communication,humanities,cip4,PR / Advertising / Applied Comms,PR coordinator,Market research / brand insights,"The brief and the audience, not the pitch deck or the clip book.",13-1161,Developer community / DevRel,A technical audience is still an audience; most PR majors never try it.,,Sales engineer,"If you can learn the product, this is comms with a technical quota instead of a media list.",41-9031
09.1001,Publishing,Communication,humanities,cip2,Communication,editors,Training specialist,"Facilitation and curriculum, delivered to employees instead of a classroom.",13-1151,Market research analyst,"Audience and demand research sold to brands, agencies, or policy shops.",13-1161,Sales engineer,"Technical brain on the sales call: demos, POCs, architecture.",41-9031
09.9999,"Communication, Journalism, and Related Programs, Other",Communication,humanities,cip2,Communication,writers and authors,Training specialist,"Facilitation and curriculum, delivered to employees instead of a classroom.",13-1151,Market research analyst,"Audience and demand research sold to brands, agencies, or policy shops.",13-1161,Sales engineer,"Technical brain on the sales call: demos, POCs, architecture.",41-9031
10.0105,Communications Technology/Technician,Communications Technologies,other,cip2,Communications Technologies,film and video editors,Sound designer for media,"Picture, games, and ads — the craft seat, not the booth.",27-4014,Production-software specialist,Vendors of editing and review tools hire people who already live in the suite.,,Systems analyst (implementation),"You stand up the software other people bought — project work, not a rotation.",15-1211
10.0201,Photographic and Film/Video Technology/Technician,Communications Technologies,other,cip2,Communications Technologies,audio and video technicians,Sound designer for media,"Picture, games, and ads — the craft seat, not the booth.",27-4014,Production-software specialist,Vendors of editing and review tools hire people who already live in the suite.,,Systems analyst (implementation),"You stand up the software other people bought — project work, not a rotation.",15-1211
10.0202,Radio and Television Broadcasting Technology/Technician,Communications Technologies,other,cip2,Communications Technologies,camera operators,Sound designer for media,"Picture, games, and ads — the craft seat, not the booth.",27-4014,Production-software specialist,Vendors of editing and review tools hire people who already live in the suite.,,Systems analyst (implementation),"You stand up the software other people bought — project work, not a rotation.",15-1211
10.0203,Recording Arts Technology/Technician,Communications Technologies,other,cip2,Communications Technologies,audio and video technicians,Sound designer for media,"Picture, games, and ads — the craft seat, not the booth.",27-4014,Production-software specialist,Vendors of editing and review tools hire people who already live in the suite.,,Systems analyst (implementation),"You stand up the software other people bought — project work, not a rotation.",15-1211
10.0204,Voice Writing Technology/Technician,Communications Technologies,other,cip2,Communications Technologies,court reporters and simultaneous captioners,Sound designer for media,"Picture, games, and ads — the craft seat, not the booth.",27-4014,Production-software specialist,Vendors of editing and review tools hire people who already live in the suite.,,Systems analyst (implementation),"You stand up the software other people bought — project work, not a rotation.",15-1211
10.0299,"Audiovisual Communications Technologies/Technicians, Other",Communications Technologies,other,cip2,Communications Technologies,broadcast technicians,Sound designer for media,"Picture, games, and ads — the craft seat, not the booth.",27-4014,Production-software specialist,Vendors of editing and review tools hire people who already live in the suite.,,Systems analyst (implementation),"You stand up the software other people bought — project work, not a rotation.",15-1211
10.0301,"Graphic Communications, General",Communications Technologies,other,cip2,Communications Technologies,prepress technicians and workers,Sound designer for media,"Picture, games, and ads — the craft seat, not the booth.",27-4014,Production-software specialist,Vendors of editing and review tools hire people who already live in the suite.,,Systems analyst (implementation),"You stand up the software other people bought — project work, not a rotation.",15-1211
10.0302,Printing Management,Communications Technologies,other,cip2,Communications Technologies,printing press operators,Sound designer for media,"Picture, games, and ads — the craft seat, not the booth.",27-4014,Production-software specialist,Vendors of editing and review tools hire people who already live in the suite.,,Systems analyst (implementation),"You stand up the software other people bought — project work, not a rotation.",15-1211
10.0303,Prepress/Desktop Publishing and Digital Imaging Design,Communications Technologies,other,cip2,Communications Technologies,prepress technicians and workers,Sound designer for media,"Picture, games, and ads — the craft seat, not the booth.",27-4014,Production-software specialist,Vendors of editing and review tools hire people who already live in the suite.,,Systems analyst (implementation),"You stand up the software other people bought — project work, not a rotation.",15-1211
10.0304,"Animation, Interactive Technology, Video Graphics, and Special Effects",Communications Technologies,other,cip2,Communications Technologies,special effects artists and animators,Sound designer for media,"Picture, games, and ads — the craft seat, not the booth.",27-4014,Production-software specialist,Vendors of editing and review tools hire people who already live in the suite.,,Systems analyst (implementation),"You stand up the software other people bought — project work, not a rotation.",15-1211
10.0305,"Graphic and Printing Equipment Operator, General Production",Communications Technologies,other,cip2,Communications Technologies,printing press operators,Sound designer for media,"Picture, games, and ads — the craft seat, not the booth.",27-4014,Production-software specialist,Vendors of editing and review tools hire people who already live in the suite.,,Systems analyst (implementation),"You stand up the software other people bought — project work, not a rotation.",15-1211
10.0306,Platemaker/Imager,Communications Technologies,other,cip2,Communications Technologies,prepress technicians and workers,Sound designer for media,"Picture, games, and ads — the craft seat, not the booth.",27-4014,Production-software specialist,Vendors of editing and review tools hire people who already live in the suite.,,Systems analyst (implementation),"You stand up the software other people bought — project work, not a rotation.",15-1211
10.0307,Printing Press Operator,Communications Technologies,other,cip2,Communications Technologies,printing press operators,Sound designer for media,"Picture, games, and ads — the craft seat, not the booth.",27-4014,Production-software specialist,Vendors of editing and review tools hire people who already live in the suite.,,Systems analyst (implementation),"You stand up the software other people bought — project work, not a rotation.",15-1211
10.0308,Computer Typography and Composition Equipment Operator,Communications Technologies,other,cip2,Communications Technologies,prepress technicians and workers,Sound designer for media,"Picture, games, and ads — the craft seat, not the booth.",27-4014,Production-software specialist,Vendors of editing and review tools hire people who already live in the suite.,,Systems analyst (implementation),"You stand up the software other people bought — project work, not a rotation.",15-1211
10.0399,"Graphic Communications, Other",Communications Technologies,other,cip2,Communications Technologies,printing press operators,Sound designer for media,"Picture, games, and ads — the craft seat, not the booth.",27-4014,Production-software specialist,Vendors of editing and review tools hire people who already live in the suite.,,Systems analyst (implementation),"You stand up the software other people bought — project work, not a rotation.",15-1211
11.0101,"Computer and Information Sciences, General",Computer Science,computing,cip4,Computer & Information Sciences,help desk,Sales engineer,"Technical brain on the sales call: demos, POCs, architecture — chronically under-applied-to.",41-9031,Information security analyst,"Identity, logging, and controls — adjacent to systems work, not ticket-taking.",15-1212,Systems analyst (implementation / FDE),"Embed with the customer after the deal; half consultant, half engineer.",15-1211
11.0102,Artificial Intelligence,Computer Science,computing,cip4,Computer & Information Sciences,help desk,Sales engineer,"Technical brain on the sales call: demos, POCs, architecture — chronically under-applied-to.",41-9031,Information security analyst,"Identity, logging, and controls — adjacent to systems work, not ticket-taking.",15-1212,Systems analyst (implementation / FDE),"Embed with the customer after the deal; half consultant, half engineer.",15-1211
11.0103,Information Technology,Computer Science,computing,cip4,Computer & Information Sciences,help desk,Sales engineer,"Technical brain on the sales call: demos, POCs, architecture — chronically under-applied-to.",41-9031,Information security analyst,"Identity, logging, and controls — adjacent to systems work, not ticket-taking.",15-1212,Systems analyst (implementation / FDE),"Embed with the customer after the deal; half consultant, half engineer.",15-1211
11.0104,Informatics,Computer Science,computing,cip4,Computer & Information Sciences,help desk,Sales engineer,"Technical brain on the sales call: demos, POCs, architecture — chronically under-applied-to.",41-9031,Information security analyst,"Identity, logging, and controls — adjacent to systems work, not ticket-taking.",15-1212,Systems analyst (implementation / FDE),"Embed with the customer after the deal; half consultant, half engineer.",15-1211
11.0105,Human-Centered Technology Design,Computer Science,computing,cip4,Computer & Information Sciences,help desk,Sales engineer,"Technical brain on the sales call: demos, POCs, architecture — chronically under-applied-to.",41-9031,Information security analyst,"Identity, logging, and controls — adjacent to systems work, not ticket-taking.",15-1212,Systems analyst (implementation / FDE),"Embed with the customer after the deal; half consultant, half engineer.",15-1211
11.0199,"Computer and Information Sciences,  Other",Computer Science,computing,cip4,Computer & Information Sciences,help desk,Sales engineer,"Technical brain on the sales call: demos, POCs, architecture — chronically under-applied-to.",41-9031,Information security analyst,"Identity, logging, and controls — adjacent to systems work, not ticket-taking.",15-1212,Systems analyst (implementation / FDE),"Embed with the customer after the deal; half consultant, half engineer.",15-1211
11.0201,"Computer Programming/Programmer, General",Computer Science,computing,cip2,Computer and Information Sciences,computer network support specialists,Sales engineer,"Technical brain on the sales call: demos, POCs, architecture.",41-9031,Information security analyst,"Identity, logging, and controls — investigations without a ticket queue.",15-1212,Systems analyst (implementation),"You stand up the software other people bought — project work, not a rotation.",15-1211
11.0202,"Computer Programming, Specific Applications",Computer Science,computing,cip2,Computer and Information Sciences,computer programmers,Sales engineer,"Technical brain on the sales call: demos, POCs, architecture.",41-9031,Information security analyst,"Identity, logging, and controls — investigations without a ticket queue.",15-1212,Systems analyst (implementation),"You stand up the software other people bought — project work, not a rotation.",15-1211
11.0203,"Computer Programming, Vendor/Product Certification",Computer Science,computing,cip2,Computer and Information Sciences,computer programmers,Sales engineer,"Technical brain on the sales call: demos, POCs, architecture.",41-9031,Information security analyst,"Identity, logging, and controls — investigations without a ticket queue.",15-1212,Systems analyst (implementation),"You stand up the software other people bought — project work, not a rotation.",15-1211
11.0204,Computer Game Programming,Computer Science,computing,cip2,Computer and Information Sciences,computer programmers,Sales engineer,"Technical brain on the sales call: demos, POCs, architecture.",41-9031,Information security analyst,"Identity, logging, and controls — investigations without a ticket queue.",15-1212,Systems analyst (implementation),"You stand up the software other people bought — project work, not a rotation.",15-1211
11.0205,"Computer Programming, Specific Platforms",Computer Science,computing,cip2,Computer and Information Sciences,computer programmers,Sales engineer,"Technical brain on the sales call: demos, POCs, architecture.",41-9031,Information security analyst,"Identity, logging, and controls — investigations without a ticket queue.",15-1212,Systems analyst (implementation),"You stand up the software other people bought — project work, not a rotation.",15-1211
11.0299,"Computer Programming, Other",Computer Science,computing,cip2,Computer and Information Sciences,computer programmers,Sales engineer,"Technical brain on the sales call: demos, POCs, architecture.",41-9031,Information security analyst,"Identity, logging, and controls — investigations without a ticket queue.",15-1212,Systems analyst (implementation),"You stand up the software other people bought — project work, not a rotation.",15-1211
11.0301,Data Processing and Data Processing Technology/Technician,Computer Science,computing,cip2,Computer and Information Sciences,computer occupations,Sales engineer,"Technical brain on the sales call: demos, POCs, architecture.",41-9031,Information security analyst,"Identity, logging, and controls — investigations without a ticket queue.",15-1212,Systems analyst (implementation),"You stand up the software other people bought — project work, not a rotation.",15-1211
11.0401,Information Science/Studies,Computer Science,computing,cip2,Computer and Information Sciences,computer and information systems managers,Sales engineer,"Technical brain on the sales call: demos, POCs, architecture.",41-9031,Information security analyst,"Identity, logging, and controls — investigations without a ticket queue.",15-1212,Systems analyst (implementation),"You stand up the software other people bought — project work, not a rotation.",15-1211
11.0501,Computer Systems Analysis/Analyst,Computer Science,computing,cip2,Computer and Information Sciences,computer systems analysts,Sales engineer,"Technical brain on the sales call: demos, POCs, architecture.",41-9031,Information security analyst,"Identity, logging, and controls — investigations without a ticket queue.",15-1212,Systems analyst (implementation),"You stand up the software other people bought — project work, not a rotation.",15-1211
11.0601,"Data Entry/Microcomputer Applications, General",Computer Science,computing,cip2,Computer and Information Sciences,data entry keyers,Sales engineer,"Technical brain on the sales call: demos, POCs, architecture.",41-9031,Information security analyst,"Identity, logging, and controls — investigations without a ticket queue.",15-1212,Systems analyst (implementation),"You stand up the software other people bought — project work, not a rotation.",15-1211
11.0602,Word Processing,Computer Science,computing,cip2,Computer and Information Sciences,word processors and typists,Sales engineer,"Technical brain on the sales call: demos, POCs, architecture.",41-9031,Information security analyst,"Identity, logging, and controls — investigations without a ticket queue.",15-1212,Systems analyst (implementation),"You stand up the software other people bought — project work, not a rotation.",15-1211
11.0701,Computer Science,Computer Science,computing,cip4,Computer Science,software developer,Sales engineer,"Same technical bar as junior SWE, more customer contact, faster path into how software is bought.",41-9031,Developer advocate,"Sample apps, talks, and docs for a company whose customers are developers — not a product team.",,Information security analyst,Offense/defense and control design instead of shipping features.,15-1212
11.0801,"Web Page, Digital/Multimedia and Information Resources Design",Computer Science,computing,cip2,Computer and Information Sciences,web and digital interface designers,Sales engineer,"Technical brain on the sales call: demos, POCs, architecture.",41-9031,Information security analyst,"Identity, logging, and controls — investigations without a ticket queue.",15-1212,Systems analyst (implementation),"You stand up the software other people bought — project work, not a rotation.",15-1211
11.0802,Data Modeling/Warehousing and Database Administration,Computer Science,computing,cip2,Computer and Information Sciences,data scientists,Sales engineer,"Technical brain on the sales call: demos, POCs, architecture.",41-9031,Information security analyst,"Identity, logging, and controls — investigations without a ticket queue.",15-1212,Systems analyst (implementation),"You stand up the software other people bought — project work, not a rotation.",15-1211
11.0803,Computer Graphics,Computer Science,computing,cip2,Computer and Information Sciences,computer programmers,Sales engineer,"Technical brain on the sales call: demos, POCs, architecture.",41-9031,Information security analyst,"Identity, logging, and controls — investigations without a ticket queue.",15-1212,Systems analyst (implementation),"You stand up the software other people bought — project work, not a rotation.",15-1211
11.0804,"Modeling, Virtual Environments and Simulation",Computer Science,computing,cip2,Computer and Information Sciences,software developers,Sales engineer,"Technical brain on the sales call: demos, POCs, architecture.",41-9031,Information security analyst,"Identity, logging, and controls — investigations without a ticket queue.",15-1212,Systems analyst (implementation),"You stand up the software other people bought — project work, not a rotation.",15-1211
11.0901,Computer Systems Networking and Telecommunications,Computer Science,computing,cip2,Computer and Information Sciences,computer and information systems managers,Sales engineer,"Technical brain on the sales call: demos, POCs, architecture.",41-9031,Information security analyst,"Identity, logging, and controls — investigations without a ticket queue.",15-1212,Systems analyst (implementation),"You stand up the software other people bought — project work, not a rotation.",15-1211
11.0902,Cloud Computing,Computer Science,computing,cip2,Computer and Information Sciences,software developers,Sales engineer,"Technical brain on the sales call: demos, POCs, architecture.",41-9031,Information security analyst,"Identity, logging, and controls — investigations without a ticket queue.",15-1212,Systems analyst (implementation),"You stand up the software other people bought — project work, not a rotation.",15-1211
11.1001,Network and System Administration/Administrator,Computer Science,computing,cip4,IT Administration,help desk / junior sysadmin,Information security analyst,The natural step off the ticket queue that still uses the same stack knowledge.,15-1212,Sales engineer (cloud / infra),You already speak environments; vendors will pay you to explain them to buyers.,41-9031,Systems analyst (implementation),"Stand up identity, backup, or ITSM for a customer — project work, not break/fix.",15-1211
11.1002,"System, Networking, and LAN/WAN Management/Manager",Computer Science,computing,cip4,IT Administration,help desk / junior sysadmin,Information security analyst,The natural step off the ticket queue that still uses the same stack knowledge.,15-1212,Sales engineer (cloud / infra),You already speak environments; vendors will pay you to explain them to buyers.,41-9031,Systems analyst (implementation),"Stand up identity, backup, or ITSM for a customer — project work, not break/fix.",15-1211
11.1003,Computer and Information Systems Security/Auditing/Information Assurance,Computer Science,computing,cip4,IT Administration,help desk / junior sysadmin,Information security analyst,The natural step off the ticket queue that still uses the same stack knowledge.,15-1212,Sales engineer (cloud / infra),You already speak environments; vendors will pay you to explain them to buyers.,41-9031,Systems analyst (implementation),"Stand up identity, backup, or ITSM for a customer — project work, not break/fix.",15-1211
11.1004,Web/Multimedia Management and Webmaster,Computer Science,computing,cip4,IT Administration,help desk / junior sysadmin,Information security analyst,The natural step off the ticket queue that still uses the same stack knowledge.,15-1212,Sales engineer (cloud / infra),You already speak environments; vendors will pay you to explain them to buyers.,41-9031,Systems analyst (implementation),"Stand up identity, backup, or ITSM for a customer — project work, not break/fix.",15-1211
11.1005,Information Technology Project Management,Computer Science,computing,cip4,IT Administration,help desk / junior sysadmin,Information security analyst,The natural step off the ticket queue that still uses the same stack knowledge.,15-1212,Sales engineer (cloud / infra),You already speak environments; vendors will pay you to explain them to buyers.,41-9031,Systems analyst (implementation),"Stand up identity, backup, or ITSM for a customer — project work, not break/fix.",15-1211
11.1006,Computer Support Specialist,Computer Science,computing,cip4,IT Administration,help desk / junior sysadmin,Information security analyst,The natural step off the ticket queue that still uses the same stack knowledge.,15-1212,Sales engineer (cloud / infra),You already speak environments; vendors will pay you to explain them to buyers.,41-9031,Systems analyst (implementation),"Stand up identity, backup, or ITSM for a customer — project work, not break/fix.",15-1211
12.0301,"Funeral Service and Mortuary Science, General",Personal Services,other,cip2,Culinary and Personal Services,morticians,Training specialist,"Facilitation and curriculum, delivered to employees instead of a classroom.",13-1151,Buyer / purchasing agent,"Supplier negotiation and cost — commerce, not a namesake shop.",13-1020,Occupational health specialist,"Workplace injury, exposure, and return-to-work at employers and insurers.",19-5011
12.0302,Funeral Direction/Service,Personal Services,other,cip2,Culinary and Personal Services,morticians,Training specialist,"Facilitation and curriculum, delivered to employees instead of a classroom.",13-1151,Buyer / purchasing agent,"Supplier negotiation and cost — commerce, not a namesake shop.",13-1020,Occupational health specialist,"Workplace injury, exposure, and return-to-work at employers and insurers.",19-5011
12.0303,Mortuary Science and Embalming/Embalmer,Personal Services,other,cip2,Culinary and Personal Services,embalmers,Training specialist,"Facilitation and curriculum, delivered to employees instead of a classroom.",13-1151,Buyer / purchasing agent,"Supplier negotiation and cost — commerce, not a namesake shop.",13-1020,Occupational health specialist,"Workplace injury, exposure, and return-to-work at employers and insurers.",19-5011
12.0399,"Funeral Service and Mortuary Science, Other",Personal Services,other,cip2,Culinary and Personal Services,morticians,Training specialist,"Facilitation and curriculum, delivered to employees instead of a classroom.",13-1151,Buyer / purchasing agent,"Supplier negotiation and cost — commerce, not a namesake shop.",13-1020,Occupational health specialist,"Workplace injury, exposure, and return-to-work at employers and insurers.",19-5011
12.0401,"Cosmetology/Cosmetologist, General",Personal Services,other,cip4,Cosmetology / Barbering,stylist or barber,Training specialist,"Facilitation and curriculum, delivered to employees instead of a classroom.",13-1151,Buyer / purchasing agent,"Supplier negotiation and cost — commerce, not a namesake shop.",13-1020,Occupational health specialist,"Workplace injury, exposure, and return-to-work at employers and insurers.",19-5011
12.0402,Barbering/Barber,Personal Services,other,cip4,Cosmetology / Barbering,stylist or barber,Training specialist,"Facilitation and curriculum, delivered to employees instead of a classroom.",13-1151,Buyer / purchasing agent,"Supplier negotiation and cost — commerce, not a namesake shop.",13-1020,Occupational health specialist,"Workplace injury, exposure, and return-to-work at employers and insurers.",19-5011
12.0404,Electrolysis/Electrology and Electrolysis Technician,Personal Services,other,cip4,Cosmetology / Barbering,stylist or barber,Training specialist,"Facilitation and curriculum, delivered to employees instead of a classroom.",13-1151,Buyer / purchasing agent,"Supplier negotiation and cost — commerce, not a namesake shop.",13-1020,Occupational health specialist,"Workplace injury, exposure, and return-to-work at employers and insurers.",19-5011
12.0406,Make-Up Artist/Specialist,Personal Services,other,cip4,Cosmetology / Barbering,stylist or barber,Training specialist,"Facilitation and curriculum, delivered to employees instead of a classroom.",13-1151,Buyer / purchasing agent,"Supplier negotiation and cost — commerce, not a namesake shop.",13-1020,Occupational health specialist,"Workplace injury, exposure, and return-to-work at employers and insurers.",19-5011
12.0407,Hair Styling/Stylist and Hair Design,Personal Services,other,cip4,Cosmetology / Barbering,stylist or barber,Training specialist,"Facilitation and curriculum, delivered to employees instead of a classroom.",13-1151,Buyer / purchasing agent,"Supplier negotiation and cost — commerce, not a namesake shop.",13-1020,Occupational health specialist,"Workplace injury, exposure, and return-to-work at employers and insurers.",19-5011
12.0408,Facial Treatment Specialist/Facialist,Personal Services,other,cip4,Cosmetology / Barbering,stylist or barber,Training specialist,"Facilitation and curriculum, delivered to employees instead of a classroom.",13-1151,Buyer / purchasing agent,"Supplier negotiation and cost — commerce, not a namesake shop.",13-1020,Occupational health specialist,"Workplace injury, exposure, and return-to-work at employers and insurers.",19-5011
12.0409,Aesthetician/Esthetician and Skin Care Specialist,Personal Services,other,cip4,Cosmetology / Barbering,stylist or barber,Training specialist,"Facilitation and curriculum, delivered to employees instead of a classroom.",13-1151,Buyer / purchasing agent,"Supplier negotiation and cost — commerce, not a namesake shop.",13-1020,Occupational health specialist,"Workplace injury, exposure, and return-to-work at employers and insurers.",19-5011
12.0410,Nail Technician/Specialist and Manicurist,Personal Services,other,cip4,Cosmetology / Barbering,stylist or barber,Training specialist,"Facilitation and curriculum, delivered to employees instead of a classroom.",13-1151,Buyer / purchasing agent,"Supplier negotiation and cost — commerce, not a namesake shop.",13-1020,Occupational health specialist,"Workplace injury, exposure, and return-to-work at employers and insurers.",19-5011
12.0411,Permanent Cosmetics/Makeup and Tattooing,Personal Services,other,cip4,Cosmetology / Barbering,stylist or barber,Training specialist,"Facilitation and curriculum, delivered to employees instead of a classroom.",13-1151,Buyer / purchasing agent,"Supplier negotiation and cost — commerce, not a namesake shop.",13-1020,Occupational health specialist,"Workplace injury, exposure, and return-to-work at employers and insurers.",19-5011
12.0412,Salon/Beauty Salon Management/Manager,Personal Services,other,cip4,Cosmetology / Barbering,stylist or barber,Training specialist,"Facilitation and curriculum, delivered to employees instead of a classroom.",13-1151,Buyer / purchasing agent,"Supplier negotiation and cost — commerce, not a namesake shop.",13-1020,Occupational health specialist,"Workplace injury, exposure, and return-to-work at employers and insurers.",19-5011
12.0413,"Cosmetology, Barber/Styling, and Nail Instructor",Personal Services,other,cip4,Cosmetology / Barbering,stylist or barber,Training specialist,"Facilitation and curriculum, delivered to employees instead of a classroom.",13-1151,Buyer / purchasing agent,"Supplier negotiation and cost — commerce, not a namesake shop.",13-1020,Occupational health specialist,"Workplace injury, exposure, and return-to-work at employers and insurers.",19-5011
12.0414,Master Aesthetician/Esthetician,Personal Services,other,cip4,Cosmetology / Barbering,stylist or barber,Training specialist,"Facilitation and curriculum, delivered to employees instead of a classroom.",13-1151,Buyer / purchasing agent,"Supplier negotiation and cost — commerce, not a namesake shop.",13-1020,Occupational health specialist,"Workplace injury, exposure, and return-to-work at employers and insurers.",19-5011
12.0499,"Cosmetology and Related Personal Grooming Arts, Other",Personal Services,other,cip4,Cosmetology / Barbering,stylist or barber,Training specialist,"Facilitation and curriculum, delivered to employees instead of a classroom.",13-1151,Buyer / purchasing agent,"Supplier negotiation and cost — commerce, not a namesake shop.",13-1020,Occupational health specialist,"Workplace injury, exposure, and return-to-work at employers and insurers.",19-5011
12.0500,"Cooking and Related Culinary Arts, General",Personal Services,other,cip4,Culinary Arts,line cook,Food scientist / product developer,"Recipes as specs for a CPG or commissary, not a dinner service.",,Restaurant operations analyst,"Throughput, labor, and cost — the management of a kitchen, not the line.",13-1111,Occupational health specialist,"Workplace injury, exposure, and return-to-work at employers and insurers.",19-5011
12.0501,Baking and Pastry Arts/Baker/Pastry Chef,Personal Services,other,cip4,Culinary Arts,line cook,Food scientist / product developer,"Recipes as specs for a CPG or commissary, not a dinner service.",,Restaurant operations analyst,"Throughput, labor, and cost — the management of a kitchen, not the line.",13-1111,Occupational health specialist,"Workplace injury, exposure, and return-to-work at employers and insurers.",19-5011
12.0502,Bartending/Bartender,Personal Services,other,cip4,Culinary Arts,line cook,Food scientist / product developer,"Recipes as specs for a CPG or commissary, not a dinner service.",,Restaurant operations analyst,"Throughput, labor, and cost — the management of a kitchen, not the line.",13-1111,Occupational health specialist,"Workplace injury, exposure, and return-to-work at employers and insurers.",19-5011
12.0503,Culinary Arts/Chef Training,Personal Services,other,cip4,Culinary Arts,line cook,Food scientist / product developer,"Recipes as specs for a CPG or commissary, not a dinner service.",,Restaurant operations analyst,"Throughput, labor, and cost — the management of a kitchen, not the line.",13-1111,Occupational health specialist,"Workplace injury, exposure, and return-to-work at employers and insurers.",19-5011
12.0504,"Restaurant, Culinary, and Catering Management/Manager",Personal Services,other,cip4,Culinary Arts,line cook,Food scientist / product developer,"Recipes as specs for a CPG or commissary, not a dinner service.",,Restaurant operations analyst,"Throughput, labor, and cost — the management of a kitchen, not the line.",13-1111,Occupational health specialist,"Workplace injury, exposure, and return-to-work at employers and insurers.",19-5011
12.0505,Food Preparation/Professional Cooking/Kitchen Assistant,Personal Services,other,cip4,Culinary Arts,line cook,Food scientist / product developer,"Recipes as specs for a CPG or commissary, not a dinner service.",,Restaurant operations analyst,"Throughput, labor, and cost — the management of a kitchen, not the line.",13-1111,Occupational health specialist,"Workplace injury, exposure, and return-to-work at employers and insurers.",19-5011
12.0506,Meat Cutting/Meat Cutter,Personal Services,other,cip4,Culinary Arts,line cook,Food scientist / product developer,"Recipes as specs for a CPG or commissary, not a dinner service.",,Restaurant operations analyst,"Throughput, labor, and cost — the management of a kitchen, not the line.",13-1111,Occupational health specialist,"Workplace injury, exposure, and return-to-work at employers and insurers.",19-5011
12.0507,"Food Service, Waiter/Waitress, and Dining Room Management/Manager",Personal Services,other,cip4,Culinary Arts,line cook,Food scientist / product developer,"Recipes as specs for a CPG or commissary, not a dinner service.",,Restaurant operations analyst,"Throughput, labor, and cost — the management of a kitchen, not the line.",13-1111,Occupational health specialist,"Workplace injury, exposure, and return-to-work at employers and insurers.",19-5011
12.0508,Institutional Food Workers,Personal Services,other,cip4,Culinary Arts,line cook,Food scientist / product developer,"Recipes as specs for a CPG or commissary, not a dinner service.",,Restaurant operations analyst,"Throughput, labor, and cost — the management of a kitchen, not the line.",13-1111,Occupational health specialist,"Workplace injury, exposure, and return-to-work at employers and insurers.",19-5011
12.0509,Culinary Science/Culinology,Personal Services,other,cip4,Culinary Arts,line cook,Food scientist / product developer,"Recipes as specs for a CPG or commissary, not a dinner service.",,Restaurant operations analyst,"Throughput, labor, and cost — the management of a kitchen, not the line.",13-1111,Occupational health specialist,"Workplace injury, exposure, and return-to-work at employers and insurers.",19-5011
12.0510,Wine Steward/Sommelier,Personal Services,other,cip4,Culinary Arts,line cook,Food scientist / product developer,"Recipes as specs for a CPG or commissary, not a dinner service.",,Restaurant operations analyst,"Throughput, labor, and cost — the management of a kitchen, not the line.",13-1111,Occupational health specialist,"Workplace injury, exposure, and return-to-work at employers and insurers.",19-5011
12.0601,"Casino Operations and Services, General",Personal Services,other,cip2,Culinary and Personal Services,first-line supervisors of gambling services workers,Training specialist,"Facilitation and curriculum, delivered to employees instead of a classroom.",13-1151,Buyer / purchasing agent,"Supplier negotiation and cost — commerce, not a namesake shop.",13-1020,Occupational health specialist,"Workplace injury, exposure, and return-to-work at employers and insurers.",19-5011
12.0602,Casino Dealing,Personal Services,other,cip2,Culinary and Personal Services,gambling dealers,Training specialist,"Facilitation and curriculum, delivered to employees instead of a classroom.",13-1151,Buyer / purchasing agent,"Supplier negotiation and cost — commerce, not a namesake shop.",13-1020,Occupational health specialist,"Workplace injury, exposure, and return-to-work at employers and insurers.",19-5011
12.9999,"Culinary, Entertainment, and Personal Services, Other",Personal Services,other,cip2,Culinary and Personal Services,concierges,Training specialist,"Facilitation and curriculum, delivered to employees instead of a classroom.",13-1151,Buyer / purchasing agent,"Supplier negotiation and cost — commerce, not a namesake shop.",13-1020,Occupational health specialist,"Workplace injury, exposure, and return-to-work at employers and insurers.",19-5011
13.0101,"Education, General",Education,other,cip2,Education,education teacher,Training specialist,"Facilitation and curriculum, delivered to employees instead of a classroom.",13-1151,Ed-tech implementation specialist,You stand up the LMS or curriculum platform a district just bought.,,Curriculum developer (publishing),Write and scope lessons for a publisher or online school.,25-9031
13.0201,Bilingual and Multilingual Education,Education,other,cip2,Education,elementary school teachers,Training specialist,"Facilitation and curriculum, delivered to employees instead of a classroom.",13-1151,Ed-tech implementation specialist,You stand up the LMS or curriculum platform a district just bought.,,Curriculum developer (publishing),Write and scope lessons for a publisher or online school.,25-9031
13.0202,Multicultural Education,Education,other,cip2,Education,education teacher,Training specialist,"Facilitation and curriculum, delivered to employees instead of a classroom.",13-1151,Ed-tech implementation specialist,You stand up the LMS or curriculum platform a district just bought.,,Curriculum developer (publishing),Write and scope lessons for a publisher or online school.,25-9031
13.0203,Indian/Native American Education,Education,other,cip2,Education,education teacher,Training specialist,"Facilitation and curriculum, delivered to employees instead of a classroom.",13-1151,Ed-tech implementation specialist,You stand up the LMS or curriculum platform a district just bought.,,Curriculum developer (publishing),Write and scope lessons for a publisher or online school.,25-9031
13.0299,"Bilingual, Multilingual, and Multicultural Education, Other",Education,other,cip2,Education,education teacher,Training specialist,"Facilitation and curriculum, delivered to employees instead of a classroom.",13-1151,Ed-tech implementation specialist,You stand up the LMS or curriculum platform a district just bought.,,Curriculum developer (publishing),Write and scope lessons for a publisher or online school.,25-9031
13.0301,Curriculum and Instruction,Education,other,cip2,Education,instructional coordinators,Training specialist,"Facilitation and curriculum, delivered to employees instead of a classroom.",13-1151,Ed-tech implementation specialist,You stand up the LMS or curriculum platform a district just bought.,,Curriculum developer (publishing),Write and scope lessons for a publisher or online school.,25-9031
13.0401,"Educational Leadership and Administration, General",Education,other,cip2,Education,education administrators,Training specialist,"Facilitation and curriculum, delivered to employees instead of a classroom.",13-1151,Ed-tech implementation specialist,You stand up the LMS or curriculum platform a district just bought.,,Curriculum developer (publishing),Write and scope lessons for a publisher or online school.,25-9031
13.0402,Administration of Special Education,Education,other,cip2,Education,education administrators,Training specialist,"Facilitation and curriculum, delivered to employees instead of a classroom.",13-1151,Ed-tech implementation specialist,You stand up the LMS or curriculum platform a district just bought.,,Curriculum developer (publishing),Write and scope lessons for a publisher or online school.,25-9031
13.0403,Adult and Continuing Education Administration,Education,other,cip2,Education,education administrators,Training specialist,"Facilitation and curriculum, delivered to employees instead of a classroom.",13-1151,Ed-tech implementation specialist,You stand up the LMS or curriculum platform a district just bought.,,Curriculum developer (publishing),Write and scope lessons for a publisher or online school.,25-9031
13.0404,"Educational, Instructional, and Curriculum Supervision",Education,other,cip2,Education,education administrators,Training specialist,"Facilitation and curriculum, delivered to employees instead of a classroom.",13-1151,Ed-tech implementation specialist,You stand up the LMS or curriculum platform a district just bought.,,Curriculum developer (publishing),Write and scope lessons for a publisher or online school.,25-9031
13.0406,Higher Education/Higher Education Administration,Education,other,cip2,Education,education administrators teacher,Training specialist,"Facilitation and curriculum, delivered to employees instead of a classroom.",13-1151,Ed-tech implementation specialist,You stand up the LMS or curriculum platform a district just bought.,,Curriculum developer (publishing),Write and scope lessons for a publisher or online school.,25-9031
13.0407,Community College Administration,Education,other,cip2,Education,education administrators teacher,Training specialist,"Facilitation and curriculum, delivered to employees instead of a classroom.",13-1151,Ed-tech implementation specialist,You stand up the LMS or curriculum platform a district just bought.,,Curriculum developer (publishing),Write and scope lessons for a publisher or online school.,25-9031
13.0408,Elementary and Middle School Administration/Principalship,Education,other,cip2,Education,education administrators,Training specialist,"Facilitation and curriculum, delivered to employees instead of a classroom.",13-1151,Ed-tech implementation specialist,You stand up the LMS or curriculum platform a district just bought.,,Curriculum developer (publishing),Write and scope lessons for a publisher or online school.,25-9031
13.0409,Secondary School Administration/Principalship,Education,other,cip2,Education,education administrators,Training specialist,"Facilitation and curriculum, delivered to employees instead of a classroom.",13-1151,Ed-tech implementation specialist,You stand up the LMS or curriculum platform a district just bought.,,Curriculum developer (publishing),Write and scope lessons for a publisher or online school.,25-9031
13.0410,Urban Education and Leadership,Education,other,cip2,Education,education administrators,Training specialist,"Facilitation and curriculum, delivered to employees instead of a classroom.",13-1151,Ed-tech implementation specialist,You stand up the LMS or curriculum platform a district just bought.,,Curriculum developer (publishing),Write and scope lessons for a publisher or online school.,25-9031
13.0411,Superintendency and Educational System Administration,Education,other,cip2,Education,education administrators,Training specialist,"Facilitation and curriculum, delivered to employees instead of a classroom.",13-1151,Ed-tech implementation specialist,You stand up the LMS or curriculum platform a district just bought.,,Curriculum developer (publishing),Write and scope lessons for a publisher or online school.,25-9031
13.0412,International School Administration/Leadership,Education,other,cip2,Education,education administrators,Training specialist,"Facilitation and curriculum, delivered to employees instead of a classroom.",13-1151,Ed-tech implementation specialist,You stand up the LMS or curriculum platform a district just bought.,,Curriculum developer (publishing),Write and scope lessons for a publisher or online school.,25-9031
13.0413,Education Entrepreneurship,Education,other,cip2,Education,education administrators,Training specialist,"Facilitation and curriculum, delivered to employees instead of a classroom.",13-1151,Ed-tech implementation specialist,You stand up the LMS or curriculum platform a district just bought.,,Curriculum developer (publishing),Write and scope lessons for a publisher or online school.,25-9031
13.0414,Early Childhood Program Administration,Education,other,cip2,Education,education administrators,Training specialist,"Facilitation and curriculum, delivered to employees instead of a classroom.",13-1151,Ed-tech implementation specialist,You stand up the LMS or curriculum platform a district just bought.,,Curriculum developer (publishing),Write and scope lessons for a publisher or online school.,25-9031
13.0499,"Educational Administration and Supervision, Other",Education,other,cip2,Education,education administrators,Training specialist,"Facilitation and curriculum, delivered to employees instead of a classroom.",13-1151,Ed-tech implementation specialist,You stand up the LMS or curriculum platform a district just bought.,,Curriculum developer (publishing),Write and scope lessons for a publisher or online school.,25-9031
13.0501,Educational/Instructional Technology,Education,other,cip2,Education,instructional coordinators,Training specialist,"Facilitation and curriculum, delivered to employees instead of a classroom.",13-1151,Ed-tech implementation specialist,You stand up the LMS or curriculum platform a district just bought.,,Curriculum developer (publishing),Write and scope lessons for a publisher or online school.,25-9031
13.0601,Educational Evaluation and Research,Education,other,cip2,Education,management analysts,Training specialist,"Facilitation and curriculum, delivered to employees instead of a classroom.",13-1151,Ed-tech implementation specialist,You stand up the LMS or curriculum platform a district just bought.,,Curriculum developer (publishing),Write and scope lessons for a publisher or online school.,25-9031
13.0603,Educational Statistics and Research Methods,Education,other,cip2,Education,management analysts,Training specialist,"Facilitation and curriculum, delivered to employees instead of a classroom.",13-1151,Ed-tech implementation specialist,You stand up the LMS or curriculum platform a district just bought.,,Curriculum developer (publishing),Write and scope lessons for a publisher or online school.,25-9031
13.0604,"Educational Assessment, Testing, and Measurement",Education,other,cip2,Education,management analysts,Training specialist,"Facilitation and curriculum, delivered to employees instead of a classroom.",13-1151,Ed-tech implementation specialist,You stand up the LMS or curriculum platform a district just bought.,,Curriculum developer (publishing),Write and scope lessons for a publisher or online school.,25-9031
13.0607,Learning Sciences,Education,other,cip2,Education,social sciences teachers,Training specialist,"Facilitation and curriculum, delivered to employees instead of a classroom.",13-1151,Ed-tech implementation specialist,You stand up the LMS or curriculum platform a district just bought.,,Curriculum developer (publishing),Write and scope lessons for a publisher or online school.,25-9031
13.0608,Institutional Research,Education,other,cip2,Education,management analysts,Training specialist,"Facilitation and curriculum, delivered to employees instead of a classroom.",13-1151,Ed-tech implementation specialist,You stand up the LMS or curriculum platform a district just bought.,,Curriculum developer (publishing),Write and scope lessons for a publisher or online school.,25-9031
13.0699,"Educational Assessment, Evaluation, and Research, Other",Education,other,cip2,Education,management analysts,Training specialist,"Facilitation and curriculum, delivered to employees instead of a classroom.",13-1151,Ed-tech implementation specialist,You stand up the LMS or curriculum platform a district just bought.,,Curriculum developer (publishing),Write and scope lessons for a publisher or online school.,25-9031
13.0901,Social and Philosophical Foundations of Education,Education,other,cip2,Education,education teacher,Training specialist,"Facilitation and curriculum, delivered to employees instead of a classroom.",13-1151,Ed-tech implementation specialist,You stand up the LMS or curriculum platform a district just bought.,,Curriculum developer (publishing),Write and scope lessons for a publisher or online school.,25-9031
13.1001,"Special Education and Teaching, General",Education,other,cip4,Special Education,special education teacher,Assistive-technology specialist,"Devices and software for access — often vendor or district-central, not a homeroom.",,Corporate training specialist,Inclusive design and adult learning inside companies.,13-1151,Ed-tech implementation specialist,Accessibility and IEP-adjacent products need people who have taught the students.,
13.1003,Education/Teaching of Individuals with Hearing Impairments Including Deafness,Education,other,cip4,Special Education,special education teacher,Assistive-technology specialist,"Devices and software for access — often vendor or district-central, not a homeroom.",,Corporate training specialist,Inclusive design and adult learning inside companies.,13-1151,Ed-tech implementation specialist,Accessibility and IEP-adjacent products need people who have taught the students.,
13.1005,Education/Teaching of Individuals with Emotional Disturbances,Education,other,cip4,Special Education,special education teacher,Assistive-technology specialist,"Devices and software for access — often vendor or district-central, not a homeroom.",,Corporate training specialist,Inclusive design and adult learning inside companies.,13-1151,Ed-tech implementation specialist,Accessibility and IEP-adjacent products need people who have taught the students.,
13.1006,Education/Teaching of Individuals with Intellectual Disabilities,Education,other,cip4,Special Education,special education teacher,Assistive-technology specialist,"Devices and software for access — often vendor or district-central, not a homeroom.",,Corporate training specialist,Inclusive design and adult learning inside companies.,13-1151,Ed-tech implementation specialist,Accessibility and IEP-adjacent products need people who have taught the students.,
13.1007,Education/Teaching of Individuals with Multiple Disabilities,Education,other,cip4,Special Education,special education teacher,Assistive-technology specialist,"Devices and software for access — often vendor or district-central, not a homeroom.",,Corporate training specialist,Inclusive design and adult learning inside companies.,13-1151,Ed-tech implementation specialist,Accessibility and IEP-adjacent products need people who have taught the students.,
13.1008,Education/Teaching of Individuals with Orthopedic and Other Physical Health Impairments,Education,other,cip4,Special Education,special education teacher,Assistive-technology specialist,"Devices and software for access — often vendor or district-central, not a homeroom.",,Corporate training specialist,Inclusive design and adult learning inside companies.,13-1151,Ed-tech implementation specialist,Accessibility and IEP-adjacent products need people who have taught the students.,
13.1009,Education/Teaching of Individuals with Vision Impairments Including Blindness,Education,other,cip4,Special Education,special education teacher,Assistive-technology specialist,"Devices and software for access — often vendor or district-central, not a homeroom.",,Corporate training specialist,Inclusive design and adult learning inside companies.,13-1151,Ed-tech implementation specialist,Accessibility and IEP-adjacent products need people who have taught the students.,
13.1011,Education/Teaching of Individuals with Specific Learning Disabilities,Education,other,cip4,Special Education,special education teacher,Assistive-technology specialist,"Devices and software for access — often vendor or district-central, not a homeroom.",,Corporate training specialist,Inclusive design and adult learning inside companies.,13-1151,Ed-tech implementation specialist,Accessibility and IEP-adjacent products need people who have taught the students.,
13.1012,Education/Teaching of Individuals with Speech or Language Impairments,Education,other,cip4,Special Education,special education teacher,Assistive-technology specialist,"Devices and software for access — often vendor or district-central, not a homeroom.",,Corporate training specialist,Inclusive design and adult learning inside companies.,13-1151,Ed-tech implementation specialist,Accessibility and IEP-adjacent products need people who have taught the students.,
13.1013,Education/Teaching of Individuals with Autism,Education,other,cip4,Special Education,special education teacher,Assistive-technology specialist,"Devices and software for access — often vendor or district-central, not a homeroom.",,Corporate training specialist,Inclusive design and adult learning inside companies.,13-1151,Ed-tech implementation specialist,Accessibility and IEP-adjacent products need people who have taught the students.,
13.1014,Education/Teaching of Individuals Who are Developmentally Delayed,Education,other,cip4,Special Education,special education teacher,Assistive-technology specialist,"Devices and software for access — often vendor or district-central, not a homeroom.",,Corporate training specialist,Inclusive design and adult learning inside companies.,13-1151,Ed-tech implementation specialist,Accessibility and IEP-adjacent products need people who have taught the students.,
13.1015,Education/Teaching of Individuals in Early Childhood Special Education Programs,Education,other,cip4,Special Education,special education teacher,Assistive-technology specialist,"Devices and software for access — often vendor or district-central, not a homeroom.",,Corporate training specialist,Inclusive design and adult learning inside companies.,13-1151,Ed-tech implementation specialist,Accessibility and IEP-adjacent products need people who have taught the students.,
13.1016,Education/Teaching of Individuals with Traumatic Brain Injuries,Education,other,cip4,Special Education,special education teacher,Assistive-technology specialist,"Devices and software for access — often vendor or district-central, not a homeroom.",,Corporate training specialist,Inclusive design and adult learning inside companies.,13-1151,Ed-tech implementation specialist,Accessibility and IEP-adjacent products need people who have taught the students.,
13.1017,Education/Teaching of Individuals in Elementary Special Education Programs,Education,other,cip4,Special Education,special education teacher,Assistive-technology specialist,"Devices and software for access — often vendor or district-central, not a homeroom.",,Corporate training specialist,Inclusive design and adult learning inside companies.,13-1151,Ed-tech implementation specialist,Accessibility and IEP-adjacent products need people who have taught the students.,
13.1018,Education/Teaching of Individuals in Junior High/Middle School Special Education Programs,Education,other,cip4,Special Education,special education teacher,Assistive-technology specialist,"Devices and software for access — often vendor or district-central, not a homeroom.",,Corporate training specialist,Inclusive design and adult learning inside companies.,13-1151,Ed-tech implementation specialist,Accessibility and IEP-adjacent products need people who have taught the students.,
13.1019,Education/Teaching of Individuals in Secondary Special Education Programs,Education,other,cip4,Special Education,special education teacher,Assistive-technology specialist,"Devices and software for access — often vendor or district-central, not a homeroom.",,Corporate training specialist,Inclusive design and adult learning inside companies.,13-1151,Ed-tech implementation specialist,Accessibility and IEP-adjacent products need people who have taught the students.,
13.1099,"Special Education and Teaching, Other",Education,other,cip4,Special Education,special education teacher,Assistive-technology specialist,"Devices and software for access — often vendor or district-central, not a homeroom.",,Corporate training specialist,Inclusive design and adult learning inside companies.,13-1151,Ed-tech implementation specialist,Accessibility and IEP-adjacent products need people who have taught the students.,
13.1101,Counselor Education/School Counseling and Guidance Services,Education,other,cip2,Education,educational,Training specialist,"Facilitation and curriculum, delivered to employees instead of a classroom.",13-1151,Ed-tech implementation specialist,You stand up the LMS or curriculum platform a district just bought.,,Curriculum developer (publishing),Write and scope lessons for a publisher or online school.,25-9031
13.1102,College Student Counseling and Personnel Services,Education,other,cip2,Education,educational,Training specialist,"Facilitation and curriculum, delivered to employees instead of a classroom.",13-1151,Ed-tech implementation specialist,You stand up the LMS or curriculum platform a district just bought.,,Curriculum developer (publishing),Write and scope lessons for a publisher or online school.,25-9031
13.1199,"Student Counseling and Personnel Services, Other",Education,other,cip2,Education,educational,Training specialist,"Facilitation and curriculum, delivered to employees instead of a classroom.",13-1151,Ed-tech implementation specialist,You stand up the LMS or curriculum platform a district just bought.,,Curriculum developer (publishing),Write and scope lessons for a publisher or online school.,25-9031
13.1201,Adult and Continuing Education and Teaching,Education,other,cip4,Teacher Education (levels),elementary teacher,Corporate training specialist,"Same lesson-planning muscle, adult learners, company payroll.",13-1151,Ed-tech implementation specialist,You stand up the LMS or curriculum platform a district just bought.,,Curriculum developer (publishing),"Write and scope lessons for a publisher or online school, not a single classroom.",25-9031
13.1202,Elementary Education and Teaching,Education,other,cip4,Teacher Education (levels),elementary teacher,Corporate training specialist,"Same lesson-planning muscle, adult learners, company payroll.",13-1151,Ed-tech implementation specialist,You stand up the LMS or curriculum platform a district just bought.,,Curriculum developer (publishing),"Write and scope lessons for a publisher or online school, not a single classroom.",25-9031
13.1203,Junior High/Intermediate/Middle School Education and Teaching,Education,other,cip4,Teacher Education (levels),elementary teacher,Corporate training specialist,"Same lesson-planning muscle, adult learners, company payroll.",13-1151,Ed-tech implementation specialist,You stand up the LMS or curriculum platform a district just bought.,,Curriculum developer (publishing),"Write and scope lessons for a publisher or online school, not a single classroom.",25-9031
13.1205,Secondary Education and Teaching,Education,other,cip4,Teacher Education (levels),elementary teacher,Corporate training specialist,"Same lesson-planning muscle, adult learners, company payroll.",13-1151,Ed-tech implementation specialist,You stand up the LMS or curriculum platform a district just bought.,,Curriculum developer (publishing),"Write and scope lessons for a publisher or online school, not a single classroom.",25-9031
13.1206,"Teacher Education, Multiple Levels",Education,other,cip4,Teacher Education (levels),elementary teacher,Corporate training specialist,"Same lesson-planning muscle, adult learners, company payroll.",13-1151,Ed-tech implementation specialist,You stand up the LMS or curriculum platform a district just bought.,,Curriculum developer (publishing),"Write and scope lessons for a publisher or online school, not a single classroom.",25-9031
13.1207,Montessori Teacher Education,Education,other,cip4,Teacher Education (levels),elementary teacher,Corporate training specialist,"Same lesson-planning muscle, adult learners, company payroll.",13-1151,Ed-tech implementation specialist,You stand up the LMS or curriculum platform a district just bought.,,Curriculum developer (publishing),"Write and scope lessons for a publisher or online school, not a single classroom.",25-9031
13.1208,Waldorf/Steiner Teacher Education,Education,other,cip4,Teacher Education (levels),elementary teacher,Corporate training specialist,"Same lesson-planning muscle, adult learners, company payroll.",13-1151,Ed-tech implementation specialist,You stand up the LMS or curriculum platform a district just bought.,,Curriculum developer (publishing),"Write and scope lessons for a publisher or online school, not a single classroom.",25-9031
13.1209,Kindergarten/Preschool Education and Teaching,Education,other,cip4,Teacher Education (levels),elementary teacher,Corporate training specialist,"Same lesson-planning muscle, adult learners, company payroll.",13-1151,Ed-tech implementation specialist,You stand up the LMS or curriculum platform a district just bought.,,Curriculum developer (publishing),"Write and scope lessons for a publisher or online school, not a single classroom.",25-9031
13.1210,Early Childhood Education and Teaching,Education,other,cip4,Teacher Education (levels),elementary teacher,Corporate training specialist,"Same lesson-planning muscle, adult learners, company payroll.",13-1151,Ed-tech implementation specialist,You stand up the LMS or curriculum platform a district just bought.,,Curriculum developer (publishing),"Write and scope lessons for a publisher or online school, not a single classroom.",25-9031
13.1211,Online Educator/Online Teaching,Education,other,cip4,Teacher Education (levels),elementary teacher,Corporate training specialist,"Same lesson-planning muscle, adult learners, company payroll.",13-1151,Ed-tech implementation specialist,You stand up the LMS or curriculum platform a district just bought.,,Curriculum developer (publishing),"Write and scope lessons for a publisher or online school, not a single classroom.",25-9031
13.1212,International Teaching and Learning,Education,other,cip4,Teacher Education (levels),elementary teacher,Corporate training specialist,"Same lesson-planning muscle, adult learners, company payroll.",13-1151,Ed-tech implementation specialist,You stand up the LMS or curriculum platform a district just bought.,,Curriculum developer (publishing),"Write and scope lessons for a publisher or online school, not a single classroom.",25-9031
13.1213,"Science, Technology, Engineering, and Mathematics (STEM) Educational Methods",Education,other,cip4,Teacher Education (levels),elementary teacher,Corporate training specialist,"Same lesson-planning muscle, adult learners, company payroll.",13-1151,Ed-tech implementation specialist,You stand up the LMS or curriculum platform a district just bought.,,Curriculum developer (publishing),"Write and scope lessons for a publisher or online school, not a single classroom.",25-9031
13.1214,College/Postsecondary/University Teaching,Education,other,cip4,Teacher Education (levels),elementary teacher,Corporate training specialist,"Same lesson-planning muscle, adult learners, company payroll.",13-1151,Ed-tech implementation specialist,You stand up the LMS or curriculum platform a district just bought.,,Curriculum developer (publishing),"Write and scope lessons for a publisher or online school, not a single classroom.",25-9031
13.1301,Agricultural Teacher Education,Education,other,cip4,Teacher Education (subjects),high school teacher,Corporate training specialist,"Subject expertise plus pedagogy, delivered to employees.",13-1151,Ed-tech implementation specialist,You are the person who makes the new math or science platform actually get used.,,Subject-matter content developer,"Curriculum and assessment for a publisher, bootcamp, or online program.",25-9031
13.1302,Art Teacher Education,Education,other,cip4,Teacher Education (subjects),high school teacher,Corporate training specialist,"Subject expertise plus pedagogy, delivered to employees.",13-1151,Ed-tech implementation specialist,You are the person who makes the new math or science platform actually get used.,,Subject-matter content developer,"Curriculum and assessment for a publisher, bootcamp, or online program.",25-9031
13.1303,Business and Innovation/Entrepreneurship Teacher Education,Education,other,cip4,Teacher Education (subjects),high school teacher,Corporate training specialist,"Subject expertise plus pedagogy, delivered to employees.",13-1151,Ed-tech implementation specialist,You are the person who makes the new math or science platform actually get used.,,Subject-matter content developer,"Curriculum and assessment for a publisher, bootcamp, or online program.",25-9031
13.1304,Driver and Safety Teacher Education,Education,other,cip4,Teacher Education (subjects),high school teacher,Corporate training specialist,"Subject expertise plus pedagogy, delivered to employees.",13-1151,Ed-tech implementation specialist,You are the person who makes the new math or science platform actually get used.,,Subject-matter content developer,"Curriculum and assessment for a publisher, bootcamp, or online program.",25-9031
13.1305,English/Language Arts Teacher Education,Education,other,cip4,Teacher Education (subjects),high school teacher,Corporate training specialist,"Subject expertise plus pedagogy, delivered to employees.",13-1151,Ed-tech implementation specialist,You are the person who makes the new math or science platform actually get used.,,Subject-matter content developer,"Curriculum and assessment for a publisher, bootcamp, or online program.",25-9031
13.1306,Foreign Language Teacher  Education,Education,other,cip4,Teacher Education (subjects),high school teacher,Corporate training specialist,"Subject expertise plus pedagogy, delivered to employees.",13-1151,Ed-tech implementation specialist,You are the person who makes the new math or science platform actually get used.,,Subject-matter content developer,"Curriculum and assessment for a publisher, bootcamp, or online program.",25-9031
13.1307,Health Teacher Education,Education,other,cip4,Teacher Education (subjects),high school teacher,Corporate training specialist,"Subject expertise plus pedagogy, delivered to employees.",13-1151,Ed-tech implementation specialist,You are the person who makes the new math or science platform actually get used.,,Subject-matter content developer,"Curriculum and assessment for a publisher, bootcamp, or online program.",25-9031
13.1308,Family and Consumer Sciences/Home Economics Teacher Education,Education,other,cip4,Teacher Education (subjects),high school teacher,Corporate training specialist,"Subject expertise plus pedagogy, delivered to employees.",13-1151,Ed-tech implementation specialist,You are the person who makes the new math or science platform actually get used.,,Subject-matter content developer,"Curriculum and assessment for a publisher, bootcamp, or online program.",25-9031
13.1309,Technology Teacher Education/Industrial Arts Teacher Education,Education,other,cip4,Teacher Education (subjects),high school teacher,Corporate training specialist,"Subject expertise plus pedagogy, delivered to employees.",13-1151,Ed-tech implementation specialist,You are the person who makes the new math or science platform actually get used.,,Subject-matter content developer,"Curriculum and assessment for a publisher, bootcamp, or online program.",25-9031
13.1310,Sales and Marketing Operations/Marketing and Distribution   Teacher Education,Education,other,cip4,Teacher Education (subjects),high school teacher,Corporate training specialist,"Subject expertise plus pedagogy, delivered to employees.",13-1151,Ed-tech implementation specialist,You are the person who makes the new math or science platform actually get used.,,Subject-matter content developer,"Curriculum and assessment for a publisher, bootcamp, or online program.",25-9031
13.1311,Mathematics Teacher Education,Education,other,cip4,Teacher Education (subjects),high school teacher,Corporate training specialist,"Subject expertise plus pedagogy, delivered to employees.",13-1151,Ed-tech implementation specialist,You are the person who makes the new math or science platform actually get used.,,Subject-matter content developer,"Curriculum and assessment for a publisher, bootcamp, or online program.",25-9031
13.1312,Music Teacher Education,Education,other,cip4,Teacher Education (subjects),high school teacher,Corporate training specialist,"Subject expertise plus pedagogy, delivered to employees.",13-1151,Ed-tech implementation specialist,You are the person who makes the new math or science platform actually get used.,,Subject-matter content developer,"Curriculum and assessment for a publisher, bootcamp, or online program.",25-9031
13.1314,Physical Education Teaching and Coaching,Education,other,cip4,Teacher Education (subjects),high school teacher,Corporate training specialist,"Subject expertise plus pedagogy, delivered to employees.",13-1151,Ed-tech implementation specialist,You are the person who makes the new math or science platform actually get used.,,Subject-matter content developer,"Curriculum and assessment for a publisher, bootcamp, or online program.",25-9031
13.1315,Reading Teacher Education,Education,other,cip4,Teacher Education (subjects),high school teacher,Corporate training specialist,"Subject expertise plus pedagogy, delivered to employees.",13-1151,Ed-tech implementation specialist,You are the person who makes the new math or science platform actually get used.,,Subject-matter content developer,"Curriculum and assessment for a publisher, bootcamp, or online program.",25-9031
13.1316,Science Teacher Education/General Science Teacher Education,Education,other,cip4,Teacher Education (subjects),high school teacher,Corporate training specialist,"Subject expertise plus pedagogy, delivered to employees.",13-1151,Ed-tech implementation specialist,You are the person who makes the new math or science platform actually get used.,,Subject-matter content developer,"Curriculum and assessment for a publisher, bootcamp, or online program.",25-9031
13.1317,Social Science Teacher Education,Education,other,cip4,Teacher Education (subjects),high school teacher,Corporate training specialist,"Subject expertise plus pedagogy, delivered to employees.",13-1151,Ed-tech implementation specialist,You are the person who makes the new math or science platform actually get used.,,Subject-matter content developer,"Curriculum and assessment for a publisher, bootcamp, or online program.",25-9031
13.1318,Social Studies Teacher Education,Education,other,cip4,Teacher Education (subjects),high school teacher,Corporate training specialist,"Subject expertise plus pedagogy, delivered to employees.",13-1151,Ed-tech implementation specialist,You are the person who makes the new math or science platform actually get used.,,Subject-matter content developer,"Curriculum and assessment for a publisher, bootcamp, or online program.",25-9031
13.1319,Technical Teacher Education,Education,other,cip4,Teacher Education (subjects),high school teacher,Corporate training specialist,"Subject expertise plus pedagogy, delivered to employees.",13-1151,Ed-tech implementation specialist,You are the person who makes the new math or science platform actually get used.,,Subject-matter content developer,"Curriculum and assessment for a publisher, bootcamp, or online program.",25-9031
13.1320,Trade and Industrial Teacher Education,Education,other,cip4,Teacher Education (subjects),high school teacher,Corporate training specialist,"Subject expertise plus pedagogy, delivered to employees.",13-1151,Ed-tech implementation specialist,You are the person who makes the new math or science platform actually get used.,,Subject-matter content developer,"Curriculum and assessment for a publisher, bootcamp, or online program.",25-9031
13.1321,Computer Teacher Education,Education,other,cip4,Teacher Education (subjects),high school teacher,Corporate training specialist,"Subject expertise plus pedagogy, delivered to employees.",13-1151,Ed-tech implementation specialist,You are the person who makes the new math or science platform actually get used.,,Subject-matter content developer,"Curriculum and assessment for a publisher, bootcamp, or online program.",25-9031
13.1322,Biology Teacher Education,Education,other,cip4,Teacher Education (subjects),high school teacher,Corporate training specialist,"Subject expertise plus pedagogy, delivered to employees.",13-1151,Ed-tech implementation specialist,You are the person who makes the new math or science platform actually get used.,,Subject-matter content developer,"Curriculum and assessment for a publisher, bootcamp, or online program.",25-9031
13.1323,Chemistry Teacher Education,Education,other,cip4,Teacher Education (subjects),high school teacher,Corporate training specialist,"Subject expertise plus pedagogy, delivered to employees.",13-1151,Ed-tech implementation specialist,You are the person who makes the new math or science platform actually get used.,,Subject-matter content developer,"Curriculum and assessment for a publisher, bootcamp, or online program.",25-9031
13.1324,Drama and Dance Teacher Education,Education,other,cip4,Teacher Education (subjects),high school teacher,Corporate training specialist,"Subject expertise plus pedagogy, delivered to employees.",13-1151,Ed-tech implementation specialist,You are the person who makes the new math or science platform actually get used.,,Subject-matter content developer,"Curriculum and assessment for a publisher, bootcamp, or online program.",25-9031
13.1325,French Language Teacher Education,Education,other,cip4,Teacher Education (subjects),high school teacher,Corporate training specialist,"Subject expertise plus pedagogy, delivered to employees.",13-1151,Ed-tech implementation specialist,You are the person who makes the new math or science platform actually get used.,,Subject-matter content developer,"Curriculum and assessment for a publisher, bootcamp, or online program.",25-9031
13.1326,German Language Teacher Education,Education,other,cip4,Teacher Education (subjects),high school teacher,Corporate training specialist,"Subject expertise plus pedagogy, delivered to employees.",13-1151,Ed-tech implementation specialist,You are the person who makes the new math or science platform actually get used.,,Subject-matter content developer,"Curriculum and assessment for a publisher, bootcamp, or online program.",25-9031
13.1327,Health Occupations Teacher Education,Education,other,cip4,Teacher Education (subjects),high school teacher,Corporate training specialist,"Subject expertise plus pedagogy, delivered to employees.",13-1151,Ed-tech implementation specialist,You are the person who makes the new math or science platform actually get used.,,Subject-matter content developer,"Curriculum and assessment for a publisher, bootcamp, or online program.",25-9031
13.1328,History Teacher Education,Education,other,cip4,Teacher Education (subjects),high school teacher,Corporate training specialist,"Subject expertise plus pedagogy, delivered to employees.",13-1151,Ed-tech implementation specialist,You are the person who makes the new math or science platform actually get used.,,Subject-matter content developer,"Curriculum and assessment for a publisher, bootcamp, or online program.",25-9031
13.1329,Physics Teacher Education,Education,other,cip4,Teacher Education (subjects),high school teacher,Corporate training specialist,"Subject expertise plus pedagogy, delivered to employees.",13-1151,Ed-tech implementation specialist,You are the person who makes the new math or science platform actually get used.,,Subject-matter content developer,"Curriculum and assessment for a publisher, bootcamp, or online program.",25-9031
13.1330,Spanish Language Teacher Education,Education,other,cip4,Teacher Education (subjects),high school teacher,Corporate training specialist,"Subject expertise plus pedagogy, delivered to employees.",13-1151,Ed-tech implementation specialist,You are the person who makes the new math or science platform actually get used.,,Subject-matter content developer,"Curriculum and assessment for a publisher, bootcamp, or online program.",25-9031
13.1331,Speech Teacher Education,Education,other,cip4,Teacher Education (subjects),high school teacher,Corporate training specialist,"Subject expertise plus pedagogy, delivered to employees.",13-1151,Ed-tech implementation specialist,You are the person who makes the new math or science platform actually get used.,,Subject-matter content developer,"Curriculum and assessment for a publisher, bootcamp, or online program.",25-9031
13.1332,Geography Teacher Education,Education,other,cip4,Teacher Education (subjects),high school teacher,Corporate training specialist,"Subject expertise plus pedagogy, delivered to employees.",13-1151,Ed-tech implementation specialist,You are the person who makes the new math or science platform actually get used.,,Subject-matter content developer,"Curriculum and assessment for a publisher, bootcamp, or online program.",25-9031
13.1333,Latin Teacher Education,Education,other,cip4,Teacher Education (subjects),high school teacher,Corporate training specialist,"Subject expertise plus pedagogy, delivered to employees.",13-1151,Ed-tech implementation specialist,You are the person who makes the new math or science platform actually get used.,,Subject-matter content developer,"Curriculum and assessment for a publisher, bootcamp, or online program.",25-9031
13.1334,School Librarian/School Library Media Specialist,Education,other,cip4,Teacher Education (subjects),high school teacher,Corporate training specialist,"Subject expertise plus pedagogy, delivered to employees.",13-1151,Ed-tech implementation specialist,You are the person who makes the new math or science platform actually get used.,,Subject-matter content developer,"Curriculum and assessment for a publisher, bootcamp, or online program.",25-9031
13.1335,Psychology Teacher Education,Education,other,cip4,Teacher Education (subjects),high school teacher,Corporate training specialist,"Subject expertise plus pedagogy, delivered to employees.",13-1151,Ed-tech implementation specialist,You are the person who makes the new math or science platform actually get used.,,Subject-matter content developer,"Curriculum and assessment for a publisher, bootcamp, or online program.",25-9031
13.1337,Earth Science Teacher Education,Education,other,cip4,Teacher Education (subjects),high school teacher,Corporate training specialist,"Subject expertise plus pedagogy, delivered to employees.",13-1151,Ed-tech implementation specialist,You are the person who makes the new math or science platform actually get used.,,Subject-matter content developer,"Curriculum and assessment for a publisher, bootcamp, or online program.",25-9031
13.1338,Environmental Education,Education,other,cip4,Teacher Education (subjects),high school teacher,Corporate training specialist,"Subject expertise plus pedagogy, delivered to employees.",13-1151,Ed-tech implementation specialist,You are the person who makes the new math or science platform actually get used.,,Subject-matter content developer,"Curriculum and assessment for a publisher, bootcamp, or online program.",25-9031
13.1339,Communication Arts and Literature Teacher Education,Education,other,cip4,Teacher Education (subjects),high school teacher,Corporate training specialist,"Subject expertise plus pedagogy, delivered to employees.",13-1151,Ed-tech implementation specialist,You are the person who makes the new math or science platform actually get used.,,Subject-matter content developer,"Curriculum and assessment for a publisher, bootcamp, or online program.",25-9031
13.1399,"Teacher Education and Professional Development, Specific Subject Areas, Other",Education,other,cip4,Teacher Education (subjects),high school teacher,Corporate training specialist,"Subject expertise plus pedagogy, delivered to employees.",13-1151,Ed-tech implementation specialist,You are the person who makes the new math or science platform actually get used.,,Subject-matter content developer,"Curriculum and assessment for a publisher, bootcamp, or online program.",25-9031
13.1401,Teaching English as a Second or Foreign Language/ESL Language Instructor,Education,other,cip2,Education,adult basic education,Training specialist,"Facilitation and curriculum, delivered to employees instead of a classroom.",13-1151,Ed-tech implementation specialist,You stand up the LMS or curriculum platform a district just bought.,,Curriculum developer (publishing),Write and scope lessons for a publisher or online school.,25-9031
13.1402,Teaching French as a Second or Foreign Language,Education,other,cip2,Education,adult basic education,Training specialist,"Facilitation and curriculum, delivered to employees instead of a classroom.",13-1151,Ed-tech implementation specialist,You stand up the LMS or curriculum platform a district just bought.,,Curriculum developer (publishing),Write and scope lessons for a publisher or online school.,25-9031
13.1499,"Teaching English or French as a Second or Foreign Language, Other",Education,other,cip2,Education,adult basic education,Training specialist,"Facilitation and curriculum, delivered to employees instead of a classroom.",13-1151,Ed-tech implementation specialist,You stand up the LMS or curriculum platform a district just bought.,,Curriculum developer (publishing),Write and scope lessons for a publisher or online school.,25-9031
13.1502,Adult Literacy Tutor/Instructor,Education,other,cip2,Education,adult basic education,Training specialist,"Facilitation and curriculum, delivered to employees instead of a classroom.",13-1151,Ed-tech implementation specialist,You stand up the LMS or curriculum platform a district just bought.,,Curriculum developer (publishing),Write and scope lessons for a publisher or online school.,25-9031
13.1599,"Teaching Assistants/Aides, Other",Education,other,cip2,Education,teaching assistants teacher,Training specialist,"Facilitation and curriculum, delivered to employees instead of a classroom.",13-1151,Ed-tech implementation specialist,You stand up the LMS or curriculum platform a district just bought.,,Curriculum developer (publishing),Write and scope lessons for a publisher or online school.,25-9031
13.9999,"Education, Other",Education,other,cip2,Education,education teacher,Training specialist,"Facilitation and curriculum, delivered to employees instead of a classroom.",13-1151,Ed-tech implementation specialist,You stand up the LMS or curriculum platform a district just bought.,,Curriculum developer (publishing),Write and scope lessons for a publisher or online school.,25-9031
14.0101,"Engineering, General",Engineering,engineering,cip4,"Engineering, General",generic junior engineer,Sales / applications engineer,A generalist degree is enough if you can learn one product line deeply.,41-9031,Industrial / process engineer,"Flow, waste, and line design — engineering without a single commodity specialty.",17-2112,Operations research analyst,The quant door if the program had real math.,15-2031
14.0103,Applied Engineering,Engineering,engineering,cip4,"Engineering, General",generic junior engineer,Sales / applications engineer,A generalist degree is enough if you can learn one product line deeply.,41-9031,Industrial / process engineer,"Flow, waste, and line design — engineering without a single commodity specialty.",17-2112,Operations research analyst,The quant door if the program had real math.,15-2031
14.0201,"Aerospace, Aeronautical, and Astronautical/Space Engineering, General",Engineering,engineering,cip2,Engineering,architectural and engineering managers,Sales engineer,"Technical brain on the sales call: demos, POCs, architecture.",41-9031,Industrial / process engineer,"Flow, waste, and line design — engineering sitting with ops.",17-2112,Operations research analyst,"Pricing, staffing, and routing models — applied math without a classroom.",15-2031
14.0202,Astronautical Engineering,Engineering,engineering,cip2,Engineering,architectural and engineering managers,Sales engineer,"Technical brain on the sales call: demos, POCs, architecture.",41-9031,Industrial / process engineer,"Flow, waste, and line design — engineering sitting with ops.",17-2112,Operations research analyst,"Pricing, staffing, and routing models — applied math without a classroom.",15-2031
14.0299,"Aerospace, Aeronautical, and Astronautical/Space Engineering, Other",Engineering,engineering,cip2,Engineering,architectural and engineering managers,Sales engineer,"Technical brain on the sales call: demos, POCs, architecture.",41-9031,Industrial / process engineer,"Flow, waste, and line design — engineering sitting with ops.",17-2112,Operations research analyst,"Pricing, staffing, and routing models — applied math without a classroom.",15-2031
14.0301,Agricultural Engineering,Engineering,engineering,cip2,Engineering,architectural and engineering managers,Sales engineer,"Technical brain on the sales call: demos, POCs, architecture.",41-9031,Industrial / process engineer,"Flow, waste, and line design — engineering sitting with ops.",17-2112,Operations research analyst,"Pricing, staffing, and routing models — applied math without a classroom.",15-2031
14.0401,Architectural Engineering,Engineering,engineering,cip2,Engineering,architectural and engineering managers,Sales engineer,"Technical brain on the sales call: demos, POCs, architecture.",41-9031,Industrial / process engineer,"Flow, waste, and line design — engineering sitting with ops.",17-2112,Operations research analyst,"Pricing, staffing, and routing models — applied math without a classroom.",15-2031
14.0501,Bioengineering and Biomedical Engineering,Engineering,engineering,cip2,Engineering,architectural and engineering managers,Sales engineer,"Technical brain on the sales call: demos, POCs, architecture.",41-9031,Industrial / process engineer,"Flow, waste, and line design — engineering sitting with ops.",17-2112,Operations research analyst,"Pricing, staffing, and routing models — applied math without a classroom.",15-2031
14.0601,Ceramic Sciences and Engineering,Engineering,engineering,cip2,Engineering,architectural and engineering managers,Sales engineer,"Technical brain on the sales call: demos, POCs, architecture.",41-9031,Industrial / process engineer,"Flow, waste, and line design — engineering sitting with ops.",17-2112,Operations research analyst,"Pricing, staffing, and routing models — applied math without a classroom.",15-2031
14.0701,Chemical Engineering,Engineering,engineering,cip2,Engineering,architectural and engineering managers,Sales engineer,"Technical brain on the sales call: demos, POCs, architecture.",41-9031,Industrial / process engineer,"Flow, waste, and line design — engineering sitting with ops.",17-2112,Operations research analyst,"Pricing, staffing, and routing models — applied math without a classroom.",15-2031
14.0702,Chemical and Biomolecular Engineering,Engineering,engineering,cip2,Engineering,architectural and engineering managers,Sales engineer,"Technical brain on the sales call: demos, POCs, architecture.",41-9031,Industrial / process engineer,"Flow, waste, and line design — engineering sitting with ops.",17-2112,Operations research analyst,"Pricing, staffing, and routing models — applied math without a classroom.",15-2031
14.0799,"Chemical Engineering, Other",Engineering,engineering,cip2,Engineering,architectural and engineering managers,Sales engineer,"Technical brain on the sales call: demos, POCs, architecture.",41-9031,Industrial / process engineer,"Flow, waste, and line design — engineering sitting with ops.",17-2112,Operations research analyst,"Pricing, staffing, and routing models — applied math without a classroom.",15-2031
14.0801,"Civil Engineering, General",Engineering,engineering,cip4,Civil Engineering,civil engineer,Cost estimator,The bid is the product. Firms will hire the person who can read a drawing and price it.,13-1051,Construction-tech implementation analyst,"Procore, BIM, scheduling tools — the software layer on the jobsite.",,Occupational safety specialist,"Jobsite risk, not structural design.",19-5011
14.0802,Geotechnical and Geoenvironmental Engineering,Engineering,engineering,cip4,Civil Engineering,civil engineer,Cost estimator,The bid is the product. Firms will hire the person who can read a drawing and price it.,13-1051,Construction-tech implementation analyst,"Procore, BIM, scheduling tools — the software layer on the jobsite.",,Occupational safety specialist,"Jobsite risk, not structural design.",19-5011
14.0803,Structural Engineering,Engineering,engineering,cip4,Civil Engineering,civil engineer,Cost estimator,The bid is the product. Firms will hire the person who can read a drawing and price it.,13-1051,Construction-tech implementation analyst,"Procore, BIM, scheduling tools — the software layer on the jobsite.",,Occupational safety specialist,"Jobsite risk, not structural design.",19-5011
14.0804,Transportation and Highway Engineering,Engineering,engineering,cip4,Civil Engineering,civil engineer,Cost estimator,The bid is the product. Firms will hire the person who can read a drawing and price it.,13-1051,Construction-tech implementation analyst,"Procore, BIM, scheduling tools — the software layer on the jobsite.",,Occupational safety specialist,"Jobsite risk, not structural design.",19-5011
14.0805,Water Resources Engineering,Engineering,engineering,cip4,Civil Engineering,civil engineer,Cost estimator,The bid is the product. Firms will hire the person who can read a drawing and price it.,13-1051,Construction-tech implementation analyst,"Procore, BIM, scheduling tools — the software layer on the jobsite.",,Occupational safety specialist,"Jobsite risk, not structural design.",19-5011
14.0899,"Civil Engineering, Other",Engineering,engineering,cip4,Civil Engineering,civil engineer,Cost estimator,The bid is the product. Firms will hire the person who can read a drawing and price it.,13-1051,Construction-tech implementation analyst,"Procore, BIM, scheduling tools — the software layer on the jobsite.",,Occupational safety specialist,"Jobsite risk, not structural design.",19-5011
14.0901,"Computer Engineering, General",Engineering,engineering,cip4,Computer Engineering,software developer,Sales / applications engineer,"Chips, boards, and embedded platforms — field work, not a firmware ticket queue.",41-9031,Information security analyst,"Hardware, firmware, and device security instead of app features.",15-1212,Forward-deployed / implementation engineer,Customer-embedded systems work; uses the hardware-software split without being a product SWE.,
14.0902,Computer Hardware Engineering,Engineering,engineering,cip4,Computer Engineering,software developer,Sales / applications engineer,"Chips, boards, and embedded platforms — field work, not a firmware ticket queue.",41-9031,Information security analyst,"Hardware, firmware, and device security instead of app features.",15-1212,Forward-deployed / implementation engineer,Customer-embedded systems work; uses the hardware-software split without being a product SWE.,
14.0903,Computer Software Engineering,Engineering,engineering,cip4,Computer Engineering,software developer,Sales / applications engineer,"Chips, boards, and embedded platforms — field work, not a firmware ticket queue.",41-9031,Information security analyst,"Hardware, firmware, and device security instead of app features.",15-1212,Forward-deployed / implementation engineer,Customer-embedded systems work; uses the hardware-software split without being a product SWE.,
14.0999,"Computer Engineering, Other",Engineering,engineering,cip4,Computer Engineering,software developer,Sales / applications engineer,"Chips, boards, and embedded platforms — field work, not a firmware ticket queue.",41-9031,Information security analyst,"Hardware, firmware, and device security instead of app features.",15-1212,Forward-deployed / implementation engineer,Customer-embedded systems work; uses the hardware-software split without being a product SWE.,
14.1001,Electrical and Electronics Engineering,Engineering,engineering,cip4,Electrical Engineering,electrical engineer,Sales / applications engineer,"Semiconductors, test equipment, power, RF — you help customers use the part.",41-9031,Information security analyst,"Firmware, embedded, and hardware-adjacent security; a different shop than the EE lab.",15-1212,EDA / semiconductor software analyst,Implementation of design tools — the software layer around the silicon.,
14.1003,Laser and Optical Engineering,Engineering,engineering,cip4,Electrical Engineering,electrical engineer,Sales / applications engineer,"Semiconductors, test equipment, power, RF — you help customers use the part.",41-9031,Information security analyst,"Firmware, embedded, and hardware-adjacent security; a different shop than the EE lab.",15-1212,EDA / semiconductor software analyst,Implementation of design tools — the software layer around the silicon.,
14.1004,Telecommunications Engineering,Engineering,engineering,cip4,Electrical Engineering,electrical engineer,Sales / applications engineer,"Semiconductors, test equipment, power, RF — you help customers use the part.",41-9031,Information security analyst,"Firmware, embedded, and hardware-adjacent security; a different shop than the EE lab.",15-1212,EDA / semiconductor software analyst,Implementation of design tools — the software layer around the silicon.,
14.1099,"Electrical, Electronics, and Communications Engineering, Other",Engineering,engineering,cip4,Electrical Engineering,electrical engineer,Sales / applications engineer,"Semiconductors, test equipment, power, RF — you help customers use the part.",41-9031,Information security analyst,"Firmware, embedded, and hardware-adjacent security; a different shop than the EE lab.",15-1212,EDA / semiconductor software analyst,Implementation of design tools — the software layer around the silicon.,
14.1101,Engineering Mechanics,Engineering,engineering,cip2,Engineering,architectural and engineering managers,Sales engineer,"Technical brain on the sales call: demos, POCs, architecture.",41-9031,Industrial / process engineer,"Flow, waste, and line design — engineering sitting with ops.",17-2112,Operations research analyst,"Pricing, staffing, and routing models — applied math without a classroom.",15-2031
14.1201,Engineering Physics/Applied Physics,Engineering,engineering,cip2,Engineering,architectural and engineering managers,Sales engineer,"Technical brain on the sales call: demos, POCs, architecture.",41-9031,Industrial / process engineer,"Flow, waste, and line design — engineering sitting with ops.",17-2112,Operations research analyst,"Pricing, staffing, and routing models — applied math without a classroom.",15-2031
14.1301,Engineering Science,Engineering,engineering,cip2,Engineering,architectural and engineering managers,Sales engineer,"Technical brain on the sales call: demos, POCs, architecture.",41-9031,Industrial / process engineer,"Flow, waste, and line design — engineering sitting with ops.",17-2112,Operations research analyst,"Pricing, staffing, and routing models — applied math without a classroom.",15-2031
14.1401,Environmental/Environmental Health Engineering,Engineering,engineering,cip2,Engineering,architectural and engineering managers,Sales engineer,"Technical brain on the sales call: demos, POCs, architecture.",41-9031,Industrial / process engineer,"Flow, waste, and line design — engineering sitting with ops.",17-2112,Operations research analyst,"Pricing, staffing, and routing models — applied math without a classroom.",15-2031
14.1801,Materials Engineering,Engineering,engineering,cip2,Engineering,architectural and engineering managers,Sales engineer,"Technical brain on the sales call: demos, POCs, architecture.",41-9031,Industrial / process engineer,"Flow, waste, and line design — engineering sitting with ops.",17-2112,Operations research analyst,"Pricing, staffing, and routing models — applied math without a classroom.",15-2031
14.1901,Mechanical Engineering,Engineering,engineering,cip4,Mechanical Engineering,mechanical engineer,Sales / applications engineer,"You specify pumps, robots, or test gear for customers — not the person who designs the next revision.",41-9031,Cost estimator,"Bids and should-cost for construction and manufacturing. The drawing is an input, not the output.",13-1051,Manufacturing systems analyst,"MES / PLM / factory software implementation — industrial, but sitting with IT and ops.",
14.2001,Metallurgical Engineering,Engineering,engineering,cip2,Engineering,architectural and engineering managers,Sales engineer,"Technical brain on the sales call: demos, POCs, architecture.",41-9031,Industrial / process engineer,"Flow, waste, and line design — engineering sitting with ops.",17-2112,Operations research analyst,"Pricing, staffing, and routing models — applied math without a classroom.",15-2031
14.2101,Mining and Mineral Engineering,Engineering,engineering,cip2,Engineering,architectural and engineering managers,Sales engineer,"Technical brain on the sales call: demos, POCs, architecture.",41-9031,Industrial / process engineer,"Flow, waste, and line design — engineering sitting with ops.",17-2112,Operations research analyst,"Pricing, staffing, and routing models — applied math without a classroom.",15-2031
14.2201,Naval Architecture and Marine Engineering,Engineering,engineering,cip2,Engineering,marine engineers and naval architects,Sales engineer,"Technical brain on the sales call: demos, POCs, architecture.",41-9031,Industrial / process engineer,"Flow, waste, and line design — engineering sitting with ops.",17-2112,Operations research analyst,"Pricing, staffing, and routing models — applied math without a classroom.",15-2031
14.2301,Nuclear Engineering,Engineering,engineering,cip2,Engineering,architectural and engineering managers,Sales engineer,"Technical brain on the sales call: demos, POCs, architecture.",41-9031,Industrial / process engineer,"Flow, waste, and line design — engineering sitting with ops.",17-2112,Operations research analyst,"Pricing, staffing, and routing models — applied math without a classroom.",15-2031
14.2401,Ocean Engineering,Engineering,engineering,cip2,Engineering,architectural and engineering managers,Sales engineer,"Technical brain on the sales call: demos, POCs, architecture.",41-9031,Industrial / process engineer,"Flow, waste, and line design — engineering sitting with ops.",17-2112,Operations research analyst,"Pricing, staffing, and routing models — applied math without a classroom.",15-2031
14.2501,Petroleum Engineering,Engineering,engineering,cip2,Engineering,architectural and engineering managers,Sales engineer,"Technical brain on the sales call: demos, POCs, architecture.",41-9031,Industrial / process engineer,"Flow, waste, and line design — engineering sitting with ops.",17-2112,Operations research analyst,"Pricing, staffing, and routing models — applied math without a classroom.",15-2031
14.2701,Systems Engineering,Engineering,engineering,cip2,Engineering,architectural and engineering managers,Sales engineer,"Technical brain on the sales call: demos, POCs, architecture.",41-9031,Industrial / process engineer,"Flow, waste, and line design — engineering sitting with ops.",17-2112,Operations research analyst,"Pricing, staffing, and routing models — applied math without a classroom.",15-2031
14.2801,Textile Sciences and Engineering,Engineering,engineering,cip2,Engineering,architectural and engineering managers,Sales engineer,"Technical brain on the sales call: demos, POCs, architecture.",41-9031,Industrial / process engineer,"Flow, waste, and line design — engineering sitting with ops.",17-2112,Operations research analyst,"Pricing, staffing, and routing models — applied math without a classroom.",15-2031
14.3201,Polymer/Plastics Engineering,Engineering,engineering,cip2,Engineering,architectural and engineering managers,Sales engineer,"Technical brain on the sales call: demos, POCs, architecture.",41-9031,Industrial / process engineer,"Flow, waste, and line design — engineering sitting with ops.",17-2112,Operations research analyst,"Pricing, staffing, and routing models — applied math without a classroom.",15-2031
14.3301,Construction Engineering,Engineering,engineering,cip2,Engineering,architectural and engineering managers,Sales engineer,"Technical brain on the sales call: demos, POCs, architecture.",41-9031,Industrial / process engineer,"Flow, waste, and line design — engineering sitting with ops.",17-2112,Operations research analyst,"Pricing, staffing, and routing models — applied math without a classroom.",15-2031
14.3401,Forest Engineering,Engineering,engineering,cip2,Engineering,architectural and engineering managers,Sales engineer,"Technical brain on the sales call: demos, POCs, architecture.",41-9031,Industrial / process engineer,"Flow, waste, and line design — engineering sitting with ops.",17-2112,Operations research analyst,"Pricing, staffing, and routing models — applied math without a classroom.",15-2031
14.3501,Industrial Engineering,Engineering,engineering,cip2,Engineering,industrial engineers,Sales engineer,"Technical brain on the sales call: demos, POCs, architecture.",41-9031,Industrial / process engineer,"Flow, waste, and line design — engineering sitting with ops.",17-2112,Operations research analyst,"Pricing, staffing, and routing models — applied math without a classroom.",15-2031
14.3601,Manufacturing Engineering,Engineering,engineering,cip2,Engineering,architectural and engineering managers,Sales engineer,"Technical brain on the sales call: demos, POCs, architecture.",41-9031,Industrial / process engineer,"Flow, waste, and line design — engineering sitting with ops.",17-2112,Operations research analyst,"Pricing, staffing, and routing models — applied math without a classroom.",15-2031
14.3701,Operations Research,Engineering,engineering,cip2,Engineering,operations research analysts,Sales engineer,"Technical brain on the sales call: demos, POCs, architecture.",41-9031,Industrial / process engineer,"Flow, waste, and line design — engineering sitting with ops.",17-2112,Operations research analyst,"Pricing, staffing, and routing models — applied math without a classroom.",15-2031
14.3801,Surveying Engineering,Engineering,engineering,cip2,Engineering,architectural and engineering managers,Sales engineer,"Technical brain on the sales call: demos, POCs, architecture.",41-9031,Industrial / process engineer,"Flow, waste, and line design — engineering sitting with ops.",17-2112,Operations research analyst,"Pricing, staffing, and routing models — applied math without a classroom.",15-2031
14.3901,Geological/Geophysical Engineering,Engineering,engineering,cip2,Engineering,architectural and engineering managers,Sales engineer,"Technical brain on the sales call: demos, POCs, architecture.",41-9031,Industrial / process engineer,"Flow, waste, and line design — engineering sitting with ops.",17-2112,Operations research analyst,"Pricing, staffing, and routing models — applied math without a classroom.",15-2031
14.4001,Paper Science and Engineering,Engineering,engineering,cip2,Engineering,architectural and engineering managers,Sales engineer,"Technical brain on the sales call: demos, POCs, architecture.",41-9031,Industrial / process engineer,"Flow, waste, and line design — engineering sitting with ops.",17-2112,Operations research analyst,"Pricing, staffing, and routing models — applied math without a classroom.",15-2031
14.4101,Electromechanical Engineering,Engineering,engineering,cip2,Engineering,architectural and engineering managers,Sales engineer,"Technical brain on the sales call: demos, POCs, architecture.",41-9031,Industrial / process engineer,"Flow, waste, and line design — engineering sitting with ops.",17-2112,Operations research analyst,"Pricing, staffing, and routing models — applied math without a classroom.",15-2031
14.4201,"Mechatronics, Robotics, and Automation Engineering",Engineering,engineering,cip2,Engineering,architectural and engineering managers,Sales engineer,"Technical brain on the sales call: demos, POCs, architecture.",41-9031,Industrial / process engineer,"Flow, waste, and line design — engineering sitting with ops.",17-2112,Operations research analyst,"Pricing, staffing, and routing models — applied math without a classroom.",15-2031
14.4301,Biochemical Engineering,Engineering,engineering,cip2,Engineering,architectural and engineering managers,Sales engineer,"Technical brain on the sales call: demos, POCs, architecture.",41-9031,Industrial / process engineer,"Flow, waste, and line design — engineering sitting with ops.",17-2112,Operations research analyst,"Pricing, staffing, and routing models — applied math without a classroom.",15-2031
14.4401,Engineering Chemistry,Engineering,engineering,cip2,Engineering,architectural and engineering managers,Sales engineer,"Technical brain on the sales call: demos, POCs, architecture.",41-9031,Industrial / process engineer,"Flow, waste, and line design — engineering sitting with ops.",17-2112,Operations research analyst,"Pricing, staffing, and routing models — applied math without a classroom.",15-2031
14.4501,Biological/Biosystems Engineering,Engineering,engineering,cip2,Engineering,architectural and engineering managers,Sales engineer,"Technical brain on the sales call: demos, POCs, architecture.",41-9031,Industrial / process engineer,"Flow, waste, and line design — engineering sitting with ops.",17-2112,Operations research analyst,"Pricing, staffing, and routing models — applied math without a classroom.",15-2031
14.4701,Electrical and Computer Engineering,Engineering,engineering,cip2,Engineering,architectural and engineering managers,Sales engineer,"Technical brain on the sales call: demos, POCs, architecture.",41-9031,Industrial / process engineer,"Flow, waste, and line design — engineering sitting with ops.",17-2112,Operations research analyst,"Pricing, staffing, and routing models — applied math without a classroom.",15-2031
14.4801,"Energy Systems Engineering, General",Engineering,engineering,cip2,Engineering,architectural and engineering managers,Sales engineer,"Technical brain on the sales call: demos, POCs, architecture.",41-9031,Industrial / process engineer,"Flow, waste, and line design — engineering sitting with ops.",17-2112,Operations research analyst,"Pricing, staffing, and routing models — applied math without a classroom.",15-2031
14.4802,Power Plant Engineering,Engineering,engineering,cip2,Engineering,architectural and engineering managers,Sales engineer,"Technical brain on the sales call: demos, POCs, architecture.",41-9031,Industrial / process engineer,"Flow, waste, and line design — engineering sitting with ops.",17-2112,Operations research analyst,"Pricing, staffing, and routing models — applied math without a classroom.",15-2031
14.4899,"Energy Systems Engineering, Other",Engineering,engineering,cip2,Engineering,architectural and engineering managers,Sales engineer,"Technical brain on the sales call: demos, POCs, architecture.",41-9031,Industrial / process engineer,"Flow, waste, and line design — engineering sitting with ops.",17-2112,Operations research analyst,"Pricing, staffing, and routing models — applied math without a classroom.",15-2031
14.9999,"Engineering, Other",Engineering,engineering,cip2,Engineering,architectural and engineering managers,Sales engineer,"Technical brain on the sales call: demos, POCs, architecture.",41-9031,Industrial / process engineer,"Flow, waste, and line design — engineering sitting with ops.",17-2112,Operations research analyst,"Pricing, staffing, and routing models — applied math without a classroom.",15-2031
15.0000,"Engineering Technologies/Technicians, General",Engineering Technologies,engineering,cip2,Engineering Technologies,electrical and electronic engineering technologists and technicians,Sales engineer,"Technical brain on the sales call: demos, POCs, architecture.",41-9031,Systems analyst (implementation),"You stand up the software other people bought — project work, not a rotation.",15-1211,Occupational health specialist,"Workplace injury, exposure, and return-to-work at employers and insurers.",19-5011
15.0001,Applied Engineering Technologies/Technicians,Engineering Technologies,engineering,cip2,Engineering Technologies,industrial engineering technologists and technicians,Sales engineer,"Technical brain on the sales call: demos, POCs, architecture.",41-9031,Systems analyst (implementation),"You stand up the software other people bought — project work, not a rotation.",15-1211,Occupational health specialist,"Workplace injury, exposure, and return-to-work at employers and insurers.",19-5011
15.0101,Architectural Engineering Technologies/Technicians,Engineering Technologies,engineering,cip2,Engineering Technologies,engineering technologists and technicians,Sales engineer,"Technical brain on the sales call: demos, POCs, architecture.",41-9031,Systems analyst (implementation),"You stand up the software other people bought — project work, not a rotation.",15-1211,Occupational health specialist,"Workplace injury, exposure, and return-to-work at employers and insurers.",19-5011
15.0201,Civil Engineering Technologies/Technicians,Engineering Technologies,engineering,cip2,Engineering Technologies,civil engineering technologists and technicians,Sales engineer,"Technical brain on the sales call: demos, POCs, architecture.",41-9031,Systems analyst (implementation),"You stand up the software other people bought — project work, not a rotation.",15-1211,Occupational health specialist,"Workplace injury, exposure, and return-to-work at employers and insurers.",19-5011
15.0303,"Electrical, Electronic, and Communications Engineering Technology/Technician",Engineering Technologies,engineering,cip2,Engineering Technologies,electrical and electronic engineering technologists and technicians,Sales engineer,"Technical brain on the sales call: demos, POCs, architecture.",41-9031,Systems analyst (implementation),"You stand up the software other people bought — project work, not a rotation.",15-1211,Occupational health specialist,"Workplace injury, exposure, and return-to-work at employers and insurers.",19-5011
15.0304,Laser and Optical Technology/Technician,Engineering Technologies,engineering,cip2,Engineering Technologies,engineering technologists and technicians,Sales engineer,"Technical brain on the sales call: demos, POCs, architecture.",41-9031,Systems analyst (implementation),"You stand up the software other people bought — project work, not a rotation.",15-1211,Occupational health specialist,"Workplace injury, exposure, and return-to-work at employers and insurers.",19-5011
15.0305,Telecommunications Technology/Technician,Engineering Technologies,engineering,cip2,Engineering Technologies,electrical and electronic engineering technologists and technicians,Sales engineer,"Technical brain on the sales call: demos, POCs, architecture.",41-9031,Systems analyst (implementation),"You stand up the software other people bought — project work, not a rotation.",15-1211,Occupational health specialist,"Workplace injury, exposure, and return-to-work at employers and insurers.",19-5011
15.0306,Integrated Circuit Design Technology/Technician,Engineering Technologies,engineering,cip2,Engineering Technologies,electrical and electronic engineering technologists and technicians,Sales engineer,"Technical brain on the sales call: demos, POCs, architecture.",41-9031,Systems analyst (implementation),"You stand up the software other people bought — project work, not a rotation.",15-1211,Occupational health specialist,"Workplace injury, exposure, and return-to-work at employers and insurers.",19-5011
15.0307,Audio Engineering Technology/Technician,Engineering Technologies,engineering,cip2,Engineering Technologies,engineering technologists and technicians,Sales engineer,"Technical brain on the sales call: demos, POCs, architecture.",41-9031,Systems analyst (implementation),"You stand up the software other people bought — project work, not a rotation.",15-1211,Occupational health specialist,"Workplace injury, exposure, and return-to-work at employers and insurers.",19-5011
15.0399,"Electrical/Electronic Engineering Technologies/Technicians, Other",Engineering Technologies,engineering,cip2,Engineering Technologies,electrical and electronic engineering technologists and technicians,Sales engineer,"Technical brain on the sales call: demos, POCs, architecture.",41-9031,Systems analyst (implementation),"You stand up the software other people bought — project work, not a rotation.",15-1211,Occupational health specialist,"Workplace injury, exposure, and return-to-work at employers and insurers.",19-5011
15.0401,Biomedical Technology/Technician,Engineering Technologies,engineering,cip2,Engineering Technologies,medical equipment repairers,Sales engineer,"Technical brain on the sales call: demos, POCs, architecture.",41-9031,Systems analyst (implementation),"You stand up the software other people bought — project work, not a rotation.",15-1211,Occupational health specialist,"Workplace injury, exposure, and return-to-work at employers and insurers.",19-5011
15.0403,Electromechanical/Electromechanical Engineering Technology/Technician,Engineering Technologies,engineering,cip2,Engineering Technologies,electrical and electronics drafters,Sales engineer,"Technical brain on the sales call: demos, POCs, architecture.",41-9031,Systems analyst (implementation),"You stand up the software other people bought — project work, not a rotation.",15-1211,Occupational health specialist,"Workplace injury, exposure, and return-to-work at employers and insurers.",19-5011
15.0404,Instrumentation Technology/Technician,Engineering Technologies,engineering,cip2,Engineering Technologies,calibration technologists and technicians,Sales engineer,"Technical brain on the sales call: demos, POCs, architecture.",41-9031,Systems analyst (implementation),"You stand up the software other people bought — project work, not a rotation.",15-1211,Occupational health specialist,"Workplace injury, exposure, and return-to-work at employers and insurers.",19-5011
15.0405,Robotics Technology/Technician,Engineering Technologies,engineering,cip2,Engineering Technologies,electro-mechanical and mechatronics technologists and technicians,Sales engineer,"Technical brain on the sales call: demos, POCs, architecture.",41-9031,Systems analyst (implementation),"You stand up the software other people bought — project work, not a rotation.",15-1211,Occupational health specialist,"Workplace injury, exposure, and return-to-work at employers and insurers.",19-5011
15.0406,Automation Engineer Technology/Technician,Engineering Technologies,engineering,cip2,Engineering Technologies,electrical and electronic engineering technologists and technicians,Sales engineer,"Technical brain on the sales call: demos, POCs, architecture.",41-9031,Systems analyst (implementation),"You stand up the software other people bought — project work, not a rotation.",15-1211,Occupational health specialist,"Workplace injury, exposure, and return-to-work at employers and insurers.",19-5011
15.0407,"Mechatronics, Robotics, and Automation Engineering Technology/Technician",Engineering Technologies,engineering,cip2,Engineering Technologies,electro-mechanical and mechatronics technologists and technicians,Sales engineer,"Technical brain on the sales call: demos, POCs, architecture.",41-9031,Systems analyst (implementation),"You stand up the software other people bought — project work, not a rotation.",15-1211,Occupational health specialist,"Workplace injury, exposure, and return-to-work at employers and insurers.",19-5011
15.0499,"Electromechanical Technologies/Technicians, Other",Engineering Technologies,engineering,cip2,Engineering Technologies,electro-mechanical and mechatronics technologists and technicians,Sales engineer,"Technical brain on the sales call: demos, POCs, architecture.",41-9031,Systems analyst (implementation),"You stand up the software other people bought — project work, not a rotation.",15-1211,Occupational health specialist,"Workplace injury, exposure, and return-to-work at employers and insurers.",19-5011
15.0501,"Heating, Ventilation, Air Conditioning and Refrigeration Engineering Technology/Technician",Engineering Technologies,engineering,cip2,Engineering Technologies,heating,Sales engineer,"Technical brain on the sales call: demos, POCs, architecture.",41-9031,Systems analyst (implementation),"You stand up the software other people bought — project work, not a rotation.",15-1211,Occupational health specialist,"Workplace injury, exposure, and return-to-work at employers and insurers.",19-5011
15.0506,Water Quality and Wastewater Treatment Management and Recycling Technology/Technician,Engineering Technologies,engineering,cip2,Engineering Technologies,water and wastewater treatment plant and system operators,Sales engineer,"Technical brain on the sales call: demos, POCs, architecture.",41-9031,Systems analyst (implementation),"You stand up the software other people bought — project work, not a rotation.",15-1211,Occupational health specialist,"Workplace injury, exposure, and return-to-work at employers and insurers.",19-5011
15.0507,Environmental/Environmental Engineering Technology/Technician,Engineering Technologies,engineering,cip2,Engineering Technologies,environmental engineering technologists and technicians,Sales engineer,"Technical brain on the sales call: demos, POCs, architecture.",41-9031,Systems analyst (implementation),"You stand up the software other people bought — project work, not a rotation.",15-1211,Occupational health specialist,"Workplace injury, exposure, and return-to-work at employers and insurers.",19-5011
15.0508,Hazardous Materials Management and Waste Technology/Technician,Engineering Technologies,engineering,cip2,Engineering Technologies,hazardous materials removal workers,Sales engineer,"Technical brain on the sales call: demos, POCs, architecture.",41-9031,Systems analyst (implementation),"You stand up the software other people bought — project work, not a rotation.",15-1211,Occupational health specialist,"Workplace injury, exposure, and return-to-work at employers and insurers.",19-5011
15.0599,"Environmental Control Technologies/Technicians, Other",Engineering Technologies,engineering,cip2,Engineering Technologies,engineering technologists and technicians,Sales engineer,"Technical brain on the sales call: demos, POCs, architecture.",41-9031,Systems analyst (implementation),"You stand up the software other people bought — project work, not a rotation.",15-1211,Occupational health specialist,"Workplace injury, exposure, and return-to-work at employers and insurers.",19-5011
15.0607,Plastics and Polymer Engineering Technology/Technician,Engineering Technologies,engineering,cip2,Engineering Technologies,engineering technologists and technicians,Sales engineer,"Technical brain on the sales call: demos, POCs, architecture.",41-9031,Systems analyst (implementation),"You stand up the software other people bought — project work, not a rotation.",15-1211,Occupational health specialist,"Workplace injury, exposure, and return-to-work at employers and insurers.",19-5011
15.0611,Metallurgical Technology/Technician,Engineering Technologies,engineering,cip2,Engineering Technologies,engineering technologists and technicians,Sales engineer,"Technical brain on the sales call: demos, POCs, architecture.",41-9031,Systems analyst (implementation),"You stand up the software other people bought — project work, not a rotation.",15-1211,Occupational health specialist,"Workplace injury, exposure, and return-to-work at employers and insurers.",19-5011
15.0612,Industrial Technology/Technician,Engineering Technologies,engineering,cip2,Engineering Technologies,industrial engineering technologists and technicians,Sales engineer,"Technical brain on the sales call: demos, POCs, architecture.",41-9031,Systems analyst (implementation),"You stand up the software other people bought — project work, not a rotation.",15-1211,Occupational health specialist,"Workplace injury, exposure, and return-to-work at employers and insurers.",19-5011
15.0613,Manufacturing Engineering Technology/Technician,Engineering Technologies,engineering,cip2,Engineering Technologies,industrial engineering technologists and technicians,Sales engineer,"Technical brain on the sales call: demos, POCs, architecture.",41-9031,Systems analyst (implementation),"You stand up the software other people bought — project work, not a rotation.",15-1211,Occupational health specialist,"Workplace injury, exposure, and return-to-work at employers and insurers.",19-5011
15.0614,Welding Engineering Technology/Technician,Engineering Technologies,engineering,cip2,Engineering Technologies,engineering technologists and technicians,Sales engineer,"Technical brain on the sales call: demos, POCs, architecture.",41-9031,Systems analyst (implementation),"You stand up the software other people bought — project work, not a rotation.",15-1211,Occupational health specialist,"Workplace injury, exposure, and return-to-work at employers and insurers.",19-5011
15.0615,Chemical Engineering Technology/Technician,Engineering Technologies,engineering,cip2,Engineering Technologies,engineering technologists and technicians,Sales engineer,"Technical brain on the sales call: demos, POCs, architecture.",41-9031,Systems analyst (implementation),"You stand up the software other people bought — project work, not a rotation.",15-1211,Occupational health specialist,"Workplace injury, exposure, and return-to-work at employers and insurers.",19-5011
15.0616,Semiconductor Manufacturing Technology/Technician,Engineering Technologies,engineering,cip2,Engineering Technologies,semiconductor processing technicians,Sales engineer,"Technical brain on the sales call: demos, POCs, architecture.",41-9031,Systems analyst (implementation),"You stand up the software other people bought — project work, not a rotation.",15-1211,Occupational health specialist,"Workplace injury, exposure, and return-to-work at employers and insurers.",19-5011
15.0617,Composite Materials Technology/Technician,Engineering Technologies,engineering,cip2,Engineering Technologies,engineering technologists and technicians,Sales engineer,"Technical brain on the sales call: demos, POCs, architecture.",41-9031,Systems analyst (implementation),"You stand up the software other people bought — project work, not a rotation.",15-1211,Occupational health specialist,"Workplace injury, exposure, and return-to-work at employers and insurers.",19-5011
15.0699,"Industrial Production Technologies/Technicians, Other",Engineering Technologies,engineering,cip2,Engineering Technologies,industrial engineering technologists and technicians,Sales engineer,"Technical brain on the sales call: demos, POCs, architecture.",41-9031,Systems analyst (implementation),"You stand up the software other people bought — project work, not a rotation.",15-1211,Occupational health specialist,"Workplace injury, exposure, and return-to-work at employers and insurers.",19-5011
15.0701,Occupational Safety and Health Technology/Technician,Engineering Technologies,engineering,cip2,Engineering Technologies,occupational health and safety specialists,Sales engineer,"Technical brain on the sales call: demos, POCs, architecture.",41-9031,Systems analyst (implementation),"You stand up the software other people bought — project work, not a rotation.",15-1211,Occupational health specialist,"Workplace injury, exposure, and return-to-work at employers and insurers.",19-5011
15.0702,Quality Control Technology/Technician,Engineering Technologies,engineering,cip2,Engineering Technologies,inspectors,Sales engineer,"Technical brain on the sales call: demos, POCs, architecture.",41-9031,Systems analyst (implementation),"You stand up the software other people bought — project work, not a rotation.",15-1211,Occupational health specialist,"Workplace injury, exposure, and return-to-work at employers and insurers.",19-5011
15.0703,Industrial Safety Technology/Technician,Engineering Technologies,engineering,cip2,Engineering Technologies,occupational health and safety specialists,Sales engineer,"Technical brain on the sales call: demos, POCs, architecture.",41-9031,Systems analyst (implementation),"You stand up the software other people bought — project work, not a rotation.",15-1211,Occupational health specialist,"Workplace injury, exposure, and return-to-work at employers and insurers.",19-5011
15.0704,Hazardous Materials Information Systems Technology/Technician,Engineering Technologies,engineering,cip2,Engineering Technologies,environmental engineering technologists and technicians,Sales engineer,"Technical brain on the sales call: demos, POCs, architecture.",41-9031,Systems analyst (implementation),"You stand up the software other people bought — project work, not a rotation.",15-1211,Occupational health specialist,"Workplace injury, exposure, and return-to-work at employers and insurers.",19-5011
15.0705,Process Safety Technology/Technician,Engineering Technologies,engineering,cip2,Engineering Technologies,occupational health and safety technicians,Sales engineer,"Technical brain on the sales call: demos, POCs, architecture.",41-9031,Systems analyst (implementation),"You stand up the software other people bought — project work, not a rotation.",15-1211,Occupational health specialist,"Workplace injury, exposure, and return-to-work at employers and insurers.",19-5011
15.0801,Aeronautical/Aerospace Engineering Technology/Technician,Engineering Technologies,engineering,cip2,Engineering Technologies,aerospace engineering and operations technologists and technicians,Sales engineer,"Technical brain on the sales call: demos, POCs, architecture.",41-9031,Systems analyst (implementation),"You stand up the software other people bought — project work, not a rotation.",15-1211,Occupational health specialist,"Workplace injury, exposure, and return-to-work at employers and insurers.",19-5011
15.0803,Automotive Engineering Technology/Technician,Engineering Technologies,engineering,cip2,Engineering Technologies,automotive service technicians and mechanics,Sales engineer,"Technical brain on the sales call: demos, POCs, architecture.",41-9031,Systems analyst (implementation),"You stand up the software other people bought — project work, not a rotation.",15-1211,Occupational health specialist,"Workplace injury, exposure, and return-to-work at employers and insurers.",19-5011
15.0805,Mechanical/Mechanical Engineering Technology/Technician,Engineering Technologies,engineering,cip2,Engineering Technologies,mechanical engineering technologists and technicians,Sales engineer,"Technical brain on the sales call: demos, POCs, architecture.",41-9031,Systems analyst (implementation),"You stand up the software other people bought — project work, not a rotation.",15-1211,Occupational health specialist,"Workplace injury, exposure, and return-to-work at employers and insurers.",19-5011
15.0806,Marine Engineering Technology/Technician,Engineering Technologies,engineering,cip2,Engineering Technologies,engineering technologists and technicians,Sales engineer,"Technical brain on the sales call: demos, POCs, architecture.",41-9031,Systems analyst (implementation),"You stand up the software other people bought — project work, not a rotation.",15-1211,Occupational health specialist,"Workplace injury, exposure, and return-to-work at employers and insurers.",19-5011
15.0807,Motorsports Engineering Technology/Technician,Engineering Technologies,engineering,cip2,Engineering Technologies,engineering technologists and technicians,Sales engineer,"Technical brain on the sales call: demos, POCs, architecture.",41-9031,Systems analyst (implementation),"You stand up the software other people bought — project work, not a rotation.",15-1211,Occupational health specialist,"Workplace injury, exposure, and return-to-work at employers and insurers.",19-5011
15.0899,"Mechanical Engineering Related Technologies/Technicians, Other",Engineering Technologies,engineering,cip2,Engineering Technologies,mechanical engineering technologists and technicians,Sales engineer,"Technical brain on the sales call: demos, POCs, architecture.",41-9031,Systems analyst (implementation),"You stand up the software other people bought — project work, not a rotation.",15-1211,Occupational health specialist,"Workplace injury, exposure, and return-to-work at employers and insurers.",19-5011
15.0901,Mining Technology/Technician,Engineering Technologies,engineering,cip2,Engineering Technologies,engineering technologists and technicians,Sales engineer,"Technical brain on the sales call: demos, POCs, architecture.",41-9031,Systems analyst (implementation),"You stand up the software other people bought — project work, not a rotation.",15-1211,Occupational health specialist,"Workplace injury, exposure, and return-to-work at employers and insurers.",19-5011
15.0903,Petroleum Technology/Technician,Engineering Technologies,engineering,cip2,Engineering Technologies,geological technicians,Sales engineer,"Technical brain on the sales call: demos, POCs, architecture.",41-9031,Systems analyst (implementation),"You stand up the software other people bought — project work, not a rotation.",15-1211,Occupational health specialist,"Workplace injury, exposure, and return-to-work at employers and insurers.",19-5011
15.0999,"Mining and Petroleum Technologies/Technicians, Other",Engineering Technologies,engineering,cip2,Engineering Technologies,geological technicians,Sales engineer,"Technical brain on the sales call: demos, POCs, architecture.",41-9031,Systems analyst (implementation),"You stand up the software other people bought — project work, not a rotation.",15-1211,Occupational health specialist,"Workplace injury, exposure, and return-to-work at employers and insurers.",19-5011
15.1001,Construction Engineering Technology/Technician,Engineering Technologies,engineering,cip2,Engineering Technologies,construction managers,Sales engineer,"Technical brain on the sales call: demos, POCs, architecture.",41-9031,Systems analyst (implementation),"You stand up the software other people bought — project work, not a rotation.",15-1211,Occupational health specialist,"Workplace injury, exposure, and return-to-work at employers and insurers.",19-5011
15.1102,Surveying Technology/Surveying,Engineering Technologies,engineering,cip2,Engineering Technologies,surveying and mapping technicians,Sales engineer,"Technical brain on the sales call: demos, POCs, architecture.",41-9031,Systems analyst (implementation),"You stand up the software other people bought — project work, not a rotation.",15-1211,Occupational health specialist,"Workplace injury, exposure, and return-to-work at employers and insurers.",19-5011
15.1103,Hydraulics and Fluid Power Technology/Technician,Engineering Technologies,engineering,cip2,Engineering Technologies,engineering technologists and technicians,Sales engineer,"Technical brain on the sales call: demos, POCs, architecture.",41-9031,Systems analyst (implementation),"You stand up the software other people bought — project work, not a rotation.",15-1211,Occupational health specialist,"Workplace injury, exposure, and return-to-work at employers and insurers.",19-5011
15.1201,Computer Engineering Technology/Technician,Engineering Technologies,engineering,cip2,Engineering Technologies,electrical and electronic engineering technologists and technicians,Sales engineer,"Technical brain on the sales call: demos, POCs, architecture.",41-9031,Systems analyst (implementation),"You stand up the software other people bought — project work, not a rotation.",15-1211,Occupational health specialist,"Workplace injury, exposure, and return-to-work at employers and insurers.",19-5011
15.1202,Computer/Computer Systems Technology/Technician,Engineering Technologies,engineering,cip2,Engineering Technologies,software quality assurance analysts and testers,Sales engineer,"Technical brain on the sales call: demos, POCs, architecture.",41-9031,Systems analyst (implementation),"You stand up the software other people bought — project work, not a rotation.",15-1211,Occupational health specialist,"Workplace injury, exposure, and return-to-work at employers and insurers.",19-5011
15.1203,Computer Hardware Technology/Technician,Engineering Technologies,engineering,cip2,Engineering Technologies,engineering technologists and technicians,Sales engineer,"Technical brain on the sales call: demos, POCs, architecture.",41-9031,Systems analyst (implementation),"You stand up the software other people bought — project work, not a rotation.",15-1211,Occupational health specialist,"Workplace injury, exposure, and return-to-work at employers and insurers.",19-5011
15.1204,Computer Software Technology/Technician,Engineering Technologies,engineering,cip2,Engineering Technologies,software developers,Sales engineer,"Technical brain on the sales call: demos, POCs, architecture.",41-9031,Systems analyst (implementation),"You stand up the software other people bought — project work, not a rotation.",15-1211,Occupational health specialist,"Workplace injury, exposure, and return-to-work at employers and insurers.",19-5011
15.1299,"Computer Engineering Technologies/Technicians, Other",Engineering Technologies,engineering,cip2,Engineering Technologies,engineering technologists and technicians,Sales engineer,"Technical brain on the sales call: demos, POCs, architecture.",41-9031,Systems analyst (implementation),"You stand up the software other people bought — project work, not a rotation.",15-1211,Occupational health specialist,"Workplace injury, exposure, and return-to-work at employers and insurers.",19-5011
15.1301,"Drafting and Design Technology/Technician, General",Engineering Technologies,engineering,cip2,Engineering Technologies,architectural and civil drafters,Sales engineer,"Technical brain on the sales call: demos, POCs, architecture.",41-9031,Systems analyst (implementation),"You stand up the software other people bought — project work, not a rotation.",15-1211,Occupational health specialist,"Workplace injury, exposure, and return-to-work at employers and insurers.",19-5011
15.1302,CAD/CADD Drafting and/or Design Technology/Technician,Engineering Technologies,engineering,cip2,Engineering Technologies,architectural and civil drafters,Sales engineer,"Technical brain on the sales call: demos, POCs, architecture.",41-9031,Systems analyst (implementation),"You stand up the software other people bought — project work, not a rotation.",15-1211,Occupational health specialist,"Workplace injury, exposure, and return-to-work at employers and insurers.",19-5011
15.1303,Architectural Drafting and Architectural CAD/CADD,Engineering Technologies,engineering,cip2,Engineering Technologies,architectural and civil drafters,Sales engineer,"Technical brain on the sales call: demos, POCs, architecture.",41-9031,Systems analyst (implementation),"You stand up the software other people bought — project work, not a rotation.",15-1211,Occupational health specialist,"Workplace injury, exposure, and return-to-work at employers and insurers.",19-5011
15.1304,Civil Drafting and Civil Engineering CAD/CADD,Engineering Technologies,engineering,cip2,Engineering Technologies,architectural and civil drafters,Sales engineer,"Technical brain on the sales call: demos, POCs, architecture.",41-9031,Systems analyst (implementation),"You stand up the software other people bought — project work, not a rotation.",15-1211,Occupational health specialist,"Workplace injury, exposure, and return-to-work at employers and insurers.",19-5011
15.1305,Electrical/Electronics Drafting and Electrical/Electronics CAD/CADD,Engineering Technologies,engineering,cip2,Engineering Technologies,electrical and electronics drafters,Sales engineer,"Technical brain on the sales call: demos, POCs, architecture.",41-9031,Systems analyst (implementation),"You stand up the software other people bought — project work, not a rotation.",15-1211,Occupational health specialist,"Workplace injury, exposure, and return-to-work at employers and insurers.",19-5011
15.1306,Mechanical Drafting and Mechanical Drafting CAD/CADD,Engineering Technologies,engineering,cip2,Engineering Technologies,mechanical drafters,Sales engineer,"Technical brain on the sales call: demos, POCs, architecture.",41-9031,Systems analyst (implementation),"You stand up the software other people bought — project work, not a rotation.",15-1211,Occupational health specialist,"Workplace injury, exposure, and return-to-work at employers and insurers.",19-5011
15.1307,3-D Modeling and Design Technology/Technician,Engineering Technologies,engineering,cip2,Engineering Technologies,architectural and civil drafters,Sales engineer,"Technical brain on the sales call: demos, POCs, architecture.",41-9031,Systems analyst (implementation),"You stand up the software other people bought — project work, not a rotation.",15-1211,Occupational health specialist,"Workplace injury, exposure, and return-to-work at employers and insurers.",19-5011
15.1399,"Drafting/Design Engineering Technologies/Technicians, Other",Engineering Technologies,engineering,cip2,Engineering Technologies,drafters,Sales engineer,"Technical brain on the sales call: demos, POCs, architecture.",41-9031,Systems analyst (implementation),"You stand up the software other people bought — project work, not a rotation.",15-1211,Occupational health specialist,"Workplace injury, exposure, and return-to-work at employers and insurers.",19-5011
15.1401,Nuclear Engineering Technology/Technician,Engineering Technologies,engineering,cip2,Engineering Technologies,engineering technologists and technicians,Sales engineer,"Technical brain on the sales call: demos, POCs, architecture.",41-9031,Systems analyst (implementation),"You stand up the software other people bought — project work, not a rotation.",15-1211,Occupational health specialist,"Workplace injury, exposure, and return-to-work at employers and insurers.",19-5011
15.1501,Engineering/Industrial Management,Engineering Technologies,engineering,cip2,Engineering Technologies,industrial engineering technologists and technicians,Sales engineer,"Technical brain on the sales call: demos, POCs, architecture.",41-9031,Systems analyst (implementation),"You stand up the software other people bought — project work, not a rotation.",15-1211,Occupational health specialist,"Workplace injury, exposure, and return-to-work at employers and insurers.",19-5011
15.1502,Engineering Design,Engineering Technologies,engineering,cip2,Engineering Technologies,architectural and engineering managers,Sales engineer,"Technical brain on the sales call: demos, POCs, architecture.",41-9031,Systems analyst (implementation),"You stand up the software other people bought — project work, not a rotation.",15-1211,Occupational health specialist,"Workplace injury, exposure, and return-to-work at employers and insurers.",19-5011
15.1503,Packaging Science,Engineering Technologies,engineering,cip2,Engineering Technologies,industrial engineers,Sales engineer,"Technical brain on the sales call: demos, POCs, architecture.",41-9031,Systems analyst (implementation),"You stand up the software other people bought — project work, not a rotation.",15-1211,Occupational health specialist,"Workplace injury, exposure, and return-to-work at employers and insurers.",19-5011
15.1601,Nanotechnology,Engineering Technologies,engineering,cip2,Engineering Technologies,engineers,Sales engineer,"Technical brain on the sales call: demos, POCs, architecture.",41-9031,Systems analyst (implementation),"You stand up the software other people bought — project work, not a rotation.",15-1211,Occupational health specialist,"Workplace injury, exposure, and return-to-work at employers and insurers.",19-5011
15.1701,Energy Systems Technology/Technician,Engineering Technologies,engineering,cip2,Engineering Technologies,engineering technologists and technicians,Sales engineer,"Technical brain on the sales call: demos, POCs, architecture.",41-9031,Systems analyst (implementation),"You stand up the software other people bought — project work, not a rotation.",15-1211,Occupational health specialist,"Workplace injury, exposure, and return-to-work at employers and insurers.",19-5011
15.1702,Power Plant Technology/Technician,Engineering Technologies,engineering,cip2,Engineering Technologies,power plant operators,Sales engineer,"Technical brain on the sales call: demos, POCs, architecture.",41-9031,Systems analyst (implementation),"You stand up the software other people bought — project work, not a rotation.",15-1211,Occupational health specialist,"Workplace injury, exposure, and return-to-work at employers and insurers.",19-5011
15.1703,Solar Energy Technology/Technician,Engineering Technologies,engineering,cip2,Engineering Technologies,solar photovoltaic installers,Sales engineer,"Technical brain on the sales call: demos, POCs, architecture.",41-9031,Systems analyst (implementation),"You stand up the software other people bought — project work, not a rotation.",15-1211,Occupational health specialist,"Workplace injury, exposure, and return-to-work at employers and insurers.",19-5011
15.1704,Wind Energy Technology/Technician,Engineering Technologies,engineering,cip2,Engineering Technologies,wind turbine service technicians,Sales engineer,"Technical brain on the sales call: demos, POCs, architecture.",41-9031,Systems analyst (implementation),"You stand up the software other people bought — project work, not a rotation.",15-1211,Occupational health specialist,"Workplace injury, exposure, and return-to-work at employers and insurers.",19-5011
15.1705,Hydroelectric Energy Technology/Technician,Engineering Technologies,engineering,cip2,Engineering Technologies,engineering technologists and technicians,Sales engineer,"Technical brain on the sales call: demos, POCs, architecture.",41-9031,Systems analyst (implementation),"You stand up the software other people bought — project work, not a rotation.",15-1211,Occupational health specialist,"Workplace injury, exposure, and return-to-work at employers and insurers.",19-5011
15.1706,Geothermal Energy Technology/Technician,Engineering Technologies,engineering,cip2,Engineering Technologies,engineering technologists and technicians,Sales engineer,"Technical brain on the sales call: demos, POCs, architecture.",41-9031,Systems analyst (implementation),"You stand up the software other people bought — project work, not a rotation.",15-1211,Occupational health specialist,"Workplace injury, exposure, and return-to-work at employers and insurers.",19-5011
15.1799,"Energy Systems Technologies/Technicians, Other",Engineering Technologies,engineering,cip2,Engineering Technologies,engineering technologists and technicians,Sales engineer,"Technical brain on the sales call: demos, POCs, architecture.",41-9031,Systems analyst (implementation),"You stand up the software other people bought — project work, not a rotation.",15-1211,Occupational health specialist,"Workplace injury, exposure, and return-to-work at employers and insurers.",19-5011
16.0101,"Foreign Languages and Literatures, General",Foreign Languages,humanities,cip2,Foreign Languages,foreign language and literature teacher,Training specialist,"Facilitation and curriculum, delivered to employees instead of a classroom.",13-1151,Market research analyst,"Audience and demand research sold to brands, agencies, or policy shops.",13-1161,Compliance officer,"Policy as an operating constraint inside a company, hospital, or campus.",13-1041
16.0102,Linguistics,Foreign Languages,humanities,cip2,Foreign Languages,interpreters and translators,Training specialist,"Facilitation and curriculum, delivered to employees instead of a classroom.",13-1151,Market research analyst,"Audience and demand research sold to brands, agencies, or policy shops.",13-1161,Compliance officer,"Policy as an operating constraint inside a company, hospital, or campus.",13-1041
16.0103,Language Interpretation and Translation,Foreign Languages,humanities,cip2,Foreign Languages,foreign language and literature teacher,Training specialist,"Facilitation and curriculum, delivered to employees instead of a classroom.",13-1151,Market research analyst,"Audience and demand research sold to brands, agencies, or policy shops.",13-1161,Compliance officer,"Policy as an operating constraint inside a company, hospital, or campus.",13-1041
16.0104,Comparative Literature,Foreign Languages,humanities,cip2,Foreign Languages,english language and literature teacher,Training specialist,"Facilitation and curriculum, delivered to employees instead of a classroom.",13-1151,Market research analyst,"Audience and demand research sold to brands, agencies, or policy shops.",13-1161,Compliance officer,"Policy as an operating constraint inside a company, hospital, or campus.",13-1041
16.0105,Applied Linguistics,Foreign Languages,humanities,cip2,Foreign Languages,interpreters and translators,Training specialist,"Facilitation and curriculum, delivered to employees instead of a classroom.",13-1151,Market research analyst,"Audience and demand research sold to brands, agencies, or policy shops.",13-1161,Compliance officer,"Policy as an operating constraint inside a company, hospital, or campus.",13-1041
16.0199,"Linguistic, Comparative, and Related Language Studies and Services, Other",Foreign Languages,humanities,cip2,Foreign Languages,social scientists and related workers,Training specialist,"Facilitation and curriculum, delivered to employees instead of a classroom.",13-1151,Market research analyst,"Audience and demand research sold to brands, agencies, or policy shops.",13-1161,Compliance officer,"Policy as an operating constraint inside a company, hospital, or campus.",13-1041
16.0201,"African Languages, Literatures, and Linguistics",Foreign Languages,humanities,cip2,Foreign Languages,interpreters and translators,Training specialist,"Facilitation and curriculum, delivered to employees instead of a classroom.",13-1151,Market research analyst,"Audience and demand research sold to brands, agencies, or policy shops.",13-1161,Compliance officer,"Policy as an operating constraint inside a company, hospital, or campus.",13-1041
16.0300,"East Asian Languages, Literatures, and Linguistics, General",Foreign Languages,humanities,cip2,Foreign Languages,interpreters and translators,Training specialist,"Facilitation and curriculum, delivered to employees instead of a classroom.",13-1151,Market research analyst,"Audience and demand research sold to brands, agencies, or policy shops.",13-1161,Compliance officer,"Policy as an operating constraint inside a company, hospital, or campus.",13-1041
16.0301,Chinese Language and Literature,Foreign Languages,humanities,cip2,Foreign Languages,foreign language and literature teacher,Training specialist,"Facilitation and curriculum, delivered to employees instead of a classroom.",13-1151,Market research analyst,"Audience and demand research sold to brands, agencies, or policy shops.",13-1161,Compliance officer,"Policy as an operating constraint inside a company, hospital, or campus.",13-1041
16.0302,Japanese Language and Literature,Foreign Languages,humanities,cip2,Foreign Languages,foreign language and literature teacher,Training specialist,"Facilitation and curriculum, delivered to employees instead of a classroom.",13-1151,Market research analyst,"Audience and demand research sold to brands, agencies, or policy shops.",13-1161,Compliance officer,"Policy as an operating constraint inside a company, hospital, or campus.",13-1041
16.0303,Korean Language and Literature,Foreign Languages,humanities,cip2,Foreign Languages,foreign language and literature teacher,Training specialist,"Facilitation and curriculum, delivered to employees instead of a classroom.",13-1151,Market research analyst,"Audience and demand research sold to brands, agencies, or policy shops.",13-1161,Compliance officer,"Policy as an operating constraint inside a company, hospital, or campus.",13-1041
16.0304,Tibetan Language and Literature,Foreign Languages,humanities,cip2,Foreign Languages,foreign language and literature teacher,Training specialist,"Facilitation and curriculum, delivered to employees instead of a classroom.",13-1151,Market research analyst,"Audience and demand research sold to brands, agencies, or policy shops.",13-1161,Compliance officer,"Policy as an operating constraint inside a company, hospital, or campus.",13-1041
16.0399,"East Asian Languages, Literatures, and Linguistics, Other",Foreign Languages,humanities,cip2,Foreign Languages,interpreters and translators,Training specialist,"Facilitation and curriculum, delivered to employees instead of a classroom.",13-1151,Market research analyst,"Audience and demand research sold to brands, agencies, or policy shops.",13-1161,Compliance officer,"Policy as an operating constraint inside a company, hospital, or campus.",13-1041
16.0400,"Slavic Languages, Literatures, and Linguistics, General",Foreign Languages,humanities,cip2,Foreign Languages,interpreters and translators,Training specialist,"Facilitation and curriculum, delivered to employees instead of a classroom.",13-1151,Market research analyst,"Audience and demand research sold to brands, agencies, or policy shops.",13-1161,Compliance officer,"Policy as an operating constraint inside a company, hospital, or campus.",13-1041
16.0401,"Baltic Languages, Literatures, and Linguistics",Foreign Languages,humanities,cip2,Foreign Languages,interpreters and translators,Training specialist,"Facilitation and curriculum, delivered to employees instead of a classroom.",13-1151,Market research analyst,"Audience and demand research sold to brands, agencies, or policy shops.",13-1161,Compliance officer,"Policy as an operating constraint inside a company, hospital, or campus.",13-1041
16.0402,Russian Language and Literature,Foreign Languages,humanities,cip2,Foreign Languages,foreign language and literature teacher,Training specialist,"Facilitation and curriculum, delivered to employees instead of a classroom.",13-1151,Market research analyst,"Audience and demand research sold to brands, agencies, or policy shops.",13-1161,Compliance officer,"Policy as an operating constraint inside a company, hospital, or campus.",13-1041
16.0404,Albanian Language and Literature,Foreign Languages,humanities,cip2,Foreign Languages,foreign language and literature teacher,Training specialist,"Facilitation and curriculum, delivered to employees instead of a classroom.",13-1151,Market research analyst,"Audience and demand research sold to brands, agencies, or policy shops.",13-1161,Compliance officer,"Policy as an operating constraint inside a company, hospital, or campus.",13-1041
16.0405,Bulgarian Language and Literature,Foreign Languages,humanities,cip2,Foreign Languages,foreign language and literature teacher,Training specialist,"Facilitation and curriculum, delivered to employees instead of a classroom.",13-1151,Market research analyst,"Audience and demand research sold to brands, agencies, or policy shops.",13-1161,Compliance officer,"Policy as an operating constraint inside a company, hospital, or campus.",13-1041
16.0406,Czech Language and Literature,Foreign Languages,humanities,cip2,Foreign Languages,foreign language and literature teacher,Training specialist,"Facilitation and curriculum, delivered to employees instead of a classroom.",13-1151,Market research analyst,"Audience and demand research sold to brands, agencies, or policy shops.",13-1161,Compliance officer,"Policy as an operating constraint inside a company, hospital, or campus.",13-1041
16.0407,Polish Language and Literature,Foreign Languages,humanities,cip2,Foreign Languages,foreign language and literature teacher,Training specialist,"Facilitation and curriculum, delivered to employees instead of a classroom.",13-1151,Market research analyst,"Audience and demand research sold to brands, agencies, or policy shops.",13-1161,Compliance officer,"Policy as an operating constraint inside a company, hospital, or campus.",13-1041
16.0408,"Bosnian, Serbian, and Croatian Languages and Literatures",Foreign Languages,humanities,cip2,Foreign Languages,interpreters and translators,Training specialist,"Facilitation and curriculum, delivered to employees instead of a classroom.",13-1151,Market research analyst,"Audience and demand research sold to brands, agencies, or policy shops.",13-1161,Compliance officer,"Policy as an operating constraint inside a company, hospital, or campus.",13-1041
16.0409,Slovak Language and Literature,Foreign Languages,humanities,cip2,Foreign Languages,foreign language and literature teacher,Training specialist,"Facilitation and curriculum, delivered to employees instead of a classroom.",13-1151,Market research analyst,"Audience and demand research sold to brands, agencies, or policy shops.",13-1161,Compliance officer,"Policy as an operating constraint inside a company, hospital, or campus.",13-1041
16.0410,Ukrainian Language and Literature,Foreign Languages,humanities,cip2,Foreign Languages,foreign language and literature teacher,Training specialist,"Facilitation and curriculum, delivered to employees instead of a classroom.",13-1151,Market research analyst,"Audience and demand research sold to brands, agencies, or policy shops.",13-1161,Compliance officer,"Policy as an operating constraint inside a company, hospital, or campus.",13-1041
16.0499,"Slavic, Baltic, and Albanian Languages, Literatures, and Linguistics, Other",Foreign Languages,humanities,cip2,Foreign Languages,interpreters and translators,Training specialist,"Facilitation and curriculum, delivered to employees instead of a classroom.",13-1151,Market research analyst,"Audience and demand research sold to brands, agencies, or policy shops.",13-1161,Compliance officer,"Policy as an operating constraint inside a company, hospital, or campus.",13-1041
16.0500,"Germanic Languages, Literatures, and Linguistics, General",Foreign Languages,humanities,cip2,Foreign Languages,interpreters and translators,Training specialist,"Facilitation and curriculum, delivered to employees instead of a classroom.",13-1151,Market research analyst,"Audience and demand research sold to brands, agencies, or policy shops.",13-1161,Compliance officer,"Policy as an operating constraint inside a company, hospital, or campus.",13-1041
16.0501,German Language and Literature,Foreign Languages,humanities,cip2,Foreign Languages,foreign language and literature teacher,Training specialist,"Facilitation and curriculum, delivered to employees instead of a classroom.",13-1151,Market research analyst,"Audience and demand research sold to brands, agencies, or policy shops.",13-1161,Compliance officer,"Policy as an operating constraint inside a company, hospital, or campus.",13-1041
16.0502,"Scandinavian Languages, Literatures, and Linguistics",Foreign Languages,humanities,cip2,Foreign Languages,interpreters and translators,Training specialist,"Facilitation and curriculum, delivered to employees instead of a classroom.",13-1151,Market research analyst,"Audience and demand research sold to brands, agencies, or policy shops.",13-1161,Compliance officer,"Policy as an operating constraint inside a company, hospital, or campus.",13-1041
16.0503,Danish Language and Literature,Foreign Languages,humanities,cip2,Foreign Languages,foreign language and literature teacher,Training specialist,"Facilitation and curriculum, delivered to employees instead of a classroom.",13-1151,Market research analyst,"Audience and demand research sold to brands, agencies, or policy shops.",13-1161,Compliance officer,"Policy as an operating constraint inside a company, hospital, or campus.",13-1041
16.0504,Dutch/Flemish Language and Literature,Foreign Languages,humanities,cip2,Foreign Languages,foreign language and literature teacher,Training specialist,"Facilitation and curriculum, delivered to employees instead of a classroom.",13-1151,Market research analyst,"Audience and demand research sold to brands, agencies, or policy shops.",13-1161,Compliance officer,"Policy as an operating constraint inside a company, hospital, or campus.",13-1041
16.0505,Norwegian Language and Literature,Foreign Languages,humanities,cip2,Foreign Languages,foreign language and literature teacher,Training specialist,"Facilitation and curriculum, delivered to employees instead of a classroom.",13-1151,Market research analyst,"Audience and demand research sold to brands, agencies, or policy shops.",13-1161,Compliance officer,"Policy as an operating constraint inside a company, hospital, or campus.",13-1041
16.0506,Swedish Language and Literature,Foreign Languages,humanities,cip2,Foreign Languages,foreign language and literature teacher,Training specialist,"Facilitation and curriculum, delivered to employees instead of a classroom.",13-1151,Market research analyst,"Audience and demand research sold to brands, agencies, or policy shops.",13-1161,Compliance officer,"Policy as an operating constraint inside a company, hospital, or campus.",13-1041
16.0599,"Germanic Languages, Literatures, and Linguistics, Other",Foreign Languages,humanities,cip2,Foreign Languages,interpreters and translators,Training specialist,"Facilitation and curriculum, delivered to employees instead of a classroom.",13-1151,Market research analyst,"Audience and demand research sold to brands, agencies, or policy shops.",13-1161,Compliance officer,"Policy as an operating constraint inside a company, hospital, or campus.",13-1041
16.0601,Modern Greek Language and Literature,Foreign Languages,humanities,cip2,Foreign Languages,foreign language and literature teacher,Training specialist,"Facilitation and curriculum, delivered to employees instead of a classroom.",13-1151,Market research analyst,"Audience and demand research sold to brands, agencies, or policy shops.",13-1161,Compliance officer,"Policy as an operating constraint inside a company, hospital, or campus.",13-1041
16.0700,"South Asian Languages, Literatures, and Linguistics, General",Foreign Languages,humanities,cip2,Foreign Languages,interpreters and translators,Training specialist,"Facilitation and curriculum, delivered to employees instead of a classroom.",13-1151,Market research analyst,"Audience and demand research sold to brands, agencies, or policy shops.",13-1161,Compliance officer,"Policy as an operating constraint inside a company, hospital, or campus.",13-1041
16.0701,Hindi Language and Literature,Foreign Languages,humanities,cip2,Foreign Languages,foreign language and literature teacher,Training specialist,"Facilitation and curriculum, delivered to employees instead of a classroom.",13-1151,Market research analyst,"Audience and demand research sold to brands, agencies, or policy shops.",13-1161,Compliance officer,"Policy as an operating constraint inside a company, hospital, or campus.",13-1041
16.0702,"Sanskrit and Classical Indian Languages, Literatures, and Linguistics",Foreign Languages,humanities,cip2,Foreign Languages,interpreters and translators,Training specialist,"Facilitation and curriculum, delivered to employees instead of a classroom.",13-1151,Market research analyst,"Audience and demand research sold to brands, agencies, or policy shops.",13-1161,Compliance officer,"Policy as an operating constraint inside a company, hospital, or campus.",13-1041
16.0704,Bengali Language and Literature,Foreign Languages,humanities,cip2,Foreign Languages,foreign language and literature teacher,Training specialist,"Facilitation and curriculum, delivered to employees instead of a classroom.",13-1151,Market research analyst,"Audience and demand research sold to brands, agencies, or policy shops.",13-1161,Compliance officer,"Policy as an operating constraint inside a company, hospital, or campus.",13-1041
16.0705,Punjabi Language and Literature,Foreign Languages,humanities,cip2,Foreign Languages,foreign language and literature teacher,Training specialist,"Facilitation and curriculum, delivered to employees instead of a classroom.",13-1151,Market research analyst,"Audience and demand research sold to brands, agencies, or policy shops.",13-1161,Compliance officer,"Policy as an operating constraint inside a company, hospital, or campus.",13-1041
16.0706,Tamil Language and Literature,Foreign Languages,humanities,cip2,Foreign Languages,foreign language and literature teacher,Training specialist,"Facilitation and curriculum, delivered to employees instead of a classroom.",13-1151,Market research analyst,"Audience and demand research sold to brands, agencies, or policy shops.",13-1161,Compliance officer,"Policy as an operating constraint inside a company, hospital, or campus.",13-1041
16.0707,Urdu Language and Literature,Foreign Languages,humanities,cip2,Foreign Languages,foreign language and literature teacher,Training specialist,"Facilitation and curriculum, delivered to employees instead of a classroom.",13-1151,Market research analyst,"Audience and demand research sold to brands, agencies, or policy shops.",13-1161,Compliance officer,"Policy as an operating constraint inside a company, hospital, or campus.",13-1041
16.0799,"South Asian Languages, Literatures, and Linguistics, Other",Foreign Languages,humanities,cip2,Foreign Languages,interpreters and translators,Training specialist,"Facilitation and curriculum, delivered to employees instead of a classroom.",13-1151,Market research analyst,"Audience and demand research sold to brands, agencies, or policy shops.",13-1161,Compliance officer,"Policy as an operating constraint inside a company, hospital, or campus.",13-1041
16.0801,"Iranian Languages, Literatures, and Linguistics",Foreign Languages,humanities,cip2,Foreign Languages,interpreters and translators,Training specialist,"Facilitation and curriculum, delivered to employees instead of a classroom.",13-1151,Market research analyst,"Audience and demand research sold to brands, agencies, or policy shops.",13-1161,Compliance officer,"Policy as an operating constraint inside a company, hospital, or campus.",13-1041
16.0900,"Romance Languages, Literatures, and Linguistics, General",Foreign Languages,humanities,cip2,Foreign Languages,interpreters and translators,Training specialist,"Facilitation and curriculum, delivered to employees instead of a classroom.",13-1151,Market research analyst,"Audience and demand research sold to brands, agencies, or policy shops.",13-1161,Compliance officer,"Policy as an operating constraint inside a company, hospital, or campus.",13-1041
16.0901,French Language and Literature,Foreign Languages,humanities,cip2,Foreign Languages,foreign language and literature teacher,Training specialist,"Facilitation and curriculum, delivered to employees instead of a classroom.",13-1151,Market research analyst,"Audience and demand research sold to brands, agencies, or policy shops.",13-1161,Compliance officer,"Policy as an operating constraint inside a company, hospital, or campus.",13-1041
16.0902,Italian Language and Literature,Foreign Languages,humanities,cip2,Foreign Languages,foreign language and literature teacher,Training specialist,"Facilitation and curriculum, delivered to employees instead of a classroom.",13-1151,Market research analyst,"Audience and demand research sold to brands, agencies, or policy shops.",13-1161,Compliance officer,"Policy as an operating constraint inside a company, hospital, or campus.",13-1041
16.0904,Portuguese Language and Literature,Foreign Languages,humanities,cip2,Foreign Languages,foreign language and literature teacher,Training specialist,"Facilitation and curriculum, delivered to employees instead of a classroom.",13-1151,Market research analyst,"Audience and demand research sold to brands, agencies, or policy shops.",13-1161,Compliance officer,"Policy as an operating constraint inside a company, hospital, or campus.",13-1041
16.0905,Spanish Language and Literature,Foreign Languages,humanities,cip2,Foreign Languages,foreign language and literature teacher,Training specialist,"Facilitation and curriculum, delivered to employees instead of a classroom.",13-1151,Market research analyst,"Audience and demand research sold to brands, agencies, or policy shops.",13-1161,Compliance officer,"Policy as an operating constraint inside a company, hospital, or campus.",13-1041
16.0906,Romanian Language and Literature,Foreign Languages,humanities,cip2,Foreign Languages,foreign language and literature teacher,Training specialist,"Facilitation and curriculum, delivered to employees instead of a classroom.",13-1151,Market research analyst,"Audience and demand research sold to brands, agencies, or policy shops.",13-1161,Compliance officer,"Policy as an operating constraint inside a company, hospital, or campus.",13-1041
16.0907,Catalan Language and Literature,Foreign Languages,humanities,cip2,Foreign Languages,foreign language and literature teacher,Training specialist,"Facilitation and curriculum, delivered to employees instead of a classroom.",13-1151,Market research analyst,"Audience and demand research sold to brands, agencies, or policy shops.",13-1161,Compliance officer,"Policy as an operating constraint inside a company, hospital, or campus.",13-1041
16.0908,"Hispanic and Latin American Languages, Literatures, and Linguistics, General",Foreign Languages,humanities,cip2,Foreign Languages,interpreters and translators,Training specialist,"Facilitation and curriculum, delivered to employees instead of a classroom.",13-1151,Market research analyst,"Audience and demand research sold to brands, agencies, or policy shops.",13-1161,Compliance officer,"Policy as an operating constraint inside a company, hospital, or campus.",13-1041
16.0999,"Romance Languages, Literatures, and Linguistics, Other",Foreign Languages,humanities,cip2,Foreign Languages,interpreters and translators,Training specialist,"Facilitation and curriculum, delivered to employees instead of a classroom.",13-1151,Market research analyst,"Audience and demand research sold to brands, agencies, or policy shops.",13-1161,Compliance officer,"Policy as an operating constraint inside a company, hospital, or campus.",13-1041
16.1001,"American Indian/Native American Languages, Literatures, and Linguistics",Foreign Languages,humanities,cip2,Foreign Languages,interpreters and translators,Training specialist,"Facilitation and curriculum, delivered to employees instead of a classroom.",13-1151,Market research analyst,"Audience and demand research sold to brands, agencies, or policy shops.",13-1161,Compliance officer,"Policy as an operating constraint inside a company, hospital, or campus.",13-1041
16.1100,"Middle/Near Eastern and Semitic Languages, Literatures, and Linguistics, General",Foreign Languages,humanities,cip2,Foreign Languages,interpreters and translators,Training specialist,"Facilitation and curriculum, delivered to employees instead of a classroom.",13-1151,Market research analyst,"Audience and demand research sold to brands, agencies, or policy shops.",13-1161,Compliance officer,"Policy as an operating constraint inside a company, hospital, or campus.",13-1041
16.1101,Arabic Language and Literature,Foreign Languages,humanities,cip2,Foreign Languages,foreign language and literature teacher,Training specialist,"Facilitation and curriculum, delivered to employees instead of a classroom.",13-1151,Market research analyst,"Audience and demand research sold to brands, agencies, or policy shops.",13-1161,Compliance officer,"Policy as an operating constraint inside a company, hospital, or campus.",13-1041
16.1102,Hebrew Language and Literature,Foreign Languages,humanities,cip2,Foreign Languages,foreign language and literature teacher,Training specialist,"Facilitation and curriculum, delivered to employees instead of a classroom.",13-1151,Market research analyst,"Audience and demand research sold to brands, agencies, or policy shops.",13-1161,Compliance officer,"Policy as an operating constraint inside a company, hospital, or campus.",13-1041
16.1103,"Ancient Near Eastern and Biblical Languages, Literatures, and Linguistics",Foreign Languages,humanities,cip2,Foreign Languages,interpreters and translators,Training specialist,"Facilitation and curriculum, delivered to employees instead of a classroom.",13-1151,Market research analyst,"Audience and demand research sold to brands, agencies, or policy shops.",13-1161,Compliance officer,"Policy as an operating constraint inside a company, hospital, or campus.",13-1041
16.1199,"Middle/Near Eastern and Semitic Languages, Literatures, and Linguistics, Other",Foreign Languages,humanities,cip2,Foreign Languages,interpreters and translators,Training specialist,"Facilitation and curriculum, delivered to employees instead of a classroom.",13-1151,Market research analyst,"Audience and demand research sold to brands, agencies, or policy shops.",13-1161,Compliance officer,"Policy as an operating constraint inside a company, hospital, or campus.",13-1041
16.1200,"Classics and Classical Languages, Literatures, and Linguistics, General",Foreign Languages,humanities,cip2,Foreign Languages,interpreters and translators,Training specialist,"Facilitation and curriculum, delivered to employees instead of a classroom.",13-1151,Market research analyst,"Audience and demand research sold to brands, agencies, or policy shops.",13-1161,Compliance officer,"Policy as an operating constraint inside a company, hospital, or campus.",13-1041
16.1202,Ancient/Classical Greek Language and Literature,Foreign Languages,humanities,cip2,Foreign Languages,foreign language and literature teacher,Training specialist,"Facilitation and curriculum, delivered to employees instead of a classroom.",13-1151,Market research analyst,"Audience and demand research sold to brands, agencies, or policy shops.",13-1161,Compliance officer,"Policy as an operating constraint inside a company, hospital, or campus.",13-1041
16.1203,Latin Language and Literature,Foreign Languages,humanities,cip2,Foreign Languages,foreign language and literature teacher,Training specialist,"Facilitation and curriculum, delivered to employees instead of a classroom.",13-1151,Market research analyst,"Audience and demand research sold to brands, agencies, or policy shops.",13-1161,Compliance officer,"Policy as an operating constraint inside a company, hospital, or campus.",13-1041
16.1299,"Classics and Classical Languages, Literatures, and Linguistics, Other",Foreign Languages,humanities,cip2,Foreign Languages,interpreters and translators,Training specialist,"Facilitation and curriculum, delivered to employees instead of a classroom.",13-1151,Market research analyst,"Audience and demand research sold to brands, agencies, or policy shops.",13-1161,Compliance officer,"Policy as an operating constraint inside a company, hospital, or campus.",13-1041
16.1301,"Celtic Languages, Literatures, and Linguistics",Foreign Languages,humanities,cip2,Foreign Languages,interpreters and translators,Training specialist,"Facilitation and curriculum, delivered to employees instead of a classroom.",13-1151,Market research analyst,"Audience and demand research sold to brands, agencies, or policy shops.",13-1161,Compliance officer,"Policy as an operating constraint inside a company, hospital, or campus.",13-1041
16.1400,"Southeast Asian Languages, Literatures, and Linguistics, General",Foreign Languages,humanities,cip2,Foreign Languages,interpreters and translators,Training specialist,"Facilitation and curriculum, delivered to employees instead of a classroom.",13-1151,Market research analyst,"Audience and demand research sold to brands, agencies, or policy shops.",13-1161,Compliance officer,"Policy as an operating constraint inside a company, hospital, or campus.",13-1041
16.1401,"Australian/Oceanic/Pacific Languages, Literatures, and Linguistics",Foreign Languages,humanities,cip2,Foreign Languages,interpreters and translators,Training specialist,"Facilitation and curriculum, delivered to employees instead of a classroom.",13-1151,Market research analyst,"Audience and demand research sold to brands, agencies, or policy shops.",13-1161,Compliance officer,"Policy as an operating constraint inside a company, hospital, or campus.",13-1041
16.1402,Indonesian/Malay Languages and Literatures,Foreign Languages,humanities,cip2,Foreign Languages,interpreters and translators,Training specialist,"Facilitation and curriculum, delivered to employees instead of a classroom.",13-1151,Market research analyst,"Audience and demand research sold to brands, agencies, or policy shops.",13-1161,Compliance officer,"Policy as an operating constraint inside a company, hospital, or campus.",13-1041
16.1403,Burmese Language and Literature,Foreign Languages,humanities,cip2,Foreign Languages,foreign language and literature teacher,Training specialist,"Facilitation and curriculum, delivered to employees instead of a classroom.",13-1151,Market research analyst,"Audience and demand research sold to brands, agencies, or policy shops.",13-1161,Compliance officer,"Policy as an operating constraint inside a company, hospital, or campus.",13-1041
16.1404,Filipino/Tagalog Language and Literature,Foreign Languages,humanities,cip2,Foreign Languages,foreign language and literature teacher,Training specialist,"Facilitation and curriculum, delivered to employees instead of a classroom.",13-1151,Market research analyst,"Audience and demand research sold to brands, agencies, or policy shops.",13-1161,Compliance officer,"Policy as an operating constraint inside a company, hospital, or campus.",13-1041
16.1405,Khmer/Cambodian Language and Literature,Foreign Languages,humanities,cip2,Foreign Languages,foreign language and literature teacher,Training specialist,"Facilitation and curriculum, delivered to employees instead of a classroom.",13-1151,Market research analyst,"Audience and demand research sold to brands, agencies, or policy shops.",13-1161,Compliance officer,"Policy as an operating constraint inside a company, hospital, or campus.",13-1041
16.1406,Lao Language and Literature,Foreign Languages,humanities,cip2,Foreign Languages,foreign language and literature teacher,Training specialist,"Facilitation and curriculum, delivered to employees instead of a classroom.",13-1151,Market research analyst,"Audience and demand research sold to brands, agencies, or policy shops.",13-1161,Compliance officer,"Policy as an operating constraint inside a company, hospital, or campus.",13-1041
16.1407,Thai Language and Literature,Foreign Languages,humanities,cip2,Foreign Languages,foreign language and literature teacher,Training specialist,"Facilitation and curriculum, delivered to employees instead of a classroom.",13-1151,Market research analyst,"Audience and demand research sold to brands, agencies, or policy shops.",13-1161,Compliance officer,"Policy as an operating constraint inside a company, hospital, or campus.",13-1041
16.1408,Vietnamese Language and Literature,Foreign Languages,humanities,cip2,Foreign Languages,foreign language and literature teacher,Training specialist,"Facilitation and curriculum, delivered to employees instead of a classroom.",13-1151,Market research analyst,"Audience and demand research sold to brands, agencies, or policy shops.",13-1161,Compliance officer,"Policy as an operating constraint inside a company, hospital, or campus.",13-1041
16.1409,Hawaiian Language and Literature,Foreign Languages,humanities,cip2,Foreign Languages,foreign language and literature teacher,Training specialist,"Facilitation and curriculum, delivered to employees instead of a classroom.",13-1151,Market research analyst,"Audience and demand research sold to brands, agencies, or policy shops.",13-1161,Compliance officer,"Policy as an operating constraint inside a company, hospital, or campus.",13-1041
16.1499,"Southeast Asian and Australasian/Pacific Languages, Literatures, and Linguistics, Other",Foreign Languages,humanities,cip2,Foreign Languages,interpreters and translators,Training specialist,"Facilitation and curriculum, delivered to employees instead of a classroom.",13-1151,Market research analyst,"Audience and demand research sold to brands, agencies, or policy shops.",13-1161,Compliance officer,"Policy as an operating constraint inside a company, hospital, or campus.",13-1041
16.1501,Turkish Language and Literature,Foreign Languages,humanities,cip2,Foreign Languages,foreign language and literature teacher,Training specialist,"Facilitation and curriculum, delivered to employees instead of a classroom.",13-1151,Market research analyst,"Audience and demand research sold to brands, agencies, or policy shops.",13-1161,Compliance officer,"Policy as an operating constraint inside a company, hospital, or campus.",13-1041
16.1502,"Uralic Languages, Literatures, and Linguistics",Foreign Languages,humanities,cip2,Foreign Languages,interpreters and translators,Training specialist,"Facilitation and curriculum, delivered to employees instead of a classroom.",13-1151,Market research analyst,"Audience and demand research sold to brands, agencies, or policy shops.",13-1161,Compliance officer,"Policy as an operating constraint inside a company, hospital, or campus.",13-1041
16.1503,Hungarian/Magyar Language and Literature,Foreign Languages,humanities,cip2,Foreign Languages,foreign language and literature teacher,Training specialist,"Facilitation and curriculum, delivered to employees instead of a classroom.",13-1151,Market research analyst,"Audience and demand research sold to brands, agencies, or policy shops.",13-1161,Compliance officer,"Policy as an operating constraint inside a company, hospital, or campus.",13-1041
16.1504,Mongolian Language and Literature,Foreign Languages,humanities,cip2,Foreign Languages,foreign language and literature teacher,Training specialist,"Facilitation and curriculum, delivered to employees instead of a classroom.",13-1151,Market research analyst,"Audience and demand research sold to brands, agencies, or policy shops.",13-1161,Compliance officer,"Policy as an operating constraint inside a company, hospital, or campus.",13-1041
16.1599,"Turkic, Uralic-Altaic, Caucasian, and Central Asian Languages, Literatures, and Linguistics, Other",Foreign Languages,humanities,cip2,Foreign Languages,interpreters and translators,Training specialist,"Facilitation and curriculum, delivered to employees instead of a classroom.",13-1151,Market research analyst,"Audience and demand research sold to brands, agencies, or policy shops.",13-1161,Compliance officer,"Policy as an operating constraint inside a company, hospital, or campus.",13-1041
16.1601,American Sign Language (ASL),Foreign Languages,humanities,cip2,Foreign Languages,foreign language and literature teacher,Training specialist,"Facilitation and curriculum, delivered to employees instead of a classroom.",13-1151,Market research analyst,"Audience and demand research sold to brands, agencies, or policy shops.",13-1161,Compliance officer,"Policy as an operating constraint inside a company, hospital, or campus.",13-1041
16.1602,Linguistics of ASL and Other Sign Languages,Foreign Languages,humanities,cip2,Foreign Languages,interpreters and translators,Training specialist,"Facilitation and curriculum, delivered to employees instead of a classroom.",13-1151,Market research analyst,"Audience and demand research sold to brands, agencies, or policy shops.",13-1161,Compliance officer,"Policy as an operating constraint inside a company, hospital, or campus.",13-1041
16.1603,Sign Language Interpretation and Translation,Foreign Languages,humanities,cip2,Foreign Languages,interpreters and translators,Training specialist,"Facilitation and curriculum, delivered to employees instead of a classroom.",13-1151,Market research analyst,"Audience and demand research sold to brands, agencies, or policy shops.",13-1161,Compliance officer,"Policy as an operating constraint inside a company, hospital, or campus.",13-1041
16.1699,"American Sign Language, Other",Foreign Languages,humanities,cip2,Foreign Languages,interpreters and translators,Training specialist,"Facilitation and curriculum, delivered to employees instead of a classroom.",13-1151,Market research analyst,"Audience and demand research sold to brands, agencies, or policy shops.",13-1161,Compliance officer,"Policy as an operating constraint inside a company, hospital, or campus.",13-1041
16.1801,Armenian Language and Literature,Foreign Languages,humanities,cip2,Foreign Languages,foreign language and literature teacher,Training specialist,"Facilitation and curriculum, delivered to employees instead of a classroom.",13-1151,Market research analyst,"Audience and demand research sold to brands, agencies, or policy shops.",13-1161,Compliance officer,"Policy as an operating constraint inside a company, hospital, or campus.",13-1041
16.9999,"Foreign Languages, Literatures, and Linguistics, Other",Foreign Languages,humanities,cip2,Foreign Languages,foreign language and literature teacher,Training specialist,"Facilitation and curriculum, delivered to employees instead of a classroom.",13-1151,Market research analyst,"Audience and demand research sold to brands, agencies, or policy shops.",13-1161,Compliance officer,"Policy as an operating constraint inside a company, hospital, or campus.",13-1041
19.0101,"Family and Consumer Sciences/Human Sciences, General",Family Sciences,other,cip2,Family and Consumer Sciences,family and consumer sciences teacher,Training specialist,"Facilitation and curriculum, delivered to employees instead of a classroom.",13-1151,Compliance officer,"Policy as an operating constraint inside a company, hospital, or campus.",13-1041,Market research analyst,"Audience and demand research sold to brands, agencies, or policy shops.",13-1161
19.0201,Business Family and Consumer Sciences/Human Sciences,Family Sciences,other,cip2,Family and Consumer Sciences,family and consumer sciences teacher,Training specialist,"Facilitation and curriculum, delivered to employees instead of a classroom.",13-1151,Compliance officer,"Policy as an operating constraint inside a company, hospital, or campus.",13-1041,Market research analyst,"Audience and demand research sold to brands, agencies, or policy shops.",13-1161
19.0202,Family and Consumer Sciences/Human Sciences Communication,Family Sciences,other,cip2,Family and Consumer Sciences,family and consumer sciences teacher,Training specialist,"Facilitation and curriculum, delivered to employees instead of a classroom.",13-1151,Compliance officer,"Policy as an operating constraint inside a company, hospital, or campus.",13-1041,Market research analyst,"Audience and demand research sold to brands, agencies, or policy shops.",13-1161
19.0203,Consumer Merchandising/Retailing Management,Family Sciences,other,cip2,Family and Consumer Sciences,farm and home management educators,Training specialist,"Facilitation and curriculum, delivered to employees instead of a classroom.",13-1151,Compliance officer,"Policy as an operating constraint inside a company, hospital, or campus.",13-1041,Market research analyst,"Audience and demand research sold to brands, agencies, or policy shops.",13-1161
19.0299,"Family and Consumer Sciences/Human Sciences Business Services, Other",Family Sciences,other,cip2,Family and Consumer Sciences,family and consumer sciences teacher,Training specialist,"Facilitation and curriculum, delivered to employees instead of a classroom.",13-1151,Compliance officer,"Policy as an operating constraint inside a company, hospital, or campus.",13-1041,Market research analyst,"Audience and demand research sold to brands, agencies, or policy shops.",13-1161
19.0401,"Family Resource Management Studies, General",Family Sciences,other,cip2,Family and Consumer Sciences,farm and home management educators,Training specialist,"Facilitation and curriculum, delivered to employees instead of a classroom.",13-1151,Compliance officer,"Policy as an operating constraint inside a company, hospital, or campus.",13-1041,Market research analyst,"Audience and demand research sold to brands, agencies, or policy shops.",13-1161
19.0402,Consumer Economics,Family Sciences,other,cip2,Family and Consumer Sciences,family and consumer sciences teacher,Training specialist,"Facilitation and curriculum, delivered to employees instead of a classroom.",13-1151,Compliance officer,"Policy as an operating constraint inside a company, hospital, or campus.",13-1041,Market research analyst,"Audience and demand research sold to brands, agencies, or policy shops.",13-1161
19.0403,Consumer Services and Advocacy,Family Sciences,other,cip2,Family and Consumer Sciences,family and consumer sciences teacher,Training specialist,"Facilitation and curriculum, delivered to employees instead of a classroom.",13-1151,Compliance officer,"Policy as an operating constraint inside a company, hospital, or campus.",13-1041,Market research analyst,"Audience and demand research sold to brands, agencies, or policy shops.",13-1161
19.0499,"Family and Consumer Economics and Related Services, Other",Family Sciences,other,cip2,Family and Consumer Sciences,family and consumer sciences teacher,Training specialist,"Facilitation and curriculum, delivered to employees instead of a classroom.",13-1151,Compliance officer,"Policy as an operating constraint inside a company, hospital, or campus.",13-1041,Market research analyst,"Audience and demand research sold to brands, agencies, or policy shops.",13-1161
19.0501,"Foods, Nutrition, and Wellness Studies, General",Family Sciences,other,cip2,Family and Consumer Sciences,dietitians and nutritionists,Training specialist,"Facilitation and curriculum, delivered to employees instead of a classroom.",13-1151,Compliance officer,"Policy as an operating constraint inside a company, hospital, or campus.",13-1041,Market research analyst,"Audience and demand research sold to brands, agencies, or policy shops.",13-1161
19.0504,Human Nutrition,Family Sciences,other,cip2,Family and Consumer Sciences,dietitians and nutritionists,Training specialist,"Facilitation and curriculum, delivered to employees instead of a classroom.",13-1151,Compliance officer,"Policy as an operating constraint inside a company, hospital, or campus.",13-1041,Market research analyst,"Audience and demand research sold to brands, agencies, or policy shops.",13-1161
19.0505,Foodservice Systems Administration/Management,Family Sciences,other,cip2,Family and Consumer Sciences,first-line supervisors of food preparation and serving workers,Training specialist,"Facilitation and curriculum, delivered to employees instead of a classroom.",13-1151,Compliance officer,"Policy as an operating constraint inside a company, hospital, or campus.",13-1041,Market research analyst,"Audience and demand research sold to brands, agencies, or policy shops.",13-1161
19.0599,"Foods, Nutrition, and Related Services, Other",Family Sciences,other,cip2,Family and Consumer Sciences,dietitians and nutritionists,Training specialist,"Facilitation and curriculum, delivered to employees instead of a classroom.",13-1151,Compliance officer,"Policy as an operating constraint inside a company, hospital, or campus.",13-1041,Market research analyst,"Audience and demand research sold to brands, agencies, or policy shops.",13-1161
19.0601,"Housing and Human Environments, General",Family Sciences,other,cip2,Family and Consumer Sciences,farm and home management educators,Training specialist,"Facilitation and curriculum, delivered to employees instead of a classroom.",13-1151,Compliance officer,"Policy as an operating constraint inside a company, hospital, or campus.",13-1041,Market research analyst,"Audience and demand research sold to brands, agencies, or policy shops.",13-1161
19.0604,Facilities Planning and Management,Family Sciences,other,cip2,Family and Consumer Sciences,facilities managers,Training specialist,"Facilitation and curriculum, delivered to employees instead of a classroom.",13-1151,Compliance officer,"Policy as an operating constraint inside a company, hospital, or campus.",13-1041,Market research analyst,"Audience and demand research sold to brands, agencies, or policy shops.",13-1161
19.0605,Home Furnishings and Equipment Installers,Family Sciences,other,cip2,Family and Consumer Sciences,farm and home management educators,Training specialist,"Facilitation and curriculum, delivered to employees instead of a classroom.",13-1151,Compliance officer,"Policy as an operating constraint inside a company, hospital, or campus.",13-1041,Market research analyst,"Audience and demand research sold to brands, agencies, or policy shops.",13-1161
19.0699,"Housing and Human Environments, Other",Family Sciences,other,cip2,Family and Consumer Sciences,interior designers,Training specialist,"Facilitation and curriculum, delivered to employees instead of a classroom.",13-1151,Compliance officer,"Policy as an operating constraint inside a company, hospital, or campus.",13-1041,Market research analyst,"Audience and demand research sold to brands, agencies, or policy shops.",13-1161
19.0701,"Human Development and Family Studies, General",Family Sciences,other,cip2,Family and Consumer Sciences,family and consumer sciences teacher,Training specialist,"Facilitation and curriculum, delivered to employees instead of a classroom.",13-1151,Compliance officer,"Policy as an operating constraint inside a company, hospital, or campus.",13-1041,Market research analyst,"Audience and demand research sold to brands, agencies, or policy shops.",13-1161
19.0702,Adult Development and Aging,Family Sciences,other,cip2,Family and Consumer Sciences,psychologists,Training specialist,"Facilitation and curriculum, delivered to employees instead of a classroom.",13-1151,Compliance officer,"Policy as an operating constraint inside a company, hospital, or campus.",13-1041,Market research analyst,"Audience and demand research sold to brands, agencies, or policy shops.",13-1161
19.0704,Family Systems,Family Sciences,other,cip2,Family and Consumer Sciences,family and consumer sciences teacher,Training specialist,"Facilitation and curriculum, delivered to employees instead of a classroom.",13-1151,Compliance officer,"Policy as an operating constraint inside a company, hospital, or campus.",13-1041,Market research analyst,"Audience and demand research sold to brands, agencies, or policy shops.",13-1161
19.0706,Child Development,Family Sciences,other,cip2,Family and Consumer Sciences,childcare workers,Training specialist,"Facilitation and curriculum, delivered to employees instead of a classroom.",13-1151,Compliance officer,"Policy as an operating constraint inside a company, hospital, or campus.",13-1041,Market research analyst,"Audience and demand research sold to brands, agencies, or policy shops.",13-1161
19.0707,Family and Community Services,Family Sciences,other,cip2,Family and Consumer Sciences,farm and home management educators,Training specialist,"Facilitation and curriculum, delivered to employees instead of a classroom.",13-1151,Compliance officer,"Policy as an operating constraint inside a company, hospital, or campus.",13-1041,Market research analyst,"Audience and demand research sold to brands, agencies, or policy shops.",13-1161
19.0708,Child Care and Support Services Management,Family Sciences,other,cip2,Family and Consumer Sciences,preschool teachers,Training specialist,"Facilitation and curriculum, delivered to employees instead of a classroom.",13-1151,Compliance officer,"Policy as an operating constraint inside a company, hospital, or campus.",13-1041,Market research analyst,"Audience and demand research sold to brands, agencies, or policy shops.",13-1161
19.0709,Child Care Provider/Assistant,Family Sciences,other,cip2,Family and Consumer Sciences,childcare workers,Training specialist,"Facilitation and curriculum, delivered to employees instead of a classroom.",13-1151,Compliance officer,"Policy as an operating constraint inside a company, hospital, or campus.",13-1041,Market research analyst,"Audience and demand research sold to brands, agencies, or policy shops.",13-1161
19.0710,Developmental Services Worker,Family Sciences,other,cip2,Family and Consumer Sciences,social and human service assistants,Training specialist,"Facilitation and curriculum, delivered to employees instead of a classroom.",13-1151,Compliance officer,"Policy as an operating constraint inside a company, hospital, or campus.",13-1041,Market research analyst,"Audience and demand research sold to brands, agencies, or policy shops.",13-1161
19.0711,Early Childhood and Family Studies,Family Sciences,other,cip2,Family and Consumer Sciences,childcare workers,Training specialist,"Facilitation and curriculum, delivered to employees instead of a classroom.",13-1151,Compliance officer,"Policy as an operating constraint inside a company, hospital, or campus.",13-1041,Market research analyst,"Audience and demand research sold to brands, agencies, or policy shops.",13-1161
19.0712,Parent Education Services,Family Sciences,other,cip2,Family and Consumer Sciences,community and social service specialists,Training specialist,"Facilitation and curriculum, delivered to employees instead of a classroom.",13-1151,Compliance officer,"Policy as an operating constraint inside a company, hospital, or campus.",13-1041,Market research analyst,"Audience and demand research sold to brands, agencies, or policy shops.",13-1161
19.0901,"Apparel and Textiles, General",Family Sciences,other,cip2,Family and Consumer Sciences,farm and home management educators,Training specialist,"Facilitation and curriculum, delivered to employees instead of a classroom.",13-1151,Compliance officer,"Policy as an operating constraint inside a company, hospital, or campus.",13-1041,Market research analyst,"Audience and demand research sold to brands, agencies, or policy shops.",13-1161
19.0902,Apparel and Textile Manufacture,Family Sciences,other,cip2,Family and Consumer Sciences,fabric and apparel patternmakers,Training specialist,"Facilitation and curriculum, delivered to employees instead of a classroom.",13-1151,Compliance officer,"Policy as an operating constraint inside a company, hospital, or campus.",13-1041,Market research analyst,"Audience and demand research sold to brands, agencies, or policy shops.",13-1161
19.0904,Textile Science,Family Sciences,other,cip2,Family and Consumer Sciences,interior designers,Training specialist,"Facilitation and curriculum, delivered to employees instead of a classroom.",13-1151,Compliance officer,"Policy as an operating constraint inside a company, hospital, or campus.",13-1041,Market research analyst,"Audience and demand research sold to brands, agencies, or policy shops.",13-1161
19.0905,Apparel and Textile Marketing Management,Family Sciences,other,cip2,Family and Consumer Sciences,market research analysts and marketing specialists,Training specialist,"Facilitation and curriculum, delivered to employees instead of a classroom.",13-1151,Compliance officer,"Policy as an operating constraint inside a company, hospital, or campus.",13-1041,Market research analyst,"Audience and demand research sold to brands, agencies, or policy shops.",13-1161
19.0906,Fashion and Fabric Consultant,Family Sciences,other,cip2,Family and Consumer Sciences,fashion designers,Training specialist,"Facilitation and curriculum, delivered to employees instead of a classroom.",13-1151,Compliance officer,"Policy as an operating constraint inside a company, hospital, or campus.",13-1041,Market research analyst,"Audience and demand research sold to brands, agencies, or policy shops.",13-1161
19.1001,Work and Family Studies,Family Sciences,other,cip2,Family and Consumer Sciences,family and consumer sciences teacher,Training specialist,"Facilitation and curriculum, delivered to employees instead of a classroom.",13-1151,Compliance officer,"Policy as an operating constraint inside a company, hospital, or campus.",13-1041,Market research analyst,"Audience and demand research sold to brands, agencies, or policy shops.",13-1161
22.0000,Legal Studies,Legal Studies,other,cip2,Legal Studies,paralegals and legal assistants,Compliance officer,"Policy as an operating constraint inside a company, hospital, or campus.",13-1041,Information security analyst,"Identity, logging, and controls — investigations without a ticket queue.",15-1212,Management analyst,"Process and systems work for an agency, hospital, or contractor.",13-1111
22.0101,Law,Legal Studies,other,cip4,Law,lawyer or clerk,Compliance officer,"Policy as an operating constraint inside a company, hospital, or campus.",13-1041,Information security analyst,"Identity, logging, and controls — investigations without a ticket queue.",15-1212,Management analyst,"Process and systems work for an agency, hospital, or contractor.",13-1111
22.0201,"Advanced Legal Research/Studies, General",Legal Studies,other,cip4,Advanced Legal Studies,lawyer or law professor,Compliance officer,"Policy as an operating constraint inside a company, hospital, or campus.",13-1041,Information security analyst,"Identity, logging, and controls — investigations without a ticket queue.",15-1212,Management analyst,"Process and systems work for an agency, hospital, or contractor.",13-1111
22.0202,Programs for Foreign Lawyers,Legal Studies,other,cip4,Advanced Legal Studies,lawyer or law professor,Compliance officer,"Policy as an operating constraint inside a company, hospital, or campus.",13-1041,Information security analyst,"Identity, logging, and controls — investigations without a ticket queue.",15-1212,Management analyst,"Process and systems work for an agency, hospital, or contractor.",13-1111
22.0203,American/U.S. Law/Legal Studies/Jurisprudence,Legal Studies,other,cip4,Advanced Legal Studies,lawyer or law professor,Compliance officer,"Policy as an operating constraint inside a company, hospital, or campus.",13-1041,Information security analyst,"Identity, logging, and controls — investigations without a ticket queue.",15-1212,Management analyst,"Process and systems work for an agency, hospital, or contractor.",13-1111
22.0204,Canadian Law/Legal Studies/Jurisprudence,Legal Studies,other,cip4,Advanced Legal Studies,lawyer or law professor,Compliance officer,"Policy as an operating constraint inside a company, hospital, or campus.",13-1041,Information security analyst,"Identity, logging, and controls — investigations without a ticket queue.",15-1212,Management analyst,"Process and systems work for an agency, hospital, or contractor.",13-1111
22.0205,"Banking, Corporate, Finance, and Securities Law",Legal Studies,other,cip4,Advanced Legal Studies,lawyer or law professor,Compliance officer,"Policy as an operating constraint inside a company, hospital, or campus.",13-1041,Information security analyst,"Identity, logging, and controls — investigations without a ticket queue.",15-1212,Management analyst,"Process and systems work for an agency, hospital, or contractor.",13-1111
22.0206,Comparative Law,Legal Studies,other,cip4,Advanced Legal Studies,lawyer or law professor,Compliance officer,"Policy as an operating constraint inside a company, hospital, or campus.",13-1041,Information security analyst,"Identity, logging, and controls — investigations without a ticket queue.",15-1212,Management analyst,"Process and systems work for an agency, hospital, or contractor.",13-1111
22.0207,"Energy, Environment, and Natural Resources Law",Legal Studies,other,cip4,Advanced Legal Studies,lawyer or law professor,Compliance officer,"Policy as an operating constraint inside a company, hospital, or campus.",13-1041,Information security analyst,"Identity, logging, and controls — investigations without a ticket queue.",15-1212,Management analyst,"Process and systems work for an agency, hospital, or contractor.",13-1111
22.0208,Health Law,Legal Studies,other,cip4,Advanced Legal Studies,lawyer or law professor,Compliance officer,"Policy as an operating constraint inside a company, hospital, or campus.",13-1041,Information security analyst,"Identity, logging, and controls — investigations without a ticket queue.",15-1212,Management analyst,"Process and systems work for an agency, hospital, or contractor.",13-1111
22.0209,International Law and Legal Studies,Legal Studies,other,cip4,Advanced Legal Studies,lawyer or law professor,Compliance officer,"Policy as an operating constraint inside a company, hospital, or campus.",13-1041,Information security analyst,"Identity, logging, and controls — investigations without a ticket queue.",15-1212,Management analyst,"Process and systems work for an agency, hospital, or contractor.",13-1111
22.0210,"International Business, Trade, and Tax Law",Legal Studies,other,cip4,Advanced Legal Studies,lawyer or law professor,Compliance officer,"Policy as an operating constraint inside a company, hospital, or campus.",13-1041,Information security analyst,"Identity, logging, and controls — investigations without a ticket queue.",15-1212,Management analyst,"Process and systems work for an agency, hospital, or contractor.",13-1111
22.0211,Tax Law/Taxation,Legal Studies,other,cip4,Advanced Legal Studies,lawyer or law professor,Compliance officer,"Policy as an operating constraint inside a company, hospital, or campus.",13-1041,Information security analyst,"Identity, logging, and controls — investigations without a ticket queue.",15-1212,Management analyst,"Process and systems work for an agency, hospital, or contractor.",13-1111
22.0212,Intellectual Property Law,Legal Studies,other,cip4,Advanced Legal Studies,lawyer or law professor,Compliance officer,"Policy as an operating constraint inside a company, hospital, or campus.",13-1041,Information security analyst,"Identity, logging, and controls — investigations without a ticket queue.",15-1212,Management analyst,"Process and systems work for an agency, hospital, or contractor.",13-1111
22.0213,Patent Law,Legal Studies,other,cip4,Advanced Legal Studies,lawyer or law professor,Compliance officer,"Policy as an operating constraint inside a company, hospital, or campus.",13-1041,Information security analyst,"Identity, logging, and controls — investigations without a ticket queue.",15-1212,Management analyst,"Process and systems work for an agency, hospital, or contractor.",13-1111
22.0214,Agriculture Law,Legal Studies,other,cip4,Advanced Legal Studies,lawyer or law professor,Compliance officer,"Policy as an operating constraint inside a company, hospital, or campus.",13-1041,Information security analyst,"Identity, logging, and controls — investigations without a ticket queue.",15-1212,Management analyst,"Process and systems work for an agency, hospital, or contractor.",13-1111
22.0215,Arts and Entertainment Law,Legal Studies,other,cip4,Advanced Legal Studies,lawyer or law professor,Compliance officer,"Policy as an operating constraint inside a company, hospital, or campus.",13-1041,Information security analyst,"Identity, logging, and controls — investigations without a ticket queue.",15-1212,Management analyst,"Process and systems work for an agency, hospital, or contractor.",13-1111
22.0216,Compliance Law,Legal Studies,other,cip4,Advanced Legal Studies,lawyer or law professor,Compliance officer,"Policy as an operating constraint inside a company, hospital, or campus.",13-1041,Information security analyst,"Identity, logging, and controls — investigations without a ticket queue.",15-1212,Management analyst,"Process and systems work for an agency, hospital, or contractor.",13-1111
22.0217,Criminal Law and Procedure,Legal Studies,other,cip4,Advanced Legal Studies,lawyer or law professor,Compliance officer,"Policy as an operating constraint inside a company, hospital, or campus.",13-1041,Information security analyst,"Identity, logging, and controls — investigations without a ticket queue.",15-1212,Management analyst,"Process and systems work for an agency, hospital, or contractor.",13-1111
22.0218,Entrepreneurship Law,Legal Studies,other,cip4,Advanced Legal Studies,lawyer or law professor,Compliance officer,"Policy as an operating constraint inside a company, hospital, or campus.",13-1041,Information security analyst,"Identity, logging, and controls — investigations without a ticket queue.",15-1212,Management analyst,"Process and systems work for an agency, hospital, or contractor.",13-1111
22.0219,Family/Child/Elder Law,Legal Studies,other,cip4,Advanced Legal Studies,lawyer or law professor,Compliance officer,"Policy as an operating constraint inside a company, hospital, or campus.",13-1041,Information security analyst,"Identity, logging, and controls — investigations without a ticket queue.",15-1212,Management analyst,"Process and systems work for an agency, hospital, or contractor.",13-1111
22.0220,Human Resources Law,Legal Studies,other,cip4,Advanced Legal Studies,lawyer or law professor,Compliance officer,"Policy as an operating constraint inside a company, hospital, or campus.",13-1041,Information security analyst,"Identity, logging, and controls — investigations without a ticket queue.",15-1212,Management analyst,"Process and systems work for an agency, hospital, or contractor.",13-1111
22.0221,Insurance Law,Legal Studies,other,cip4,Advanced Legal Studies,lawyer or law professor,Compliance officer,"Policy as an operating constraint inside a company, hospital, or campus.",13-1041,Information security analyst,"Identity, logging, and controls — investigations without a ticket queue.",15-1212,Management analyst,"Process and systems work for an agency, hospital, or contractor.",13-1111
22.0222,Real Estate and Land Development Law,Legal Studies,other,cip4,Advanced Legal Studies,lawyer or law professor,Compliance officer,"Policy as an operating constraint inside a company, hospital, or campus.",13-1041,Information security analyst,"Identity, logging, and controls — investigations without a ticket queue.",15-1212,Management analyst,"Process and systems work for an agency, hospital, or contractor.",13-1111
22.0223,Transportation Law,Legal Studies,other,cip4,Advanced Legal Studies,lawyer or law professor,Compliance officer,"Policy as an operating constraint inside a company, hospital, or campus.",13-1041,Information security analyst,"Identity, logging, and controls — investigations without a ticket queue.",15-1212,Management analyst,"Process and systems work for an agency, hospital, or contractor.",13-1111
22.0224,Tribal/Indigenous Law,Legal Studies,other,cip4,Advanced Legal Studies,lawyer or law professor,Compliance officer,"Policy as an operating constraint inside a company, hospital, or campus.",13-1041,Information security analyst,"Identity, logging, and controls — investigations without a ticket queue.",15-1212,Management analyst,"Process and systems work for an agency, hospital, or contractor.",13-1111
22.0299,"Legal Research and Advanced Professional Studies, Other",Legal Studies,other,cip4,Advanced Legal Studies,lawyer or law professor,Compliance officer,"Policy as an operating constraint inside a company, hospital, or campus.",13-1041,Information security analyst,"Identity, logging, and controls — investigations without a ticket queue.",15-1212,Management analyst,"Process and systems work for an agency, hospital, or contractor.",13-1111
22.0301,Legal Administrative Assistant/Secretary,Legal Studies,other,cip4,Legal Support / Paralegal,paralegal,Compliance officer,"Policy as an operating constraint inside a company, hospital, or campus.",13-1041,Insurance fraud / claims investigator,SIU and special investigations — the private-sector cousin of detective work.,13-1031,Information governance / records analyst,"Retention, discovery, and archives inside companies.",
22.0302,Legal Assistant/Paralegal,Legal Studies,other,cip4,Legal Support / Paralegal,paralegal,Compliance officer,"Policy as an operating constraint inside a company, hospital, or campus.",13-1041,Insurance fraud / claims investigator,SIU and special investigations — the private-sector cousin of detective work.,13-1031,Information governance / records analyst,"Retention, discovery, and archives inside companies.",
22.0303,Court Reporting and Captioning/Court Reporter,Legal Studies,other,cip4,Legal Support / Paralegal,paralegal,Compliance officer,"Policy as an operating constraint inside a company, hospital, or campus.",13-1041,Insurance fraud / claims investigator,SIU and special investigations — the private-sector cousin of detective work.,13-1031,Information governance / records analyst,"Retention, discovery, and archives inside companies.",
22.0304,Court Interpreter,Legal Studies,other,cip4,Legal Support / Paralegal,paralegal,Compliance officer,"Policy as an operating constraint inside a company, hospital, or campus.",13-1041,Insurance fraud / claims investigator,SIU and special investigations — the private-sector cousin of detective work.,13-1031,Information governance / records analyst,"Retention, discovery, and archives inside companies.",
22.0305,Scopist,Legal Studies,other,cip4,Legal Support / Paralegal,paralegal,Compliance officer,"Policy as an operating constraint inside a company, hospital, or campus.",13-1041,Insurance fraud / claims investigator,SIU and special investigations — the private-sector cousin of detective work.,13-1031,Information governance / records analyst,"Retention, discovery, and archives inside companies.",
23.0101,"English Language and Literature, General",English,humanities,cip4,English / Literature,teacher or copywriter,Developer advocate,The writing-about-systems job that is not a blog or a classroom.,,Market research / insights analyst,"Close reading of what people say, sold to product and brand teams.",13-1161,Training specialist,Instructional writing and live teaching inside a company.,13-1151
23.1301,"Writing, General",English,humanities,cip2,English,writers and authors,Market research analyst,"Audience and demand research sold to brands, agencies, or policy shops.",13-1161,Training specialist,"Facilitation and curriculum, delivered to employees instead of a classroom.",13-1151,Compliance officer,"Policy as an operating constraint inside a company, hospital, or campus.",13-1041
23.1302,Creative Writing,English,humanities,cip2,English,writers and authors,Market research analyst,"Audience and demand research sold to brands, agencies, or policy shops.",13-1161,Training specialist,"Facilitation and curriculum, delivered to employees instead of a classroom.",13-1151,Compliance officer,"Policy as an operating constraint inside a company, hospital, or campus.",13-1041
23.1303,"Professional, Technical, Business, and Scientific Writing",English,humanities,cip2,English,technical writers,Market research analyst,"Audience and demand research sold to brands, agencies, or policy shops.",13-1161,Training specialist,"Facilitation and curriculum, delivered to employees instead of a classroom.",13-1151,Compliance officer,"Policy as an operating constraint inside a company, hospital, or campus.",13-1041
23.1304,Rhetoric and Composition,English,humanities,cip2,English,writers and authors,Market research analyst,"Audience and demand research sold to brands, agencies, or policy shops.",13-1161,Training specialist,"Facilitation and curriculum, delivered to employees instead of a classroom.",13-1151,Compliance officer,"Policy as an operating constraint inside a company, hospital, or campus.",13-1041
23.1399,"Rhetoric and Composition/Writing Studies, Other",English,humanities,cip2,English,writers and authors,Market research analyst,"Audience and demand research sold to brands, agencies, or policy shops.",13-1161,Training specialist,"Facilitation and curriculum, delivered to employees instead of a classroom.",13-1151,Compliance officer,"Policy as an operating constraint inside a company, hospital, or campus.",13-1041
23.1401,General Literature,English,humanities,cip2,English,english language and literature teacher,Market research analyst,"Audience and demand research sold to brands, agencies, or policy shops.",13-1161,Training specialist,"Facilitation and curriculum, delivered to employees instead of a classroom.",13-1151,Compliance officer,"Policy as an operating constraint inside a company, hospital, or campus.",13-1041
23.1402,American Literature (United States),English,humanities,cip2,English,english language and literature teacher,Market research analyst,"Audience and demand research sold to brands, agencies, or policy shops.",13-1161,Training specialist,"Facilitation and curriculum, delivered to employees instead of a classroom.",13-1151,Compliance officer,"Policy as an operating constraint inside a company, hospital, or campus.",13-1041
23.1403,American Literature (Canadian),English,humanities,cip2,English,english language and literature teacher,Market research analyst,"Audience and demand research sold to brands, agencies, or policy shops.",13-1161,Training specialist,"Facilitation and curriculum, delivered to employees instead of a classroom.",13-1151,Compliance officer,"Policy as an operating constraint inside a company, hospital, or campus.",13-1041
23.1404,English Literature (British and Commonwealth),English,humanities,cip2,English,english language and literature teacher,Market research analyst,"Audience and demand research sold to brands, agencies, or policy shops.",13-1161,Training specialist,"Facilitation and curriculum, delivered to employees instead of a classroom.",13-1151,Compliance officer,"Policy as an operating constraint inside a company, hospital, or campus.",13-1041
23.1405,Children's and Adolescent Literature,English,humanities,cip2,English,english language and literature teacher,Market research analyst,"Audience and demand research sold to brands, agencies, or policy shops.",13-1161,Training specialist,"Facilitation and curriculum, delivered to employees instead of a classroom.",13-1151,Compliance officer,"Policy as an operating constraint inside a company, hospital, or campus.",13-1041
23.1499,"Literature, Other",English,humanities,cip2,English,english language and literature teacher,Market research analyst,"Audience and demand research sold to brands, agencies, or policy shops.",13-1161,Training specialist,"Facilitation and curriculum, delivered to employees instead of a classroom.",13-1151,Compliance officer,"Policy as an operating constraint inside a company, hospital, or campus.",13-1041
23.9999,"English Language and Literature/Letters, Other",English,humanities,cip2,English,english language and literature teacher,Market research analyst,"Audience and demand research sold to brands, agencies, or policy shops.",13-1161,Training specialist,"Facilitation and curriculum, delivered to employees instead of a classroom.",13-1151,Compliance officer,"Policy as an operating constraint inside a company, hospital, or campus.",13-1041
24.0101,Liberal Arts and Sciences/Liberal Studies,Liberal Arts,humanities,cip4,Liberal Arts / General Studies,teacher or admin assistant,Market research analyst,Turns a generalist reading habit into paid research for brands and agencies.,13-1161,Compliance officer,"Policy-and-evidence work in banks, hospitals, and campuses — not a classroom.",13-1041,Training specialist,"Facilitation and curriculum, but inside companies instead of K–12.",13-1151
24.0102,General Studies,Liberal Arts,humanities,cip4,Liberal Arts / General Studies,teacher or admin assistant,Market research analyst,Turns a generalist reading habit into paid research for brands and agencies.,13-1161,Compliance officer,"Policy-and-evidence work in banks, hospitals, and campuses — not a classroom.",13-1041,Training specialist,"Facilitation and curriculum, but inside companies instead of K–12.",13-1151
24.0103,Humanities/Humanistic Studies,Liberal Arts,humanities,cip4,Liberal Arts / General Studies,teacher or admin assistant,Market research analyst,Turns a generalist reading habit into paid research for brands and agencies.,13-1161,Compliance officer,"Policy-and-evidence work in banks, hospitals, and campuses — not a classroom.",13-1041,Training specialist,"Facilitation and curriculum, but inside companies instead of K–12.",13-1151
25.0101,Library and Information Science,Library Science,humanities,cip2,Library Science,library science teacher,Information governance / records analyst,"Retention, discovery, and archives inside companies.",,Market research analyst,"Audience and demand research sold to brands, agencies, or policy shops.",13-1161,Training specialist,"Facilitation and curriculum, delivered to employees instead of a classroom.",13-1151
25.0102,Children and Youth Library Services,Library Science,humanities,cip2,Library Science,library science teacher,Information governance / records analyst,"Retention, discovery, and archives inside companies.",,Market research analyst,"Audience and demand research sold to brands, agencies, or policy shops.",13-1161,Training specialist,"Facilitation and curriculum, delivered to employees instead of a classroom.",13-1151
25.0103,Archives/Archival Administration,Library Science,humanities,cip2,Library Science,managers,Information governance / records analyst,"Retention, discovery, and archives inside companies.",,Market research analyst,"Audience and demand research sold to brands, agencies, or policy shops.",13-1161,Training specialist,"Facilitation and curriculum, delivered to employees instead of a classroom.",13-1151
25.0199,"Library Science and Administration, Other",Library Science,humanities,cip2,Library Science,librarians and media collections specialists,Information governance / records analyst,"Retention, discovery, and archives inside companies.",,Market research analyst,"Audience and demand research sold to brands, agencies, or policy shops.",13-1161,Training specialist,"Facilitation and curriculum, delivered to employees instead of a classroom.",13-1151
25.0301,Library and Archives Assisting,Library Science,humanities,cip2,Library Science,library technicians,Information governance / records analyst,"Retention, discovery, and archives inside companies.",,Market research analyst,"Audience and demand research sold to brands, agencies, or policy shops.",13-1161,Training specialist,"Facilitation and curriculum, delivered to employees instead of a classroom.",13-1151
26.0101,"Biology/Biological Sciences, General",Biology,health,cip4,Biology,lab technician,Field application scientist,"You demo sequencers, assays, and reagents for a tools company — science plus customers.",,Clinical research coordinator,"Run trials at a hospital or CRO: protocols, consent, data — not pipettes all day.",,Regulatory / quality associate,"FDA files, CAPA, and batch records at biotech and med-device firms.",
26.0102,"Biomedical Sciences, General",Biology,health,cip4,Biology,lab technician,Field application scientist,"You demo sequencers, assays, and reagents for a tools company — science plus customers.",,Clinical research coordinator,"Run trials at a hospital or CRO: protocols, consent, data — not pipettes all day.",,Regulatory / quality associate,"FDA files, CAPA, and batch records at biotech and med-device firms.",
26.0202,Biochemistry,Biology,health,cip4,Biochemistry / Molecular Biology,bench biochemist,Field application scientist,"Kits, instruments, and assays — you are the scientist the sales team brings.",,Clinical research coordinator,"Translational and trial ops; the protocol, not the gel.",,Regulatory / quality associate,"CMC, validation, and filings — the paperwork that lets the science ship.",
26.0203,Biophysics,Biology,health,cip4,Biochemistry / Molecular Biology,bench biochemist,Field application scientist,"Kits, instruments, and assays — you are the scientist the sales team brings.",,Clinical research coordinator,"Translational and trial ops; the protocol, not the gel.",,Regulatory / quality associate,"CMC, validation, and filings — the paperwork that lets the science ship.",
26.0204,Molecular Biology,Biology,health,cip4,Biochemistry / Molecular Biology,bench biochemist,Field application scientist,"Kits, instruments, and assays — you are the scientist the sales team brings.",,Clinical research coordinator,"Translational and trial ops; the protocol, not the gel.",,Regulatory / quality associate,"CMC, validation, and filings — the paperwork that lets the science ship.",
26.0205,Molecular Biochemistry,Biology,health,cip4,Biochemistry / Molecular Biology,bench biochemist,Field application scientist,"Kits, instruments, and assays — you are the scientist the sales team brings.",,Clinical research coordinator,"Translational and trial ops; the protocol, not the gel.",,Regulatory / quality associate,"CMC, validation, and filings — the paperwork that lets the science ship.",
26.0206,Molecular Biophysics,Biology,health,cip4,Biochemistry / Molecular Biology,bench biochemist,Field application scientist,"Kits, instruments, and assays — you are the scientist the sales team brings.",,Clinical research coordinator,"Translational and trial ops; the protocol, not the gel.",,Regulatory / quality associate,"CMC, validation, and filings — the paperwork that lets the science ship.",
26.0207,Structural Biology,Biology,health,cip4,Biochemistry / Molecular Biology,bench biochemist,Field application scientist,"Kits, instruments, and assays — you are the scientist the sales team brings.",,Clinical research coordinator,"Translational and trial ops; the protocol, not the gel.",,Regulatory / quality associate,"CMC, validation, and filings — the paperwork that lets the science ship.",
26.0208,Photobiology,Biology,health,cip4,Biochemistry / Molecular Biology,bench biochemist,Field application scientist,"Kits, instruments, and assays — you are the scientist the sales team brings.",,Clinical research coordinator,"Translational and trial ops; the protocol, not the gel.",,Regulatory / quality associate,"CMC, validation, and filings — the paperwork that lets the science ship.",
26.0209,Radiation Biology/Radiobiology,Biology,health,cip4,Biochemistry / Molecular Biology,bench biochemist,Field application scientist,"Kits, instruments, and assays — you are the scientist the sales team brings.",,Clinical research coordinator,"Translational and trial ops; the protocol, not the gel.",,Regulatory / quality associate,"CMC, validation, and filings — the paperwork that lets the science ship.",
26.0210,Biochemistry and Molecular Biology,Biology,health,cip4,Biochemistry / Molecular Biology,bench biochemist,Field application scientist,"Kits, instruments, and assays — you are the scientist the sales team brings.",,Clinical research coordinator,"Translational and trial ops; the protocol, not the gel.",,Regulatory / quality associate,"CMC, validation, and filings — the paperwork that lets the science ship.",
26.0299,"Biochemistry, Biophysics and Molecular Biology, Other",Biology,health,cip4,Biochemistry / Molecular Biology,bench biochemist,Field application scientist,"Kits, instruments, and assays — you are the scientist the sales team brings.",,Clinical research coordinator,"Translational and trial ops; the protocol, not the gel.",,Regulatory / quality associate,"CMC, validation, and filings — the paperwork that lets the science ship.",
26.0301,Botany/Plant Biology,Biology,health,cip2,Biological Sciences,soil and plant scientists,Field application scientist,You demo instruments and reagents for a tools company.,,Clinical research coordinator,"Protocols, consent, and trial ops — not the namesake clinical seat.",,Regulatory / quality associate,"Filings, CAPA, and specs — the paperwork that lets the work ship.",13-1041
26.0305,Plant Pathology/Phytopathology,Biology,health,cip2,Biological Sciences,soil and plant scientists,Field application scientist,You demo instruments and reagents for a tools company.,,Clinical research coordinator,"Protocols, consent, and trial ops — not the namesake clinical seat.",,Regulatory / quality associate,"Filings, CAPA, and specs — the paperwork that lets the work ship.",13-1041
26.0307,Plant Physiology,Biology,health,cip2,Biological Sciences,soil and plant scientists,Field application scientist,You demo instruments and reagents for a tools company.,,Clinical research coordinator,"Protocols, consent, and trial ops — not the namesake clinical seat.",,Regulatory / quality associate,"Filings, CAPA, and specs — the paperwork that lets the work ship.",13-1041
26.0308,Plant Molecular Biology,Biology,health,cip2,Biological Sciences,soil and plant scientists,Field application scientist,You demo instruments and reagents for a tools company.,,Clinical research coordinator,"Protocols, consent, and trial ops — not the namesake clinical seat.",,Regulatory / quality associate,"Filings, CAPA, and specs — the paperwork that lets the work ship.",13-1041
26.0399,"Botany/Plant Biology, Other",Biology,health,cip2,Biological Sciences,soil and plant scientists,Field application scientist,You demo instruments and reagents for a tools company.,,Clinical research coordinator,"Protocols, consent, and trial ops — not the namesake clinical seat.",,Regulatory / quality associate,"Filings, CAPA, and specs — the paperwork that lets the work ship.",13-1041
26.0401,Cell/Cellular Biology and Histology,Biology,health,cip2,Biological Sciences,medical scientists,Field application scientist,You demo instruments and reagents for a tools company.,,Clinical research coordinator,"Protocols, consent, and trial ops — not the namesake clinical seat.",,Regulatory / quality associate,"Filings, CAPA, and specs — the paperwork that lets the work ship.",13-1041
26.0403,Anatomy,Biology,health,cip2,Biological Sciences,medical scientists,Field application scientist,You demo instruments and reagents for a tools company.,,Clinical research coordinator,"Protocols, consent, and trial ops — not the namesake clinical seat.",,Regulatory / quality associate,"Filings, CAPA, and specs — the paperwork that lets the work ship.",13-1041
26.0404,Developmental Biology and Embryology,Biology,health,cip2,Biological Sciences,medical scientists,Field application scientist,You demo instruments and reagents for a tools company.,,Clinical research coordinator,"Protocols, consent, and trial ops — not the namesake clinical seat.",,Regulatory / quality associate,"Filings, CAPA, and specs — the paperwork that lets the work ship.",13-1041
26.0406,Cell/Cellular and Molecular Biology,Biology,health,cip2,Biological Sciences,medical scientists,Field application scientist,You demo instruments and reagents for a tools company.,,Clinical research coordinator,"Protocols, consent, and trial ops — not the namesake clinical seat.",,Regulatory / quality associate,"Filings, CAPA, and specs — the paperwork that lets the work ship.",13-1041
26.0407,Cell Biology and Anatomy,Biology,health,cip2,Biological Sciences,medical scientists,Field application scientist,You demo instruments and reagents for a tools company.,,Clinical research coordinator,"Protocols, consent, and trial ops — not the namesake clinical seat.",,Regulatory / quality associate,"Filings, CAPA, and specs — the paperwork that lets the work ship.",13-1041
26.0499,"Cell/Cellular Biology and Anatomical Sciences, Other",Biology,health,cip2,Biological Sciences,natural sciences managers,Field application scientist,You demo instruments and reagents for a tools company.,,Clinical research coordinator,"Protocols, consent, and trial ops — not the namesake clinical seat.",,Regulatory / quality associate,"Filings, CAPA, and specs — the paperwork that lets the work ship.",13-1041
26.0502,"Microbiology, General",Biology,health,cip2,Biological Sciences,biological technicians,Field application scientist,You demo instruments and reagents for a tools company.,,Clinical research coordinator,"Protocols, consent, and trial ops — not the namesake clinical seat.",,Regulatory / quality associate,"Filings, CAPA, and specs — the paperwork that lets the work ship.",13-1041
26.0503,Medical Microbiology and Bacteriology,Biology,health,cip2,Biological Sciences,medical scientists,Field application scientist,You demo instruments and reagents for a tools company.,,Clinical research coordinator,"Protocols, consent, and trial ops — not the namesake clinical seat.",,Regulatory / quality associate,"Filings, CAPA, and specs — the paperwork that lets the work ship.",13-1041
26.0504,Virology,Biology,health,cip2,Biological Sciences,medical scientists,Field application scientist,You demo instruments and reagents for a tools company.,,Clinical research coordinator,"Protocols, consent, and trial ops — not the namesake clinical seat.",,Regulatory / quality associate,"Filings, CAPA, and specs — the paperwork that lets the work ship.",13-1041
26.0505,Parasitology,Biology,health,cip2,Biological Sciences,medical scientists,Field application scientist,You demo instruments and reagents for a tools company.,,Clinical research coordinator,"Protocols, consent, and trial ops — not the namesake clinical seat.",,Regulatory / quality associate,"Filings, CAPA, and specs — the paperwork that lets the work ship.",13-1041
26.0506,Mycology,Biology,health,cip2,Biological Sciences,biological scientists,Field application scientist,You demo instruments and reagents for a tools company.,,Clinical research coordinator,"Protocols, consent, and trial ops — not the namesake clinical seat.",,Regulatory / quality associate,"Filings, CAPA, and specs — the paperwork that lets the work ship.",13-1041
26.0507,Immunology,Biology,health,cip2,Biological Sciences,medical scientists,Field application scientist,You demo instruments and reagents for a tools company.,,Clinical research coordinator,"Protocols, consent, and trial ops — not the namesake clinical seat.",,Regulatory / quality associate,"Filings, CAPA, and specs — the paperwork that lets the work ship.",13-1041
26.0508,Microbiology and Immunology,Biology,health,cip2,Biological Sciences,medical scientists,Field application scientist,You demo instruments and reagents for a tools company.,,Clinical research coordinator,"Protocols, consent, and trial ops — not the namesake clinical seat.",,Regulatory / quality associate,"Filings, CAPA, and specs — the paperwork that lets the work ship.",13-1041
26.0509,Infectious Disease and Global Health,Biology,health,cip2,Biological Sciences,medical and health services managers,Field application scientist,You demo instruments and reagents for a tools company.,,Clinical research coordinator,"Protocols, consent, and trial ops — not the namesake clinical seat.",,Regulatory / quality associate,"Filings, CAPA, and specs — the paperwork that lets the work ship.",13-1041
26.0599,"Microbiological Sciences and Immunology, Other",Biology,health,cip2,Biological Sciences,natural sciences managers,Field application scientist,You demo instruments and reagents for a tools company.,,Clinical research coordinator,"Protocols, consent, and trial ops — not the namesake clinical seat.",,Regulatory / quality associate,"Filings, CAPA, and specs — the paperwork that lets the work ship.",13-1041
26.0701,Zoology/Animal Biology,Biology,health,cip2,Biological Sciences,biological technicians,Field application scientist,You demo instruments and reagents for a tools company.,,Clinical research coordinator,"Protocols, consent, and trial ops — not the namesake clinical seat.",,Regulatory / quality associate,"Filings, CAPA, and specs — the paperwork that lets the work ship.",13-1041
26.0702,Entomology,Biology,health,cip2,Biological Sciences,natural sciences managers,Field application scientist,You demo instruments and reagents for a tools company.,,Clinical research coordinator,"Protocols, consent, and trial ops — not the namesake clinical seat.",,Regulatory / quality associate,"Filings, CAPA, and specs — the paperwork that lets the work ship.",13-1041
26.0707,Animal Physiology,Biology,health,cip2,Biological Sciences,natural sciences managers,Field application scientist,You demo instruments and reagents for a tools company.,,Clinical research coordinator,"Protocols, consent, and trial ops — not the namesake clinical seat.",,Regulatory / quality associate,"Filings, CAPA, and specs — the paperwork that lets the work ship.",13-1041
26.0708,Animal Behavior and Ethology,Biology,health,cip2,Biological Sciences,biological technicians,Field application scientist,You demo instruments and reagents for a tools company.,,Clinical research coordinator,"Protocols, consent, and trial ops — not the namesake clinical seat.",,Regulatory / quality associate,"Filings, CAPA, and specs — the paperwork that lets the work ship.",13-1041
26.0709,Wildlife Biology,Biology,health,cip2,Biological Sciences,zoologists and wildlife biologists,Field application scientist,You demo instruments and reagents for a tools company.,,Clinical research coordinator,"Protocols, consent, and trial ops — not the namesake clinical seat.",,Regulatory / quality associate,"Filings, CAPA, and specs — the paperwork that lets the work ship.",13-1041
26.0799,"Zoology/Animal Biology, Other",Biology,health,cip2,Biological Sciences,natural sciences managers,Field application scientist,You demo instruments and reagents for a tools company.,,Clinical research coordinator,"Protocols, consent, and trial ops — not the namesake clinical seat.",,Regulatory / quality associate,"Filings, CAPA, and specs — the paperwork that lets the work ship.",13-1041
26.0801,"Genetics, General",Biology,health,cip2,Biological Sciences,biological technicians,Field application scientist,You demo instruments and reagents for a tools company.,,Clinical research coordinator,"Protocols, consent, and trial ops — not the namesake clinical seat.",,Regulatory / quality associate,"Filings, CAPA, and specs — the paperwork that lets the work ship.",13-1041
26.0802,Molecular Genetics,Biology,health,cip2,Biological Sciences,natural sciences managers,Field application scientist,You demo instruments and reagents for a tools company.,,Clinical research coordinator,"Protocols, consent, and trial ops — not the namesake clinical seat.",,Regulatory / quality associate,"Filings, CAPA, and specs — the paperwork that lets the work ship.",13-1041
26.0803,Microbial and Eukaryotic Genetics,Biology,health,cip2,Biological Sciences,biological scientists,Field application scientist,You demo instruments and reagents for a tools company.,,Clinical research coordinator,"Protocols, consent, and trial ops — not the namesake clinical seat.",,Regulatory / quality associate,"Filings, CAPA, and specs — the paperwork that lets the work ship.",13-1041
26.0804,Animal Genetics,Biology,health,cip2,Biological Sciences,natural sciences managers,Field application scientist,You demo instruments and reagents for a tools company.,,Clinical research coordinator,"Protocols, consent, and trial ops — not the namesake clinical seat.",,Regulatory / quality associate,"Filings, CAPA, and specs — the paperwork that lets the work ship.",13-1041
26.0805,Plant Genetics,Biology,health,cip2,Biological Sciences,natural sciences managers,Field application scientist,You demo instruments and reagents for a tools company.,,Clinical research coordinator,"Protocols, consent, and trial ops — not the namesake clinical seat.",,Regulatory / quality associate,"Filings, CAPA, and specs — the paperwork that lets the work ship.",13-1041
26.0806,Human/Medical Genetics,Biology,health,cip2,Biological Sciences,medical scientists,Field application scientist,You demo instruments and reagents for a tools company.,,Clinical research coordinator,"Protocols, consent, and trial ops — not the namesake clinical seat.",,Regulatory / quality associate,"Filings, CAPA, and specs — the paperwork that lets the work ship.",13-1041
26.0807,Genome Sciences/Genomics,Biology,health,cip2,Biological Sciences,natural sciences managers,Field application scientist,You demo instruments and reagents for a tools company.,,Clinical research coordinator,"Protocols, consent, and trial ops — not the namesake clinical seat.",,Regulatory / quality associate,"Filings, CAPA, and specs — the paperwork that lets the work ship.",13-1041
26.0899,"Genetics, Other",Biology,health,cip2,Biological Sciences,natural sciences managers,Field application scientist,You demo instruments and reagents for a tools company.,,Clinical research coordinator,"Protocols, consent, and trial ops — not the namesake clinical seat.",,Regulatory / quality associate,"Filings, CAPA, and specs — the paperwork that lets the work ship.",13-1041
26.0901,"Physiology, General",Biology,health,cip4,Physiology,exercise physiologist,Clinical research coordinator,"Human-subjects work in cardio, endocrine, and device trials.",,Clinical specialist (devices),"Monitoring, implant, and rehab vendors need people who speak physiology.",,Occupational health / ergonomics specialist,Job demands and injury — applied physiology at an employer.,19-5011
26.0902,Molecular Physiology,Biology,health,cip4,Physiology,exercise physiologist,Clinical research coordinator,"Human-subjects work in cardio, endocrine, and device trials.",,Clinical specialist (devices),"Monitoring, implant, and rehab vendors need people who speak physiology.",,Occupational health / ergonomics specialist,Job demands and injury — applied physiology at an employer.,19-5011
26.0903,Cell Physiology,Biology,health,cip4,Physiology,exercise physiologist,Clinical research coordinator,"Human-subjects work in cardio, endocrine, and device trials.",,Clinical specialist (devices),"Monitoring, implant, and rehab vendors need people who speak physiology.",,Occupational health / ergonomics specialist,Job demands and injury — applied physiology at an employer.,19-5011
26.0904,Endocrinology,Biology,health,cip4,Physiology,exercise physiologist,Clinical research coordinator,"Human-subjects work in cardio, endocrine, and device trials.",,Clinical specialist (devices),"Monitoring, implant, and rehab vendors need people who speak physiology.",,Occupational health / ergonomics specialist,Job demands and injury — applied physiology at an employer.,19-5011
26.0905,Reproductive Biology,Biology,health,cip4,Physiology,exercise physiologist,Clinical research coordinator,"Human-subjects work in cardio, endocrine, and device trials.",,Clinical specialist (devices),"Monitoring, implant, and rehab vendors need people who speak physiology.",,Occupational health / ergonomics specialist,Job demands and injury — applied physiology at an employer.,19-5011
26.0907,Cardiovascular Science,Biology,health,cip4,Physiology,exercise physiologist,Clinical research coordinator,"Human-subjects work in cardio, endocrine, and device trials.",,Clinical specialist (devices),"Monitoring, implant, and rehab vendors need people who speak physiology.",,Occupational health / ergonomics specialist,Job demands and injury — applied physiology at an employer.,19-5011
26.0908,Exercise Physiology and Kinesiology,Biology,health,cip4,Physiology,exercise physiologist,Clinical research coordinator,"Human-subjects work in cardio, endocrine, and device trials.",,Clinical specialist (devices),"Monitoring, implant, and rehab vendors need people who speak physiology.",,Occupational health / ergonomics specialist,Job demands and injury — applied physiology at an employer.,19-5011
26.0909,Vision Science/Physiological Optics,Biology,health,cip4,Physiology,exercise physiologist,Clinical research coordinator,"Human-subjects work in cardio, endocrine, and device trials.",,Clinical specialist (devices),"Monitoring, implant, and rehab vendors need people who speak physiology.",,Occupational health / ergonomics specialist,Job demands and injury — applied physiology at an employer.,19-5011
26.0910,Pathology/Experimental Pathology,Biology,health,cip4,Physiology,exercise physiologist,Clinical research coordinator,"Human-subjects work in cardio, endocrine, and device trials.",,Clinical specialist (devices),"Monitoring, implant, and rehab vendors need people who speak physiology.",,Occupational health / ergonomics specialist,Job demands and injury — applied physiology at an employer.,19-5011
26.0911,Oncology and Cancer Biology,Biology,health,cip4,Physiology,exercise physiologist,Clinical research coordinator,"Human-subjects work in cardio, endocrine, and device trials.",,Clinical specialist (devices),"Monitoring, implant, and rehab vendors need people who speak physiology.",,Occupational health / ergonomics specialist,Job demands and injury — applied physiology at an employer.,19-5011
26.0912,Aerospace Physiology and Medicine,Biology,health,cip4,Physiology,exercise physiologist,Clinical research coordinator,"Human-subjects work in cardio, endocrine, and device trials.",,Clinical specialist (devices),"Monitoring, implant, and rehab vendors need people who speak physiology.",,Occupational health / ergonomics specialist,Job demands and injury — applied physiology at an employer.,19-5011
26.0913,Biomechanics,Biology,health,cip4,Physiology,exercise physiologist,Clinical research coordinator,"Human-subjects work in cardio, endocrine, and device trials.",,Clinical specialist (devices),"Monitoring, implant, and rehab vendors need people who speak physiology.",,Occupational health / ergonomics specialist,Job demands and injury — applied physiology at an employer.,19-5011
26.0999,"Physiology, Pathology, and Related Sciences, Other",Biology,health,cip4,Physiology,exercise physiologist,Clinical research coordinator,"Human-subjects work in cardio, endocrine, and device trials.",,Clinical specialist (devices),"Monitoring, implant, and rehab vendors need people who speak physiology.",,Occupational health / ergonomics specialist,Job demands and injury — applied physiology at an employer.,19-5011
26.1001,Pharmacology,Biology,health,cip2,Biological Sciences,medical scientists,Field application scientist,You demo instruments and reagents for a tools company.,,Clinical research coordinator,"Protocols, consent, and trial ops — not the namesake clinical seat.",,Regulatory / quality associate,"Filings, CAPA, and specs — the paperwork that lets the work ship.",13-1041
26.1002,Molecular Pharmacology,Biology,health,cip2,Biological Sciences,medical scientists,Field application scientist,You demo instruments and reagents for a tools company.,,Clinical research coordinator,"Protocols, consent, and trial ops — not the namesake clinical seat.",,Regulatory / quality associate,"Filings, CAPA, and specs — the paperwork that lets the work ship.",13-1041
26.1003,Neuropharmacology,Biology,health,cip2,Biological Sciences,medical scientists,Field application scientist,You demo instruments and reagents for a tools company.,,Clinical research coordinator,"Protocols, consent, and trial ops — not the namesake clinical seat.",,Regulatory / quality associate,"Filings, CAPA, and specs — the paperwork that lets the work ship.",13-1041
26.1004,Toxicology,Biology,health,cip2,Biological Sciences,medical scientists,Field application scientist,You demo instruments and reagents for a tools company.,,Clinical research coordinator,"Protocols, consent, and trial ops — not the namesake clinical seat.",,Regulatory / quality associate,"Filings, CAPA, and specs — the paperwork that lets the work ship.",13-1041
26.1005,Molecular Toxicology,Biology,health,cip2,Biological Sciences,medical scientists,Field application scientist,You demo instruments and reagents for a tools company.,,Clinical research coordinator,"Protocols, consent, and trial ops — not the namesake clinical seat.",,Regulatory / quality associate,"Filings, CAPA, and specs — the paperwork that lets the work ship.",13-1041
26.1006,Environmental Toxicology,Biology,health,cip2,Biological Sciences,environmental scientists and specialists,Field application scientist,You demo instruments and reagents for a tools company.,,Clinical research coordinator,"Protocols, consent, and trial ops — not the namesake clinical seat.",,Regulatory / quality associate,"Filings, CAPA, and specs — the paperwork that lets the work ship.",13-1041
26.1007,Pharmacology and Toxicology,Biology,health,cip2,Biological Sciences,medical scientists,Field application scientist,You demo instruments and reagents for a tools company.,,Clinical research coordinator,"Protocols, consent, and trial ops — not the namesake clinical seat.",,Regulatory / quality associate,"Filings, CAPA, and specs — the paperwork that lets the work ship.",13-1041
26.1099,"Pharmacology and Toxicology, Other",Biology,health,cip2,Biological Sciences,medical scientists,Field application scientist,You demo instruments and reagents for a tools company.,,Clinical research coordinator,"Protocols, consent, and trial ops — not the namesake clinical seat.",,Regulatory / quality associate,"Filings, CAPA, and specs — the paperwork that lets the work ship.",13-1041
26.1101,Biometry/Biometrics,Biology,health,cip2,Biological Sciences,natural sciences managers,Field application scientist,You demo instruments and reagents for a tools company.,,Clinical research coordinator,"Protocols, consent, and trial ops — not the namesake clinical seat.",,Regulatory / quality associate,"Filings, CAPA, and specs — the paperwork that lets the work ship.",13-1041
26.1102,Biostatistics,Biology,health,cip2,Biological Sciences,medical scientists,Field application scientist,You demo instruments and reagents for a tools company.,,Clinical research coordinator,"Protocols, consent, and trial ops — not the namesake clinical seat.",,Regulatory / quality associate,"Filings, CAPA, and specs — the paperwork that lets the work ship.",13-1041
26.1103,Bioinformatics,Biology,health,cip2,Biological Sciences,computer occupations,Field application scientist,You demo instruments and reagents for a tools company.,,Clinical research coordinator,"Protocols, consent, and trial ops — not the namesake clinical seat.",,Regulatory / quality associate,"Filings, CAPA, and specs — the paperwork that lets the work ship.",13-1041
26.1104,Computational Biology,Biology,health,cip2,Biological Sciences,computer occupations,Field application scientist,You demo instruments and reagents for a tools company.,,Clinical research coordinator,"Protocols, consent, and trial ops — not the namesake clinical seat.",,Regulatory / quality associate,"Filings, CAPA, and specs — the paperwork that lets the work ship.",13-1041
26.1199,"Biomathematics, Bioinformatics, and Computational Biology, Other",Biology,health,cip2,Biological Sciences,data scientists,Field application scientist,You demo instruments and reagents for a tools company.,,Clinical research coordinator,"Protocols, consent, and trial ops — not the namesake clinical seat.",,Regulatory / quality associate,"Filings, CAPA, and specs — the paperwork that lets the work ship.",13-1041
26.1201,Biotechnology,Biology,health,cip2,Biological Sciences,natural sciences managers,Field application scientist,You demo instruments and reagents for a tools company.,,Clinical research coordinator,"Protocols, consent, and trial ops — not the namesake clinical seat.",,Regulatory / quality associate,"Filings, CAPA, and specs — the paperwork that lets the work ship.",13-1041
26.1301,Ecology,Biology,health,cip2,Biological Sciences,natural sciences managers,Field application scientist,You demo instruments and reagents for a tools company.,,Clinical research coordinator,"Protocols, consent, and trial ops — not the namesake clinical seat.",,Regulatory / quality associate,"Filings, CAPA, and specs — the paperwork that lets the work ship.",13-1041
26.1302,Marine Biology and Biological Oceanography,Biology,health,cip2,Biological Sciences,biological technicians,Field application scientist,You demo instruments and reagents for a tools company.,,Clinical research coordinator,"Protocols, consent, and trial ops — not the namesake clinical seat.",,Regulatory / quality associate,"Filings, CAPA, and specs — the paperwork that lets the work ship.",13-1041
26.1303,Evolutionary Biology,Biology,health,cip2,Biological Sciences,natural sciences managers,Field application scientist,You demo instruments and reagents for a tools company.,,Clinical research coordinator,"Protocols, consent, and trial ops — not the namesake clinical seat.",,Regulatory / quality associate,"Filings, CAPA, and specs — the paperwork that lets the work ship.",13-1041
26.1304,Aquatic Biology/Limnology,Biology,health,cip2,Biological Sciences,biological technicians,Field application scientist,You demo instruments and reagents for a tools company.,,Clinical research coordinator,"Protocols, consent, and trial ops — not the namesake clinical seat.",,Regulatory / quality associate,"Filings, CAPA, and specs — the paperwork that lets the work ship.",13-1041
26.1305,Environmental Biology,Biology,health,cip2,Biological Sciences,biological scientists,Field application scientist,You demo instruments and reagents for a tools company.,,Clinical research coordinator,"Protocols, consent, and trial ops — not the namesake clinical seat.",,Regulatory / quality associate,"Filings, CAPA, and specs — the paperwork that lets the work ship.",13-1041
26.1306,Population Biology,Biology,health,cip2,Biological Sciences,biological scientists,Field application scientist,You demo instruments and reagents for a tools company.,,Clinical research coordinator,"Protocols, consent, and trial ops — not the namesake clinical seat.",,Regulatory / quality associate,"Filings, CAPA, and specs — the paperwork that lets the work ship.",13-1041
26.1307,Conservation Biology,Biology,health,cip2,Biological Sciences,conservation scientists,Field application scientist,You demo instruments and reagents for a tools company.,,Clinical research coordinator,"Protocols, consent, and trial ops — not the namesake clinical seat.",,Regulatory / quality associate,"Filings, CAPA, and specs — the paperwork that lets the work ship.",13-1041
26.1308,Systematic Biology/Biological Systematics,Biology,health,cip2,Biological Sciences,biological scientists,Field application scientist,You demo instruments and reagents for a tools company.,,Clinical research coordinator,"Protocols, consent, and trial ops — not the namesake clinical seat.",,Regulatory / quality associate,"Filings, CAPA, and specs — the paperwork that lets the work ship.",13-1041
26.1309,Epidemiology,Biology,health,cip2,Biological Sciences,medical scientists,Field application scientist,You demo instruments and reagents for a tools company.,,Clinical research coordinator,"Protocols, consent, and trial ops — not the namesake clinical seat.",,Regulatory / quality associate,"Filings, CAPA, and specs — the paperwork that lets the work ship.",13-1041
26.1310,Ecology and Evolutionary Biology,Biology,health,cip2,Biological Sciences,natural sciences managers,Field application scientist,You demo instruments and reagents for a tools company.,,Clinical research coordinator,"Protocols, consent, and trial ops — not the namesake clinical seat.",,Regulatory / quality associate,"Filings, CAPA, and specs — the paperwork that lets the work ship.",13-1041
26.1311,Epidemiology and Biostatistics,Biology,health,cip2,Biological Sciences,natural sciences managers,Field application scientist,You demo instruments and reagents for a tools company.,,Clinical research coordinator,"Protocols, consent, and trial ops — not the namesake clinical seat.",,Regulatory / quality associate,"Filings, CAPA, and specs — the paperwork that lets the work ship.",13-1041
26.1399,"Ecology, Evolution, Systematics and Population Biology, Other",Biology,health,cip2,Biological Sciences,natural sciences managers,Field application scientist,You demo instruments and reagents for a tools company.,,Clinical research coordinator,"Protocols, consent, and trial ops — not the namesake clinical seat.",,Regulatory / quality associate,"Filings, CAPA, and specs — the paperwork that lets the work ship.",13-1041
26.1401,Molecular Medicine,Biology,health,cip2,Biological Sciences,medical scientists,Field application scientist,You demo instruments and reagents for a tools company.,,Clinical research coordinator,"Protocols, consent, and trial ops — not the namesake clinical seat.",,Regulatory / quality associate,"Filings, CAPA, and specs — the paperwork that lets the work ship.",13-1041
26.1501,Neuroscience,Biology,health,cip4,Neuroscience,lab tech or med-school placeholder,Neurotech / device specialist,"Stimulation, imaging, and BCI vendors hire the domain, not another year in the lab.",,Human-factors / UX researcher,"Perception and behavior, pointed at products and safety-critical interfaces.",,Health informatics analyst,"Imaging, EEG, and registry data — the computational side without becoming a SWE.",29-9021
26.1502,Neuroanatomy,Biology,health,cip4,Neuroscience,lab tech or med-school placeholder,Neurotech / device specialist,"Stimulation, imaging, and BCI vendors hire the domain, not another year in the lab.",,Human-factors / UX researcher,"Perception and behavior, pointed at products and safety-critical interfaces.",,Health informatics analyst,"Imaging, EEG, and registry data — the computational side without becoming a SWE.",29-9021
26.1503,Neurobiology and Anatomy,Biology,health,cip4,Neuroscience,lab tech or med-school placeholder,Neurotech / device specialist,"Stimulation, imaging, and BCI vendors hire the domain, not another year in the lab.",,Human-factors / UX researcher,"Perception and behavior, pointed at products and safety-critical interfaces.",,Health informatics analyst,"Imaging, EEG, and registry data — the computational side without becoming a SWE.",29-9021
26.1504,Neurobiology and Behavior,Biology,health,cip4,Neuroscience,lab tech or med-school placeholder,Neurotech / device specialist,"Stimulation, imaging, and BCI vendors hire the domain, not another year in the lab.",,Human-factors / UX researcher,"Perception and behavior, pointed at products and safety-critical interfaces.",,Health informatics analyst,"Imaging, EEG, and registry data — the computational side without becoming a SWE.",29-9021
26.1599,"Neurobiology and Neurosciences, Other",Biology,health,cip4,Neuroscience,lab tech or med-school placeholder,Neurotech / device specialist,"Stimulation, imaging, and BCI vendors hire the domain, not another year in the lab.",,Human-factors / UX researcher,"Perception and behavior, pointed at products and safety-critical interfaces.",,Health informatics analyst,"Imaging, EEG, and registry data — the computational side without becoming a SWE.",29-9021
26.9999,"Biological and Biomedical Sciences, Other",Biology,health,cip2,Biological Sciences,natural sciences managers,Field application scientist,You demo instruments and reagents for a tools company.,,Clinical research coordinator,"Protocols, consent, and trial ops — not the namesake clinical seat.",,Regulatory / quality associate,"Filings, CAPA, and specs — the paperwork that lets the work ship.",13-1041
27.0101,"Mathematics, General",Mathematics,other,cip4,Mathematics,math teacher,Actuary,"The standard unobvious door, and still the one most math majors hear about too late.",15-2011,Operations research analyst,"Applied optimization in logistics, airlines, and staffing — not a classroom.",15-2031,Information security analyst,"Crypto, risk models, and detection — a technical shop that is not teaching or SWE.",15-1212
27.0102,Algebra and Number Theory,Mathematics,other,cip4,Mathematics,math teacher,Actuary,"The standard unobvious door, and still the one most math majors hear about too late.",15-2011,Operations research analyst,"Applied optimization in logistics, airlines, and staffing — not a classroom.",15-2031,Information security analyst,"Crypto, risk models, and detection — a technical shop that is not teaching or SWE.",15-1212
27.0103,Analysis and Functional Analysis,Mathematics,other,cip4,Mathematics,math teacher,Actuary,"The standard unobvious door, and still the one most math majors hear about too late.",15-2011,Operations research analyst,"Applied optimization in logistics, airlines, and staffing — not a classroom.",15-2031,Information security analyst,"Crypto, risk models, and detection — a technical shop that is not teaching or SWE.",15-1212
27.0104,Geometry/Geometric Analysis,Mathematics,other,cip4,Mathematics,math teacher,Actuary,"The standard unobvious door, and still the one most math majors hear about too late.",15-2011,Operations research analyst,"Applied optimization in logistics, airlines, and staffing — not a classroom.",15-2031,Information security analyst,"Crypto, risk models, and detection — a technical shop that is not teaching or SWE.",15-1212
27.0105,Topology and Foundations,Mathematics,other,cip4,Mathematics,math teacher,Actuary,"The standard unobvious door, and still the one most math majors hear about too late.",15-2011,Operations research analyst,"Applied optimization in logistics, airlines, and staffing — not a classroom.",15-2031,Information security analyst,"Crypto, risk models, and detection — a technical shop that is not teaching or SWE.",15-1212
27.0199,"Mathematics, Other",Mathematics,other,cip4,Mathematics,math teacher,Actuary,"The standard unobvious door, and still the one most math majors hear about too late.",15-2011,Operations research analyst,"Applied optimization in logistics, airlines, and staffing — not a classroom.",15-2031,Information security analyst,"Crypto, risk models, and detection — a technical shop that is not teaching or SWE.",15-1212
27.0301,"Applied Mathematics, General",Mathematics,other,cip2,Mathematics,data scientists,Actuary,The exam path that uses the probability sequence.,15-2011,Operations research analyst,"Pricing, staffing, and routing models — applied math without a classroom.",15-2031,Information security analyst,"Identity, logging, and controls — investigations without a ticket queue.",15-1212
27.0303,Computational Mathematics,Mathematics,other,cip2,Mathematics,data scientists,Actuary,The exam path that uses the probability sequence.,15-2011,Operations research analyst,"Pricing, staffing, and routing models — applied math without a classroom.",15-2031,Information security analyst,"Identity, logging, and controls — investigations without a ticket queue.",15-1212
27.0304,Computational and Applied Mathematics,Mathematics,other,cip2,Mathematics,data scientists,Actuary,The exam path that uses the probability sequence.,15-2011,Operations research analyst,"Pricing, staffing, and routing models — applied math without a classroom.",15-2031,Information security analyst,"Identity, logging, and controls — investigations without a ticket queue.",15-1212
27.0305,Financial Mathematics,Mathematics,other,cip2,Mathematics,financial and investment analysts,Actuary,The exam path that uses the probability sequence.,15-2011,Operations research analyst,"Pricing, staffing, and routing models — applied math without a classroom.",15-2031,Information security analyst,"Identity, logging, and controls — investigations without a ticket queue.",15-1212
27.0306,Mathematical Biology,Mathematics,other,cip2,Mathematics,mathematical science occupations,Actuary,The exam path that uses the probability sequence.,15-2011,Operations research analyst,"Pricing, staffing, and routing models — applied math without a classroom.",15-2031,Information security analyst,"Identity, logging, and controls — investigations without a ticket queue.",15-1212
27.0399,"Applied Mathematics, Other",Mathematics,other,cip2,Mathematics,data scientists,Actuary,The exam path that uses the probability sequence.,15-2011,Operations research analyst,"Pricing, staffing, and routing models — applied math without a classroom.",15-2031,Information security analyst,"Identity, logging, and controls — investigations without a ticket queue.",15-1212
27.0501,"Statistics, General",Mathematics,other,cip2,Mathematics,data scientists,Actuary,The exam path that uses the probability sequence.,15-2011,Operations research analyst,"Pricing, staffing, and routing models — applied math without a classroom.",15-2031,Information security analyst,"Identity, logging, and controls — investigations without a ticket queue.",15-1212
27.0502,Mathematical Statistics and Probability,Mathematics,other,cip2,Mathematics,mathematical science teacher,Actuary,The exam path that uses the probability sequence.,15-2011,Operations research analyst,"Pricing, staffing, and routing models — applied math without a classroom.",15-2031,Information security analyst,"Identity, logging, and controls — investigations without a ticket queue.",15-1212
27.0503,Mathematics and Statistics,Mathematics,other,cip2,Mathematics,data scientists,Actuary,The exam path that uses the probability sequence.,15-2011,Operations research analyst,"Pricing, staffing, and routing models — applied math without a classroom.",15-2031,Information security analyst,"Identity, logging, and controls — investigations without a ticket queue.",15-1212
27.0599,"Statistics, Other",Mathematics,other,cip2,Mathematics,natural sciences managers,Actuary,The exam path that uses the probability sequence.,15-2011,Operations research analyst,"Pricing, staffing, and routing models — applied math without a classroom.",15-2031,Information security analyst,"Identity, logging, and controls — investigations without a ticket queue.",15-1212
27.0601,"Applied Statistics, General",Mathematics,other,cip2,Mathematics,management analysts,Actuary,The exam path that uses the probability sequence.,15-2011,Operations research analyst,"Pricing, staffing, and routing models — applied math without a classroom.",15-2031,Information security analyst,"Identity, logging, and controls — investigations without a ticket queue.",15-1212
27.9999,"Mathematics and Statistics, Other",Mathematics,other,cip2,Mathematics,data scientists,Actuary,The exam path that uses the probability sequence.,15-2011,Operations research analyst,"Pricing, staffing, and routing models — applied math without a classroom.",15-2031,Information security analyst,"Identity, logging, and controls — investigations without a ticket queue.",15-1212
29.0203,Signal/Geospatial Intelligence,Military Technologies,other,cip2,Military Technologies,first-line supervisors of police and detectives,Information security analyst,"Identity, logging, and controls — investigations without a ticket queue.",15-1212,Systems analyst (implementation),"You stand up the software other people bought — project work, not a rotation.",15-1211,Logistician,"Inventory, freight, and network design; operations with a real constraint set.",13-1081
29.0303,Engineering Acoustics,Military Technologies,other,cip2,Military Technologies,engineering technologists and technicians,Information security analyst,"Identity, logging, and controls — investigations without a ticket queue.",15-1212,Systems analyst (implementation),"You stand up the software other people bought — project work, not a rotation.",15-1211,Logistician,"Inventory, freight, and network design; operations with a real constraint set.",13-1081
29.0306,Operational Oceanography,Military Technologies,other,cip2,Military Technologies,engineering technologists and technicians,Information security analyst,"Identity, logging, and controls — investigations without a ticket queue.",15-1212,Systems analyst (implementation),"You stand up the software other people bought — project work, not a rotation.",15-1211,Logistician,"Inventory, freight, and network design; operations with a real constraint set.",13-1081
29.0307,Undersea Warfare,Military Technologies,other,cip2,Military Technologies,engineering technologists and technicians,Information security analyst,"Identity, logging, and controls — investigations without a ticket queue.",15-1212,Systems analyst (implementation),"You stand up the software other people bought — project work, not a rotation.",15-1211,Logistician,"Inventory, freight, and network design; operations with a real constraint set.",13-1081
29.0401,Aerospace Ground Equipment Technology,Military Technologies,other,cip2,Military Technologies,aerospace engineering and operations technologists and technicians,Information security analyst,"Identity, logging, and controls — investigations without a ticket queue.",15-1212,Systems analyst (implementation),"You stand up the software other people bought — project work, not a rotation.",15-1211,Logistician,"Inventory, freight, and network design; operations with a real constraint set.",13-1081
29.0402,Air and Space Operations Technology,Military Technologies,other,cip2,Military Technologies,aerospace engineering and operations technologists and technicians,Information security analyst,"Identity, logging, and controls — investigations without a ticket queue.",15-1212,Systems analyst (implementation),"You stand up the software other people bought — project work, not a rotation.",15-1211,Logistician,"Inventory, freight, and network design; operations with a real constraint set.",13-1081
29.0409,Radar Communications and Systems Technology,Military Technologies,other,cip2,Military Technologies,engineering technologists and technicians,Information security analyst,"Identity, logging, and controls — investigations without a ticket queue.",15-1212,Systems analyst (implementation),"You stand up the software other people bought — project work, not a rotation.",15-1211,Logistician,"Inventory, freight, and network design; operations with a real constraint set.",13-1081
30.0101,Biological and Physical Sciences,Interdisciplinary Studies,other,cip2,Interdisciplinary Studies,natural sciences managers,Management analyst,"Process and systems work for an agency, hospital, or contractor.",13-1111,Market research analyst,"Audience and demand research sold to brands, agencies, or policy shops.",13-1161,Compliance officer,"Policy as an operating constraint inside a company, hospital, or campus.",13-1041
30.0501,Peace Studies and Conflict Resolution,Interdisciplinary Studies,other,cip2,Interdisciplinary Studies,social scientists and related workers,Management analyst,"Process and systems work for an agency, hospital, or contractor.",13-1111,Market research analyst,"Audience and demand research sold to brands, agencies, or policy shops.",13-1161,Compliance officer,"Policy as an operating constraint inside a company, hospital, or campus.",13-1041
30.0601,Systems Science and Theory,Interdisciplinary Studies,other,cip2,Interdisciplinary Studies,managers,Management analyst,"Process and systems work for an agency, hospital, or contractor.",13-1111,Market research analyst,"Audience and demand research sold to brands, agencies, or policy shops.",13-1161,Compliance officer,"Policy as an operating constraint inside a company, hospital, or campus.",13-1041
30.0801,Mathematics and Computer Science,Interdisciplinary Studies,other,cip2,Interdisciplinary Studies,computer science teacher,Management analyst,"Process and systems work for an agency, hospital, or contractor.",13-1111,Market research analyst,"Audience and demand research sold to brands, agencies, or policy shops.",13-1161,Compliance officer,"Policy as an operating constraint inside a company, hospital, or campus.",13-1041
30.1001,Biopsychology,Interdisciplinary Studies,other,cip2,Interdisciplinary Studies,medical scientists,Management analyst,"Process and systems work for an agency, hospital, or contractor.",13-1111,Market research analyst,"Audience and demand research sold to brands, agencies, or policy shops.",13-1161,Compliance officer,"Policy as an operating constraint inside a company, hospital, or campus.",13-1041
30.1101,Gerontology,Interdisciplinary Studies,other,cip2,Interdisciplinary Studies,medical scientists,Management analyst,"Process and systems work for an agency, hospital, or contractor.",13-1111,Market research analyst,"Audience and demand research sold to brands, agencies, or policy shops.",13-1161,Compliance officer,"Policy as an operating constraint inside a company, hospital, or campus.",13-1041
30.1201,"Historic Preservation and Conservation, General",Interdisciplinary Studies,other,cip2,Interdisciplinary Studies,facilities managers,Management analyst,"Process and systems work for an agency, hospital, or contractor.",13-1111,Market research analyst,"Audience and demand research sold to brands, agencies, or policy shops.",13-1161,Compliance officer,"Policy as an operating constraint inside a company, hospital, or campus.",13-1041
30.1202,Cultural Resource Management and Policy Analysis,Interdisciplinary Studies,other,cip2,Interdisciplinary Studies,area,Management analyst,"Process and systems work for an agency, hospital, or contractor.",13-1111,Market research analyst,"Audience and demand research sold to brands, agencies, or policy shops.",13-1161,Compliance officer,"Policy as an operating constraint inside a company, hospital, or campus.",13-1041
30.1299,"Historic Preservation and Conservation, Other",Interdisciplinary Studies,other,cip2,Interdisciplinary Studies,facilities managers,Management analyst,"Process and systems work for an agency, hospital, or contractor.",13-1111,Market research analyst,"Audience and demand research sold to brands, agencies, or policy shops.",13-1161,Compliance officer,"Policy as an operating constraint inside a company, hospital, or campus.",13-1041
30.1301,Medieval and Renaissance Studies,Interdisciplinary Studies,other,cip2,Interdisciplinary Studies,historians,Management analyst,"Process and systems work for an agency, hospital, or contractor.",13-1111,Market research analyst,"Audience and demand research sold to brands, agencies, or policy shops.",13-1161,Compliance officer,"Policy as an operating constraint inside a company, hospital, or campus.",13-1041
30.1401,Museology/Museum Studies,Interdisciplinary Studies,other,cip2,Interdisciplinary Studies,museum technicians and conservators,Management analyst,"Process and systems work for an agency, hospital, or contractor.",13-1111,Market research analyst,"Audience and demand research sold to brands, agencies, or policy shops.",13-1161,Compliance officer,"Policy as an operating constraint inside a company, hospital, or campus.",13-1041
30.1501,"Science, Technology and Society",Interdisciplinary Studies,other,cip2,Interdisciplinary Studies,natural sciences managers,Management analyst,"Process and systems work for an agency, hospital, or contractor.",13-1111,Market research analyst,"Audience and demand research sold to brands, agencies, or policy shops.",13-1161,Compliance officer,"Policy as an operating constraint inside a company, hospital, or campus.",13-1041
30.1601,Accounting and Computer Science,Interdisciplinary Studies,other,cip2,Interdisciplinary Studies,computer science teacher,Management analyst,"Process and systems work for an agency, hospital, or contractor.",13-1111,Market research analyst,"Audience and demand research sold to brands, agencies, or policy shops.",13-1161,Compliance officer,"Policy as an operating constraint inside a company, hospital, or campus.",13-1041
30.1701,Behavioral Sciences,Interdisciplinary Studies,other,cip2,Interdisciplinary Studies,social and community service managers,Management analyst,"Process and systems work for an agency, hospital, or contractor.",13-1111,Market research analyst,"Audience and demand research sold to brands, agencies, or policy shops.",13-1161,Compliance officer,"Policy as an operating constraint inside a company, hospital, or campus.",13-1041
30.1801,Natural Sciences,Interdisciplinary Studies,other,cip2,Interdisciplinary Studies,natural sciences managers,Management analyst,"Process and systems work for an agency, hospital, or contractor.",13-1111,Market research analyst,"Audience and demand research sold to brands, agencies, or policy shops.",13-1161,Compliance officer,"Policy as an operating constraint inside a company, hospital, or campus.",13-1041
30.1901,Nutrition Sciences,Interdisciplinary Studies,other,cip2,Interdisciplinary Studies,natural sciences managers,Management analyst,"Process and systems work for an agency, hospital, or contractor.",13-1111,Market research analyst,"Audience and demand research sold to brands, agencies, or policy shops.",13-1161,Compliance officer,"Policy as an operating constraint inside a company, hospital, or campus.",13-1041
30.2001,International/Globalization Studies,Interdisciplinary Studies,other,cip2,Interdisciplinary Studies,political scientists,Management analyst,"Process and systems work for an agency, hospital, or contractor.",13-1111,Market research analyst,"Audience and demand research sold to brands, agencies, or policy shops.",13-1161,Compliance officer,"Policy as an operating constraint inside a company, hospital, or campus.",13-1041
30.2101,Holocaust and Related Studies,Interdisciplinary Studies,other,cip2,Interdisciplinary Studies,social scientists and related workers,Management analyst,"Process and systems work for an agency, hospital, or contractor.",13-1111,Market research analyst,"Audience and demand research sold to brands, agencies, or policy shops.",13-1161,Compliance officer,"Policy as an operating constraint inside a company, hospital, or campus.",13-1041
30.2201,Ancient Studies/Civilization,Interdisciplinary Studies,other,cip2,Interdisciplinary Studies,anthropologists and archeologists,Management analyst,"Process and systems work for an agency, hospital, or contractor.",13-1111,Market research analyst,"Audience and demand research sold to brands, agencies, or policy shops.",13-1161,Compliance officer,"Policy as an operating constraint inside a company, hospital, or campus.",13-1041
30.2202,"Classical, Ancient Mediterranean, and Near Eastern Studies and Archaeology",Interdisciplinary Studies,other,cip2,Interdisciplinary Studies,historians,Management analyst,"Process and systems work for an agency, hospital, or contractor.",13-1111,Market research analyst,"Audience and demand research sold to brands, agencies, or policy shops.",13-1161,Compliance officer,"Policy as an operating constraint inside a company, hospital, or campus.",13-1041
30.2299,"Classical and Ancient Studies, Other",Interdisciplinary Studies,other,cip2,Interdisciplinary Studies,anthropologists and archeologists,Management analyst,"Process and systems work for an agency, hospital, or contractor.",13-1111,Market research analyst,"Audience and demand research sold to brands, agencies, or policy shops.",13-1161,Compliance officer,"Policy as an operating constraint inside a company, hospital, or campus.",13-1041
30.2301,Intercultural/Multicultural and Diversity Studies,Interdisciplinary Studies,other,cip2,Interdisciplinary Studies,social scientists and related workers,Management analyst,"Process and systems work for an agency, hospital, or contractor.",13-1111,Market research analyst,"Audience and demand research sold to brands, agencies, or policy shops.",13-1161,Compliance officer,"Policy as an operating constraint inside a company, hospital, or campus.",13-1041
30.2501,"Cognitive Science, General",Interdisciplinary Studies,other,cip2,Interdisciplinary Studies,natural sciences managers,Management analyst,"Process and systems work for an agency, hospital, or contractor.",13-1111,Market research analyst,"Audience and demand research sold to brands, agencies, or policy shops.",13-1161,Compliance officer,"Policy as an operating constraint inside a company, hospital, or campus.",13-1041
30.2502,Contemplative Studies/Inquiry,Interdisciplinary Studies,other,cip2,Interdisciplinary Studies,directors,Management analyst,"Process and systems work for an agency, hospital, or contractor.",13-1111,Market research analyst,"Audience and demand research sold to brands, agencies, or policy shops.",13-1161,Compliance officer,"Policy as an operating constraint inside a company, hospital, or campus.",13-1041
30.2599,"Cognitive Science, Other",Interdisciplinary Studies,other,cip2,Interdisciplinary Studies,natural sciences managers,Management analyst,"Process and systems work for an agency, hospital, or contractor.",13-1111,Market research analyst,"Audience and demand research sold to brands, agencies, or policy shops.",13-1161,Compliance officer,"Policy as an operating constraint inside a company, hospital, or campus.",13-1041
30.2601,Cultural Studies/Critical Theory and Analysis,Interdisciplinary Studies,other,cip2,Interdisciplinary Studies,area,Management analyst,"Process and systems work for an agency, hospital, or contractor.",13-1111,Market research analyst,"Audience and demand research sold to brands, agencies, or policy shops.",13-1161,Compliance officer,"Policy as an operating constraint inside a company, hospital, or campus.",13-1041
30.2701,Human Biology,Interdisciplinary Studies,other,cip2,Interdisciplinary Studies,natural sciences managers,Management analyst,"Process and systems work for an agency, hospital, or contractor.",13-1111,Market research analyst,"Audience and demand research sold to brands, agencies, or policy shops.",13-1161,Compliance officer,"Policy as an operating constraint inside a company, hospital, or campus.",13-1041
30.2801,Dispute Resolution,Interdisciplinary Studies,other,cip2,Interdisciplinary Studies,labor relations specialists,Management analyst,"Process and systems work for an agency, hospital, or contractor.",13-1111,Market research analyst,"Audience and demand research sold to brands, agencies, or policy shops.",13-1161,Compliance officer,"Policy as an operating constraint inside a company, hospital, or campus.",13-1041
30.2901,Maritime Studies,Interdisciplinary Studies,other,cip2,Interdisciplinary Studies,historians,Management analyst,"Process and systems work for an agency, hospital, or contractor.",13-1111,Market research analyst,"Audience and demand research sold to brands, agencies, or policy shops.",13-1161,Compliance officer,"Policy as an operating constraint inside a company, hospital, or campus.",13-1041
30.3001,Computational Science,Interdisciplinary Studies,other,cip2,Interdisciplinary Studies,mathematical science occupations,Management analyst,"Process and systems work for an agency, hospital, or contractor.",13-1111,Market research analyst,"Audience and demand research sold to brands, agencies, or policy shops.",13-1161,Compliance officer,"Policy as an operating constraint inside a company, hospital, or campus.",13-1041
30.3101,Human Computer Interaction,Interdisciplinary Studies,other,cip2,Interdisciplinary Studies,computer and information systems managers,Management analyst,"Process and systems work for an agency, hospital, or contractor.",13-1111,Market research analyst,"Audience and demand research sold to brands, agencies, or policy shops.",13-1161,Compliance officer,"Policy as an operating constraint inside a company, hospital, or campus.",13-1041
30.3201,Marine Sciences,Interdisciplinary Studies,other,cip2,Interdisciplinary Studies,natural sciences managers,Management analyst,"Process and systems work for an agency, hospital, or contractor.",13-1111,Market research analyst,"Audience and demand research sold to brands, agencies, or policy shops.",13-1161,Compliance officer,"Policy as an operating constraint inside a company, hospital, or campus.",13-1041
30.3301,Sustainability Studies,Interdisciplinary Studies,other,cip2,Interdisciplinary Studies,natural sciences managers,Management analyst,"Process and systems work for an agency, hospital, or contractor.",13-1111,Market research analyst,"Audience and demand research sold to brands, agencies, or policy shops.",13-1161,Compliance officer,"Policy as an operating constraint inside a company, hospital, or campus.",13-1041
30.3401,Anthrozoology,Interdisciplinary Studies,other,cip2,Interdisciplinary Studies,farmers,Management analyst,"Process and systems work for an agency, hospital, or contractor.",13-1111,Market research analyst,"Audience and demand research sold to brands, agencies, or policy shops.",13-1161,Compliance officer,"Policy as an operating constraint inside a company, hospital, or campus.",13-1041
30.3501,Climate Science,Interdisciplinary Studies,other,cip2,Interdisciplinary Studies,natural sciences managers,Management analyst,"Process and systems work for an agency, hospital, or contractor.",13-1111,Market research analyst,"Audience and demand research sold to brands, agencies, or policy shops.",13-1161,Compliance officer,"Policy as an operating constraint inside a company, hospital, or campus.",13-1041
30.3601,Cultural Studies and Comparative Literature,Interdisciplinary Studies,other,cip2,Interdisciplinary Studies,english language and literature teacher,Management analyst,"Process and systems work for an agency, hospital, or contractor.",13-1111,Market research analyst,"Audience and demand research sold to brands, agencies, or policy shops.",13-1161,Compliance officer,"Policy as an operating constraint inside a company, hospital, or campus.",13-1041
30.3701,Design for Human Health,Interdisciplinary Studies,other,cip2,Interdisciplinary Studies,interior designers,Management analyst,"Process and systems work for an agency, hospital, or contractor.",13-1111,Market research analyst,"Audience and demand research sold to brands, agencies, or policy shops.",13-1161,Compliance officer,"Policy as an operating constraint inside a company, hospital, or campus.",13-1041
30.3801,Earth Systems Science,Interdisciplinary Studies,other,cip2,Interdisciplinary Studies,atmospheric,Management analyst,"Process and systems work for an agency, hospital, or contractor.",13-1111,Market research analyst,"Audience and demand research sold to brands, agencies, or policy shops.",13-1161,Compliance officer,"Policy as an operating constraint inside a company, hospital, or campus.",13-1041
30.3901,Economics and Computer Science,Interdisciplinary Studies,other,cip2,Interdisciplinary Studies,computer science teacher,Management analyst,"Process and systems work for an agency, hospital, or contractor.",13-1111,Market research analyst,"Audience and demand research sold to brands, agencies, or policy shops.",13-1161,Compliance officer,"Policy as an operating constraint inside a company, hospital, or campus.",13-1041
30.4001,Economics and Foreign Language/Literature,Interdisciplinary Studies,other,cip2,Interdisciplinary Studies,foreign language and literature teacher,Management analyst,"Process and systems work for an agency, hospital, or contractor.",13-1111,Market research analyst,"Audience and demand research sold to brands, agencies, or policy shops.",13-1161,Compliance officer,"Policy as an operating constraint inside a company, hospital, or campus.",13-1041
30.4101,Environmental Geosciences,Interdisciplinary Studies,other,cip2,Interdisciplinary Studies,environmental scientists and specialists,Management analyst,"Process and systems work for an agency, hospital, or contractor.",13-1111,Market research analyst,"Audience and demand research sold to brands, agencies, or policy shops.",13-1161,Compliance officer,"Policy as an operating constraint inside a company, hospital, or campus.",13-1041
30.4201,Geoarcheaology,Interdisciplinary Studies,other,cip2,Interdisciplinary Studies,managers,Management analyst,"Process and systems work for an agency, hospital, or contractor.",13-1111,Market research analyst,"Audience and demand research sold to brands, agencies, or policy shops.",13-1161,Compliance officer,"Policy as an operating constraint inside a company, hospital, or campus.",13-1041
30.4301,Geobiology,Interdisciplinary Studies,other,cip2,Interdisciplinary Studies,natural sciences managers,Management analyst,"Process and systems work for an agency, hospital, or contractor.",13-1111,Market research analyst,"Audience and demand research sold to brands, agencies, or policy shops.",13-1161,Compliance officer,"Policy as an operating constraint inside a company, hospital, or campus.",13-1041
30.4401,Geography and Environmental Studies,Interdisciplinary Studies,other,cip2,Interdisciplinary Studies,environmental scientists and specialists,Management analyst,"Process and systems work for an agency, hospital, or contractor.",13-1111,Market research analyst,"Audience and demand research sold to brands, agencies, or policy shops.",13-1161,Compliance officer,"Policy as an operating constraint inside a company, hospital, or campus.",13-1041
30.4501,History and Language/Literature,Interdisciplinary Studies,other,cip2,Interdisciplinary Studies,foreign language and literature teacher,Management analyst,"Process and systems work for an agency, hospital, or contractor.",13-1111,Market research analyst,"Audience and demand research sold to brands, agencies, or policy shops.",13-1161,Compliance officer,"Policy as an operating constraint inside a company, hospital, or campus.",13-1041
30.4601,History and Political Science,Interdisciplinary Studies,other,cip2,Interdisciplinary Studies,political science teacher,Management analyst,"Process and systems work for an agency, hospital, or contractor.",13-1111,Market research analyst,"Audience and demand research sold to brands, agencies, or policy shops.",13-1161,Compliance officer,"Policy as an operating constraint inside a company, hospital, or campus.",13-1041
30.4701,Linguistics and Anthropology,Interdisciplinary Studies,other,cip2,Interdisciplinary Studies,anthropology and archeology teacher,Management analyst,"Process and systems work for an agency, hospital, or contractor.",13-1111,Market research analyst,"Audience and demand research sold to brands, agencies, or policy shops.",13-1161,Compliance officer,"Policy as an operating constraint inside a company, hospital, or campus.",13-1041
30.4801,Linguistics and Computer Science,Interdisciplinary Studies,other,cip2,Interdisciplinary Studies,computer science teacher,Management analyst,"Process and systems work for an agency, hospital, or contractor.",13-1111,Market research analyst,"Audience and demand research sold to brands, agencies, or policy shops.",13-1161,Compliance officer,"Policy as an operating constraint inside a company, hospital, or campus.",13-1041
30.4901,Mathematical Economics,Interdisciplinary Studies,other,cip2,Interdisciplinary Studies,mathematical science occupations,Management analyst,"Process and systems work for an agency, hospital, or contractor.",13-1111,Market research analyst,"Audience and demand research sold to brands, agencies, or policy shops.",13-1161,Compliance officer,"Policy as an operating constraint inside a company, hospital, or campus.",13-1041
30.5001,Mathematics and Atmospheric/Oceanic Science,Interdisciplinary Studies,other,cip2,Interdisciplinary Studies,atmospheric and space scientists,Management analyst,"Process and systems work for an agency, hospital, or contractor.",13-1111,Market research analyst,"Audience and demand research sold to brands, agencies, or policy shops.",13-1161,Compliance officer,"Policy as an operating constraint inside a company, hospital, or campus.",13-1041
30.5101,"Philosophy, Politics, and Economics",Interdisciplinary Studies,other,cip2,Interdisciplinary Studies,philosophy and religion teacher,Management analyst,"Process and systems work for an agency, hospital, or contractor.",13-1111,Market research analyst,"Audience and demand research sold to brands, agencies, or policy shops.",13-1161,Compliance officer,"Policy as an operating constraint inside a company, hospital, or campus.",13-1041
30.5201,"Digital Humanities and Textual Studies, General",Interdisciplinary Studies,other,cip2,Interdisciplinary Studies,managers,Management analyst,"Process and systems work for an agency, hospital, or contractor.",13-1111,Market research analyst,"Audience and demand research sold to brands, agencies, or policy shops.",13-1161,Compliance officer,"Policy as an operating constraint inside a company, hospital, or campus.",13-1041
30.5202,Digital Humanities,Interdisciplinary Studies,other,cip2,Interdisciplinary Studies,managers,Management analyst,"Process and systems work for an agency, hospital, or contractor.",13-1111,Market research analyst,"Audience and demand research sold to brands, agencies, or policy shops.",13-1161,Compliance officer,"Policy as an operating constraint inside a company, hospital, or campus.",13-1041
30.5203,Textual Studies,Interdisciplinary Studies,other,cip2,Interdisciplinary Studies,managers,Management analyst,"Process and systems work for an agency, hospital, or contractor.",13-1111,Market research analyst,"Audience and demand research sold to brands, agencies, or policy shops.",13-1161,Compliance officer,"Policy as an operating constraint inside a company, hospital, or campus.",13-1041
30.5301,Thanatology,Interdisciplinary Studies,other,cip2,Interdisciplinary Studies,social and community service managers,Management analyst,"Process and systems work for an agency, hospital, or contractor.",13-1111,Market research analyst,"Audience and demand research sold to brands, agencies, or policy shops.",13-1161,Compliance officer,"Policy as an operating constraint inside a company, hospital, or campus.",13-1041
30.7001,"Data Science, General",Interdisciplinary Studies,other,cip2,Interdisciplinary Studies,data scientists,Management analyst,"Process and systems work for an agency, hospital, or contractor.",13-1111,Market research analyst,"Audience and demand research sold to brands, agencies, or policy shops.",13-1161,Compliance officer,"Policy as an operating constraint inside a company, hospital, or campus.",13-1041
30.7099,"Data Science, Other",Interdisciplinary Studies,other,cip2,Interdisciplinary Studies,data scientists,Management analyst,"Process and systems work for an agency, hospital, or contractor.",13-1111,Market research analyst,"Audience and demand research sold to brands, agencies, or policy shops.",13-1161,Compliance officer,"Policy as an operating constraint inside a company, hospital, or campus.",13-1041
30.7101,"Data Analytics, General",Interdisciplinary Studies,other,cip2,Interdisciplinary Studies,data scientists,Management analyst,"Process and systems work for an agency, hospital, or contractor.",13-1111,Market research analyst,"Audience and demand research sold to brands, agencies, or policy shops.",13-1161,Compliance officer,"Policy as an operating constraint inside a company, hospital, or campus.",13-1041
30.7102,Business Analytics,Interdisciplinary Studies,other,cip2,Interdisciplinary Studies,management analysts,Management analyst,"Process and systems work for an agency, hospital, or contractor.",13-1111,Market research analyst,"Audience and demand research sold to brands, agencies, or policy shops.",13-1161,Compliance officer,"Policy as an operating constraint inside a company, hospital, or campus.",13-1041
30.7103,Data Visualization,Interdisciplinary Studies,other,cip2,Interdisciplinary Studies,data scientists,Management analyst,"Process and systems work for an agency, hospital, or contractor.",13-1111,Market research analyst,"Audience and demand research sold to brands, agencies, or policy shops.",13-1161,Compliance officer,"Policy as an operating constraint inside a company, hospital, or campus.",13-1041
30.7104,Financial Analytics,Interdisciplinary Studies,other,cip2,Interdisciplinary Studies,financial managers,Management analyst,"Process and systems work for an agency, hospital, or contractor.",13-1111,Market research analyst,"Audience and demand research sold to brands, agencies, or policy shops.",13-1161,Compliance officer,"Policy as an operating constraint inside a company, hospital, or campus.",13-1041
30.7199,"Data Analytics, Other",Interdisciplinary Studies,other,cip2,Interdisciplinary Studies,data scientists,Management analyst,"Process and systems work for an agency, hospital, or contractor.",13-1111,Market research analyst,"Audience and demand research sold to brands, agencies, or policy shops.",13-1161,Compliance officer,"Policy as an operating constraint inside a company, hospital, or campus.",13-1041
31.0101,"Parks, Recreation, and Leisure Studies",Parks & Recreation,health,cip2,"Parks, Recreation, and Fitness",recreation and fitness studies teacher,Occupational health specialist,"Workplace injury, exposure, and return-to-work at employers and insurers.",19-5011,Clinical specialist (rehab / ortho devices),"Vendor-side support for implants, braces, and rehab tech.",,Clinical research coordinator,"Protocols, consent, and trial ops — not the namesake clinical seat.",
31.0301,"Parks, Recreation, and Leisure Facilities Management, General",Parks & Recreation,health,cip2,"Parks, Recreation, and Fitness",facilities managers,Occupational health specialist,"Workplace injury, exposure, and return-to-work at employers and insurers.",19-5011,Clinical specialist (rehab / ortho devices),"Vendor-side support for implants, braces, and rehab tech.",,Clinical research coordinator,"Protocols, consent, and trial ops — not the namesake clinical seat.",
31.0302,Golf Course Operation and Grounds Management,Parks & Recreation,health,cip2,"Parks, Recreation, and Fitness",landscaping and groundskeeping workers,Occupational health specialist,"Workplace injury, exposure, and return-to-work at employers and insurers.",19-5011,Clinical specialist (rehab / ortho devices),"Vendor-side support for implants, braces, and rehab tech.",,Clinical research coordinator,"Protocols, consent, and trial ops — not the namesake clinical seat.",
31.0399,"Parks, Recreation, and Leisure Facilities Management, Other",Parks & Recreation,health,cip2,"Parks, Recreation, and Fitness",entertainment and recreation managers,Occupational health specialist,"Workplace injury, exposure, and return-to-work at employers and insurers.",19-5011,Clinical specialist (rehab / ortho devices),"Vendor-side support for implants, braces, and rehab tech.",,Clinical research coordinator,"Protocols, consent, and trial ops — not the namesake clinical seat.",
31.0501,"Sports, Kinesiology, and Physical Education/Fitness, General",Parks & Recreation,health,cip4,Kinesiology / PE,personal trainer,Occupational health / ergonomics specialist,"Job demands, injury prevention, and return-to-work — movement science at an employer.",19-5011,Clinical specialist (rehab / ortho devices),"Vendor-side support for implants, braces, and rehab tech.",,Clinical research coordinator,"Exercise, pharma, and device trials need people who speak physiology.",
31.0504,Sport and Fitness Administration/Management,Parks & Recreation,health,cip4,Kinesiology / PE,personal trainer,Occupational health / ergonomics specialist,"Job demands, injury prevention, and return-to-work — movement science at an employer.",19-5011,Clinical specialist (rehab / ortho devices),"Vendor-side support for implants, braces, and rehab tech.",,Clinical research coordinator,"Exercise, pharma, and device trials need people who speak physiology.",
31.0505,Exercise Science and Kinesiology,Parks & Recreation,health,cip4,Kinesiology / PE,personal trainer,Occupational health / ergonomics specialist,"Job demands, injury prevention, and return-to-work — movement science at an employer.",19-5011,Clinical specialist (rehab / ortho devices),"Vendor-side support for implants, braces, and rehab tech.",,Clinical research coordinator,"Exercise, pharma, and device trials need people who speak physiology.",
31.0507,Physical Fitness Technician,Parks & Recreation,health,cip4,Kinesiology / PE,personal trainer,Occupational health / ergonomics specialist,"Job demands, injury prevention, and return-to-work — movement science at an employer.",19-5011,Clinical specialist (rehab / ortho devices),"Vendor-side support for implants, braces, and rehab tech.",,Clinical research coordinator,"Exercise, pharma, and device trials need people who speak physiology.",
31.0508,Sports Studies,Parks & Recreation,health,cip4,Kinesiology / PE,personal trainer,Occupational health / ergonomics specialist,"Job demands, injury prevention, and return-to-work — movement science at an employer.",19-5011,Clinical specialist (rehab / ortho devices),"Vendor-side support for implants, braces, and rehab tech.",,Clinical research coordinator,"Exercise, pharma, and device trials need people who speak physiology.",
31.0601,Outdoor Education,Parks & Recreation,health,cip2,"Parks, Recreation, and Fitness",recreation workers,Occupational health specialist,"Workplace injury, exposure, and return-to-work at employers and insurers.",19-5011,Clinical specialist (rehab / ortho devices),"Vendor-side support for implants, braces, and rehab tech.",,Clinical research coordinator,"Protocols, consent, and trial ops — not the namesake clinical seat.",
38.0001,"Philosophy and Religious Studies, General",Philosophy & Religion,humanities,cip2,Philosophy,philosophy and religion teacher,Compliance officer,"Policy as an operating constraint inside a company, hospital, or campus.",13-1041,Management analyst,"Process and systems work for an agency, hospital, or contractor.",13-1111,Market research analyst,"Audience and demand research sold to brands, agencies, or policy shops.",13-1161
38.0101,Philosophy,Philosophy & Religion,humanities,cip2,Philosophy,philosophy and religion teacher,Compliance officer,"Policy as an operating constraint inside a company, hospital, or campus.",13-1041,Management analyst,"Process and systems work for an agency, hospital, or contractor.",13-1111,Market research analyst,"Audience and demand research sold to brands, agencies, or policy shops.",13-1161
38.0102,Logic,Philosophy & Religion,humanities,cip2,Philosophy,natural sciences managers,Compliance officer,"Policy as an operating constraint inside a company, hospital, or campus.",13-1041,Management analyst,"Process and systems work for an agency, hospital, or contractor.",13-1111,Market research analyst,"Audience and demand research sold to brands, agencies, or policy shops.",13-1161
38.0103,Ethics,Philosophy & Religion,humanities,cip2,Philosophy,philosophy and religion teacher,Compliance officer,"Policy as an operating constraint inside a company, hospital, or campus.",13-1041,Management analyst,"Process and systems work for an agency, hospital, or contractor.",13-1111,Market research analyst,"Audience and demand research sold to brands, agencies, or policy shops.",13-1161
38.0104,Applied and Professional Ethics,Philosophy & Religion,humanities,cip2,Philosophy,philosophy and religion teacher,Compliance officer,"Policy as an operating constraint inside a company, hospital, or campus.",13-1041,Management analyst,"Process and systems work for an agency, hospital, or contractor.",13-1111,Market research analyst,"Audience and demand research sold to brands, agencies, or policy shops.",13-1161
38.0199,"Philosophy, Other",Philosophy & Religion,humanities,cip2,Philosophy,philosophy and religion teacher,Compliance officer,"Policy as an operating constraint inside a company, hospital, or campus.",13-1041,Management analyst,"Process and systems work for an agency, hospital, or contractor.",13-1111,Market research analyst,"Audience and demand research sold to brands, agencies, or policy shops.",13-1161
38.0201,Religion/Religious Studies,Philosophy & Religion,humanities,cip2,Philosophy,philosophy and religion teacher,Compliance officer,"Policy as an operating constraint inside a company, hospital, or campus.",13-1041,Management analyst,"Process and systems work for an agency, hospital, or contractor.",13-1111,Market research analyst,"Audience and demand research sold to brands, agencies, or policy shops.",13-1161
38.0202,Buddhist Studies,Philosophy & Religion,humanities,cip2,Philosophy,philosophy and religion teacher,Compliance officer,"Policy as an operating constraint inside a company, hospital, or campus.",13-1041,Management analyst,"Process and systems work for an agency, hospital, or contractor.",13-1111,Market research analyst,"Audience and demand research sold to brands, agencies, or policy shops.",13-1161
38.0203,Christian Studies,Philosophy & Religion,humanities,cip2,Philosophy,philosophy and religion teacher,Compliance officer,"Policy as an operating constraint inside a company, hospital, or campus.",13-1041,Management analyst,"Process and systems work for an agency, hospital, or contractor.",13-1111,Market research analyst,"Audience and demand research sold to brands, agencies, or policy shops.",13-1161
38.0204,Hindu Studies,Philosophy & Religion,humanities,cip2,Philosophy,philosophy and religion teacher,Compliance officer,"Policy as an operating constraint inside a company, hospital, or campus.",13-1041,Management analyst,"Process and systems work for an agency, hospital, or contractor.",13-1111,Market research analyst,"Audience and demand research sold to brands, agencies, or policy shops.",13-1161
38.0205,Islamic Studies,Philosophy & Religion,humanities,cip2,Philosophy,area,Compliance officer,"Policy as an operating constraint inside a company, hospital, or campus.",13-1041,Management analyst,"Process and systems work for an agency, hospital, or contractor.",13-1111,Market research analyst,"Audience and demand research sold to brands, agencies, or policy shops.",13-1161
38.0206,Jewish/Judaic Studies,Philosophy & Religion,humanities,cip2,Philosophy,area,Compliance officer,"Policy as an operating constraint inside a company, hospital, or campus.",13-1041,Management analyst,"Process and systems work for an agency, hospital, or contractor.",13-1111,Market research analyst,"Audience and demand research sold to brands, agencies, or policy shops.",13-1161
38.0207,Talmudic Studies,Philosophy & Religion,humanities,cip2,Philosophy,philosophy and religion teacher,Compliance officer,"Policy as an operating constraint inside a company, hospital, or campus.",13-1041,Management analyst,"Process and systems work for an agency, hospital, or contractor.",13-1111,Market research analyst,"Audience and demand research sold to brands, agencies, or policy shops.",13-1161
38.0208,Catholic Studies,Philosophy & Religion,humanities,cip2,Philosophy,area,Compliance officer,"Policy as an operating constraint inside a company, hospital, or campus.",13-1041,Management analyst,"Process and systems work for an agency, hospital, or contractor.",13-1111,Market research analyst,"Audience and demand research sold to brands, agencies, or policy shops.",13-1161
38.0209,Mormon Studies,Philosophy & Religion,humanities,cip2,Philosophy,area,Compliance officer,"Policy as an operating constraint inside a company, hospital, or campus.",13-1041,Management analyst,"Process and systems work for an agency, hospital, or contractor.",13-1111,Market research analyst,"Audience and demand research sold to brands, agencies, or policy shops.",13-1161
38.9999,"Philosophy and Religious Studies, Other",Philosophy & Religion,humanities,cip2,Philosophy,philosophy and religion teacher,Compliance officer,"Policy as an operating constraint inside a company, hospital, or campus.",13-1041,Management analyst,"Process and systems work for an agency, hospital, or contractor.",13-1111,Market research analyst,"Audience and demand research sold to brands, agencies, or policy shops.",13-1161
39.0201,Bible/Biblical Studies,Theology,humanities,cip2,Theology,directors,Training specialist,"Facilitation and curriculum, delivered to employees instead of a classroom.",13-1151,Management analyst,"Process and systems work for an agency, hospital, or contractor.",13-1111,Compliance officer,"Policy as an operating constraint inside a company, hospital, or campus.",13-1041
39.0301,Missions/Missionary Studies,Theology,humanities,cip2,Theology,directors,Training specialist,"Facilitation and curriculum, delivered to employees instead of a classroom.",13-1151,Management analyst,"Process and systems work for an agency, hospital, or contractor.",13-1111,Compliance officer,"Policy as an operating constraint inside a company, hospital, or campus.",13-1041
39.0302,Church Planting,Theology,humanities,cip2,Theology,religious workers,Training specialist,"Facilitation and curriculum, delivered to employees instead of a classroom.",13-1151,Management analyst,"Process and systems work for an agency, hospital, or contractor.",13-1111,Compliance officer,"Policy as an operating constraint inside a company, hospital, or campus.",13-1041
39.0399,"Missions/Missionary Studies and Missiology, Other",Theology,humanities,cip2,Theology,religious workers,Training specialist,"Facilitation and curriculum, delivered to employees instead of a classroom.",13-1151,Management analyst,"Process and systems work for an agency, hospital, or contractor.",13-1111,Compliance officer,"Policy as an operating constraint inside a company, hospital, or campus.",13-1041
39.0401,Religious Education,Theology,humanities,cip2,Theology,directors,Training specialist,"Facilitation and curriculum, delivered to employees instead of a classroom.",13-1151,Management analyst,"Process and systems work for an agency, hospital, or contractor.",13-1111,Compliance officer,"Policy as an operating constraint inside a company, hospital, or campus.",13-1041
39.0501,Religious/Sacred Music,Theology,humanities,cip2,Theology,music directors and composers,Training specialist,"Facilitation and curriculum, delivered to employees instead of a classroom.",13-1151,Management analyst,"Process and systems work for an agency, hospital, or contractor.",13-1111,Compliance officer,"Policy as an operating constraint inside a company, hospital, or campus.",13-1041
39.0502,Worship Ministry,Theology,humanities,cip2,Theology,directors,Training specialist,"Facilitation and curriculum, delivered to employees instead of a classroom.",13-1151,Management analyst,"Process and systems work for an agency, hospital, or contractor.",13-1111,Compliance officer,"Policy as an operating constraint inside a company, hospital, or campus.",13-1041
39.0599,"Religious Music and Worship, Other",Theology,humanities,cip2,Theology,directors,Training specialist,"Facilitation and curriculum, delivered to employees instead of a classroom.",13-1151,Management analyst,"Process and systems work for an agency, hospital, or contractor.",13-1111,Compliance officer,"Policy as an operating constraint inside a company, hospital, or campus.",13-1041
39.0601,Theology/Theological Studies,Theology,humanities,cip2,Theology,clergy,Training specialist,"Facilitation and curriculum, delivered to employees instead of a classroom.",13-1151,Management analyst,"Process and systems work for an agency, hospital, or contractor.",13-1111,Compliance officer,"Policy as an operating constraint inside a company, hospital, or campus.",13-1041
39.0602,Divinity/Ministry,Theology,humanities,cip2,Theology,clergy,Training specialist,"Facilitation and curriculum, delivered to employees instead of a classroom.",13-1151,Management analyst,"Process and systems work for an agency, hospital, or contractor.",13-1111,Compliance officer,"Policy as an operating constraint inside a company, hospital, or campus.",13-1041
39.0604,Pre-Theology/Pre-Ministerial Studies,Theology,humanities,cip2,Theology,clergy,Training specialist,"Facilitation and curriculum, delivered to employees instead of a classroom.",13-1151,Management analyst,"Process and systems work for an agency, hospital, or contractor.",13-1111,Compliance officer,"Policy as an operating constraint inside a company, hospital, or campus.",13-1041
39.0605,Rabbinical Studies,Theology,humanities,cip2,Theology,clergy,Training specialist,"Facilitation and curriculum, delivered to employees instead of a classroom.",13-1151,Management analyst,"Process and systems work for an agency, hospital, or contractor.",13-1111,Compliance officer,"Policy as an operating constraint inside a company, hospital, or campus.",13-1041
39.0699,"Theological and Ministerial Studies, Other",Theology,humanities,cip2,Theology,clergy,Training specialist,"Facilitation and curriculum, delivered to employees instead of a classroom.",13-1151,Management analyst,"Process and systems work for an agency, hospital, or contractor.",13-1111,Compliance officer,"Policy as an operating constraint inside a company, hospital, or campus.",13-1041
39.0701,Pastoral Studies/Counseling,Theology,humanities,cip2,Theology,clergy,Training specialist,"Facilitation and curriculum, delivered to employees instead of a classroom.",13-1151,Management analyst,"Process and systems work for an agency, hospital, or contractor.",13-1111,Compliance officer,"Policy as an operating constraint inside a company, hospital, or campus.",13-1041
39.0702,Youth Ministry,Theology,humanities,cip2,Theology,clergy,Training specialist,"Facilitation and curriculum, delivered to employees instead of a classroom.",13-1151,Management analyst,"Process and systems work for an agency, hospital, or contractor.",13-1111,Compliance officer,"Policy as an operating constraint inside a company, hospital, or campus.",13-1041
39.0703,Urban Ministry,Theology,humanities,cip2,Theology,directors,Training specialist,"Facilitation and curriculum, delivered to employees instead of a classroom.",13-1151,Management analyst,"Process and systems work for an agency, hospital, or contractor.",13-1111,Compliance officer,"Policy as an operating constraint inside a company, hospital, or campus.",13-1041
39.0704,Women's Ministry,Theology,humanities,cip2,Theology,directors,Training specialist,"Facilitation and curriculum, delivered to employees instead of a classroom.",13-1151,Management analyst,"Process and systems work for an agency, hospital, or contractor.",13-1111,Compliance officer,"Policy as an operating constraint inside a company, hospital, or campus.",13-1041
39.0705,Lay Ministry,Theology,humanities,cip2,Theology,directors,Training specialist,"Facilitation and curriculum, delivered to employees instead of a classroom.",13-1151,Management analyst,"Process and systems work for an agency, hospital, or contractor.",13-1111,Compliance officer,"Policy as an operating constraint inside a company, hospital, or campus.",13-1041
39.0706,Chaplain/Chaplaincy Studies,Theology,humanities,cip2,Theology,clergy,Training specialist,"Facilitation and curriculum, delivered to employees instead of a classroom.",13-1151,Management analyst,"Process and systems work for an agency, hospital, or contractor.",13-1111,Compliance officer,"Policy as an operating constraint inside a company, hospital, or campus.",13-1041
39.0799,"Pastoral Counseling and Specialized Ministries, Other",Theology,humanities,cip2,Theology,directors,Training specialist,"Facilitation and curriculum, delivered to employees instead of a classroom.",13-1151,Management analyst,"Process and systems work for an agency, hospital, or contractor.",13-1111,Compliance officer,"Policy as an operating constraint inside a company, hospital, or campus.",13-1041
39.0801,Religious Institution Administration and Management,Theology,humanities,cip2,Theology,managers,Training specialist,"Facilitation and curriculum, delivered to employees instead of a classroom.",13-1151,Management analyst,"Process and systems work for an agency, hospital, or contractor.",13-1111,Compliance officer,"Policy as an operating constraint inside a company, hospital, or campus.",13-1041
39.0802,Religious/Canon Law,Theology,humanities,cip2,Theology,religious workers,Training specialist,"Facilitation and curriculum, delivered to employees instead of a classroom.",13-1151,Management analyst,"Process and systems work for an agency, hospital, or contractor.",13-1111,Compliance officer,"Policy as an operating constraint inside a company, hospital, or campus.",13-1041
40.0101,"Physical Sciences, General",Physical Sciences,health,cip2,Physical Sciences,natural sciences managers,Applications / sales engineer (instruments),"Vendors hire people who can talk method, not just run samples.",41-9031,Occupational health specialist,"Workplace injury, exposure, and return-to-work at employers and insurers.",19-5011,Regulatory / quality associate,"Filings, CAPA, and specs — the paperwork that lets the work ship.",13-1041
40.0201,Astronomy,Physical Sciences,health,cip2,Physical Sciences,natural sciences managers,Applications / sales engineer (instruments),"Vendors hire people who can talk method, not just run samples.",41-9031,Occupational health specialist,"Workplace injury, exposure, and return-to-work at employers and insurers.",19-5011,Regulatory / quality associate,"Filings, CAPA, and specs — the paperwork that lets the work ship.",13-1041
40.0202,Astrophysics,Physical Sciences,health,cip2,Physical Sciences,natural sciences managers,Applications / sales engineer (instruments),"Vendors hire people who can talk method, not just run samples.",41-9031,Occupational health specialist,"Workplace injury, exposure, and return-to-work at employers and insurers.",19-5011,Regulatory / quality associate,"Filings, CAPA, and specs — the paperwork that lets the work ship.",13-1041
40.0203,Planetary Astronomy and Science,Physical Sciences,health,cip2,Physical Sciences,natural sciences managers,Applications / sales engineer (instruments),"Vendors hire people who can talk method, not just run samples.",41-9031,Occupational health specialist,"Workplace injury, exposure, and return-to-work at employers and insurers.",19-5011,Regulatory / quality associate,"Filings, CAPA, and specs — the paperwork that lets the work ship.",13-1041
40.0299,"Astronomy and Astrophysics, Other",Physical Sciences,health,cip2,Physical Sciences,natural sciences managers,Applications / sales engineer (instruments),"Vendors hire people who can talk method, not just run samples.",41-9031,Occupational health specialist,"Workplace injury, exposure, and return-to-work at employers and insurers.",19-5011,Regulatory / quality associate,"Filings, CAPA, and specs — the paperwork that lets the work ship.",13-1041
40.0401,"Atmospheric Sciences and Meteorology, General",Physical Sciences,health,cip2,Physical Sciences,atmospheric,Applications / sales engineer (instruments),"Vendors hire people who can talk method, not just run samples.",41-9031,Occupational health specialist,"Workplace injury, exposure, and return-to-work at employers and insurers.",19-5011,Regulatory / quality associate,"Filings, CAPA, and specs — the paperwork that lets the work ship.",13-1041
40.0402,Atmospheric Chemistry and Climatology,Physical Sciences,health,cip2,Physical Sciences,atmospheric and space scientists,Applications / sales engineer (instruments),"Vendors hire people who can talk method, not just run samples.",41-9031,Occupational health specialist,"Workplace injury, exposure, and return-to-work at employers and insurers.",19-5011,Regulatory / quality associate,"Filings, CAPA, and specs — the paperwork that lets the work ship.",13-1041
40.0403,Atmospheric Physics and Dynamics,Physical Sciences,health,cip2,Physical Sciences,atmospheric and space scientists,Applications / sales engineer (instruments),"Vendors hire people who can talk method, not just run samples.",41-9031,Occupational health specialist,"Workplace injury, exposure, and return-to-work at employers and insurers.",19-5011,Regulatory / quality associate,"Filings, CAPA, and specs — the paperwork that lets the work ship.",13-1041
40.0404,Meteorology,Physical Sciences,health,cip2,Physical Sciences,natural sciences managers,Applications / sales engineer (instruments),"Vendors hire people who can talk method, not just run samples.",41-9031,Occupational health specialist,"Workplace injury, exposure, and return-to-work at employers and insurers.",19-5011,Regulatory / quality associate,"Filings, CAPA, and specs — the paperwork that lets the work ship.",13-1041
40.0499,"Atmospheric Sciences and Meteorology, Other",Physical Sciences,health,cip2,Physical Sciences,atmospheric,Applications / sales engineer (instruments),"Vendors hire people who can talk method, not just run samples.",41-9031,Occupational health specialist,"Workplace injury, exposure, and return-to-work at employers and insurers.",19-5011,Regulatory / quality associate,"Filings, CAPA, and specs — the paperwork that lets the work ship.",13-1041
40.0501,"Chemistry, General",Physical Sciences,health,cip4,Chemistry,chemist (QA lab),Applications / sales engineer (instruments),"GC, LC, spectroscopy vendors hire chemists who can talk method, not just run samples.",41-9031,Industrial hygienist / EHS,"Exposure, SDS, and plant chemistry — the safety use of the same training.",19-5011,Regulatory / quality associate,"Specs, deviations, and filings at chemical and pharma plants.",
40.0502,Analytical Chemistry,Physical Sciences,health,cip4,Chemistry,chemist (QA lab),Applications / sales engineer (instruments),"GC, LC, spectroscopy vendors hire chemists who can talk method, not just run samples.",41-9031,Industrial hygienist / EHS,"Exposure, SDS, and plant chemistry — the safety use of the same training.",19-5011,Regulatory / quality associate,"Specs, deviations, and filings at chemical and pharma plants.",
40.0503,Inorganic Chemistry,Physical Sciences,health,cip4,Chemistry,chemist (QA lab),Applications / sales engineer (instruments),"GC, LC, spectroscopy vendors hire chemists who can talk method, not just run samples.",41-9031,Industrial hygienist / EHS,"Exposure, SDS, and plant chemistry — the safety use of the same training.",19-5011,Regulatory / quality associate,"Specs, deviations, and filings at chemical and pharma plants.",
40.0504,Organic Chemistry,Physical Sciences,health,cip4,Chemistry,chemist (QA lab),Applications / sales engineer (instruments),"GC, LC, spectroscopy vendors hire chemists who can talk method, not just run samples.",41-9031,Industrial hygienist / EHS,"Exposure, SDS, and plant chemistry — the safety use of the same training.",19-5011,Regulatory / quality associate,"Specs, deviations, and filings at chemical and pharma plants.",
40.0506,Physical Chemistry,Physical Sciences,health,cip4,Chemistry,chemist (QA lab),Applications / sales engineer (instruments),"GC, LC, spectroscopy vendors hire chemists who can talk method, not just run samples.",41-9031,Industrial hygienist / EHS,"Exposure, SDS, and plant chemistry — the safety use of the same training.",19-5011,Regulatory / quality associate,"Specs, deviations, and filings at chemical and pharma plants.",
40.0507,Polymer Chemistry,Physical Sciences,health,cip4,Chemistry,chemist (QA lab),Applications / sales engineer (instruments),"GC, LC, spectroscopy vendors hire chemists who can talk method, not just run samples.",41-9031,Industrial hygienist / EHS,"Exposure, SDS, and plant chemistry — the safety use of the same training.",19-5011,Regulatory / quality associate,"Specs, deviations, and filings at chemical and pharma plants.",
40.0508,Chemical Physics,Physical Sciences,health,cip4,Chemistry,chemist (QA lab),Applications / sales engineer (instruments),"GC, LC, spectroscopy vendors hire chemists who can talk method, not just run samples.",41-9031,Industrial hygienist / EHS,"Exposure, SDS, and plant chemistry — the safety use of the same training.",19-5011,Regulatory / quality associate,"Specs, deviations, and filings at chemical and pharma plants.",
40.0509,Environmental Chemistry,Physical Sciences,health,cip4,Chemistry,chemist (QA lab),Applications / sales engineer (instruments),"GC, LC, spectroscopy vendors hire chemists who can talk method, not just run samples.",41-9031,Industrial hygienist / EHS,"Exposure, SDS, and plant chemistry — the safety use of the same training.",19-5011,Regulatory / quality associate,"Specs, deviations, and filings at chemical and pharma plants.",
40.0510,Forensic Chemistry,Physical Sciences,health,cip4,Chemistry,chemist (QA lab),Applications / sales engineer (instruments),"GC, LC, spectroscopy vendors hire chemists who can talk method, not just run samples.",41-9031,Industrial hygienist / EHS,"Exposure, SDS, and plant chemistry — the safety use of the same training.",19-5011,Regulatory / quality associate,"Specs, deviations, and filings at chemical and pharma plants.",
40.0511,Theoretical Chemistry,Physical Sciences,health,cip4,Chemistry,chemist (QA lab),Applications / sales engineer (instruments),"GC, LC, spectroscopy vendors hire chemists who can talk method, not just run samples.",41-9031,Industrial hygienist / EHS,"Exposure, SDS, and plant chemistry — the safety use of the same training.",19-5011,Regulatory / quality associate,"Specs, deviations, and filings at chemical and pharma plants.",
40.0512,Cheminformatics/Chemistry Informatics,Physical Sciences,health,cip4,Chemistry,chemist (QA lab),Applications / sales engineer (instruments),"GC, LC, spectroscopy vendors hire chemists who can talk method, not just run samples.",41-9031,Industrial hygienist / EHS,"Exposure, SDS, and plant chemistry — the safety use of the same training.",19-5011,Regulatory / quality associate,"Specs, deviations, and filings at chemical and pharma plants.",
40.0599,"Chemistry, Other",Physical Sciences,health,cip4,Chemistry,chemist (QA lab),Applications / sales engineer (instruments),"GC, LC, spectroscopy vendors hire chemists who can talk method, not just run samples.",41-9031,Industrial hygienist / EHS,"Exposure, SDS, and plant chemistry — the safety use of the same training.",19-5011,Regulatory / quality associate,"Specs, deviations, and filings at chemical and pharma plants.",
40.0601,"Geology/Earth Science, General",Physical Sciences,health,cip2,Physical Sciences,atmospheric,Applications / sales engineer (instruments),"Vendors hire people who can talk method, not just run samples.",41-9031,Occupational health specialist,"Workplace injury, exposure, and return-to-work at employers and insurers.",19-5011,Regulatory / quality associate,"Filings, CAPA, and specs — the paperwork that lets the work ship.",13-1041
40.0602,Geochemistry,Physical Sciences,health,cip2,Physical Sciences,natural sciences managers,Applications / sales engineer (instruments),"Vendors hire people who can talk method, not just run samples.",41-9031,Occupational health specialist,"Workplace injury, exposure, and return-to-work at employers and insurers.",19-5011,Regulatory / quality associate,"Filings, CAPA, and specs — the paperwork that lets the work ship.",13-1041
40.0603,Geophysics and Seismology,Physical Sciences,health,cip2,Physical Sciences,natural sciences managers,Applications / sales engineer (instruments),"Vendors hire people who can talk method, not just run samples.",41-9031,Occupational health specialist,"Workplace injury, exposure, and return-to-work at employers and insurers.",19-5011,Regulatory / quality associate,"Filings, CAPA, and specs — the paperwork that lets the work ship.",13-1041
40.0604,Paleontology,Physical Sciences,health,cip2,Physical Sciences,natural sciences managers,Applications / sales engineer (instruments),"Vendors hire people who can talk method, not just run samples.",41-9031,Occupational health specialist,"Workplace injury, exposure, and return-to-work at employers and insurers.",19-5011,Regulatory / quality associate,"Filings, CAPA, and specs — the paperwork that lets the work ship.",13-1041
40.0605,Hydrology and Water Resources Science,Physical Sciences,health,cip2,Physical Sciences,natural sciences managers,Applications / sales engineer (instruments),"Vendors hire people who can talk method, not just run samples.",41-9031,Occupational health specialist,"Workplace injury, exposure, and return-to-work at employers and insurers.",19-5011,Regulatory / quality associate,"Filings, CAPA, and specs — the paperwork that lets the work ship.",13-1041
40.0606,Geochemistry and Petrology,Physical Sciences,health,cip2,Physical Sciences,natural sciences managers,Applications / sales engineer (instruments),"Vendors hire people who can talk method, not just run samples.",41-9031,Occupational health specialist,"Workplace injury, exposure, and return-to-work at employers and insurers.",19-5011,Regulatory / quality associate,"Filings, CAPA, and specs — the paperwork that lets the work ship.",13-1041
40.0607,"Oceanography, Chemical and Physical",Physical Sciences,health,cip2,Physical Sciences,natural sciences managers,Applications / sales engineer (instruments),"Vendors hire people who can talk method, not just run samples.",41-9031,Occupational health specialist,"Workplace injury, exposure, and return-to-work at employers and insurers.",19-5011,Regulatory / quality associate,"Filings, CAPA, and specs — the paperwork that lets the work ship.",13-1041
40.0699,"Geological and Earth Sciences/Geosciences, Other",Physical Sciences,health,cip2,Physical Sciences,atmospheric,Applications / sales engineer (instruments),"Vendors hire people who can talk method, not just run samples.",41-9031,Occupational health specialist,"Workplace injury, exposure, and return-to-work at employers and insurers.",19-5011,Regulatory / quality associate,"Filings, CAPA, and specs — the paperwork that lets the work ship.",13-1041
40.0801,"Physics, General",Physical Sciences,health,cip2,Physical Sciences,physics teacher,Applications / sales engineer (instruments),"Vendors hire people who can talk method, not just run samples.",41-9031,Occupational health specialist,"Workplace injury, exposure, and return-to-work at employers and insurers.",19-5011,Regulatory / quality associate,"Filings, CAPA, and specs — the paperwork that lets the work ship.",13-1041
40.0802,Atomic/Molecular Physics,Physical Sciences,health,cip2,Physical Sciences,physics teacher,Applications / sales engineer (instruments),"Vendors hire people who can talk method, not just run samples.",41-9031,Occupational health specialist,"Workplace injury, exposure, and return-to-work at employers and insurers.",19-5011,Regulatory / quality associate,"Filings, CAPA, and specs — the paperwork that lets the work ship.",13-1041
40.0804,Elementary Particle Physics,Physical Sciences,health,cip2,Physical Sciences,physics teacher,Applications / sales engineer (instruments),"Vendors hire people who can talk method, not just run samples.",41-9031,Occupational health specialist,"Workplace injury, exposure, and return-to-work at employers and insurers.",19-5011,Regulatory / quality associate,"Filings, CAPA, and specs — the paperwork that lets the work ship.",13-1041
40.0805,Plasma and High-Temperature Physics,Physical Sciences,health,cip2,Physical Sciences,physics teacher,Applications / sales engineer (instruments),"Vendors hire people who can talk method, not just run samples.",41-9031,Occupational health specialist,"Workplace injury, exposure, and return-to-work at employers and insurers.",19-5011,Regulatory / quality associate,"Filings, CAPA, and specs — the paperwork that lets the work ship.",13-1041
40.0806,Nuclear Physics,Physical Sciences,health,cip2,Physical Sciences,physics teacher,Applications / sales engineer (instruments),"Vendors hire people who can talk method, not just run samples.",41-9031,Occupational health specialist,"Workplace injury, exposure, and return-to-work at employers and insurers.",19-5011,Regulatory / quality associate,"Filings, CAPA, and specs — the paperwork that lets the work ship.",13-1041
40.0807,Optics/Optical Sciences,Physical Sciences,health,cip2,Physical Sciences,natural sciences managers,Applications / sales engineer (instruments),"Vendors hire people who can talk method, not just run samples.",41-9031,Occupational health specialist,"Workplace injury, exposure, and return-to-work at employers and insurers.",19-5011,Regulatory / quality associate,"Filings, CAPA, and specs — the paperwork that lets the work ship.",13-1041
40.0808,Condensed Matter and Materials Physics,Physical Sciences,health,cip2,Physical Sciences,physics teacher,Applications / sales engineer (instruments),"Vendors hire people who can talk method, not just run samples.",41-9031,Occupational health specialist,"Workplace injury, exposure, and return-to-work at employers and insurers.",19-5011,Regulatory / quality associate,"Filings, CAPA, and specs — the paperwork that lets the work ship.",13-1041
40.0809,Acoustics,Physical Sciences,health,cip2,Physical Sciences,natural sciences managers,Applications / sales engineer (instruments),"Vendors hire people who can talk method, not just run samples.",41-9031,Occupational health specialist,"Workplace injury, exposure, and return-to-work at employers and insurers.",19-5011,Regulatory / quality associate,"Filings, CAPA, and specs — the paperwork that lets the work ship.",13-1041
40.0810,Theoretical and Mathematical Physics,Physical Sciences,health,cip2,Physical Sciences,physics teacher,Applications / sales engineer (instruments),"Vendors hire people who can talk method, not just run samples.",41-9031,Occupational health specialist,"Workplace injury, exposure, and return-to-work at employers and insurers.",19-5011,Regulatory / quality associate,"Filings, CAPA, and specs — the paperwork that lets the work ship.",13-1041
40.0899,"Physics, Other",Physical Sciences,health,cip2,Physical Sciences,physics teacher,Applications / sales engineer (instruments),"Vendors hire people who can talk method, not just run samples.",41-9031,Occupational health specialist,"Workplace injury, exposure, and return-to-work at employers and insurers.",19-5011,Regulatory / quality associate,"Filings, CAPA, and specs — the paperwork that lets the work ship.",13-1041
40.1001,Materials Science,Physical Sciences,health,cip2,Physical Sciences,life,Applications / sales engineer (instruments),"Vendors hire people who can talk method, not just run samples.",41-9031,Occupational health specialist,"Workplace injury, exposure, and return-to-work at employers and insurers.",19-5011,Regulatory / quality associate,"Filings, CAPA, and specs — the paperwork that lets the work ship.",13-1041
40.1002,Materials Chemistry,Physical Sciences,health,cip2,Physical Sciences,materials scientists,Applications / sales engineer (instruments),"Vendors hire people who can talk method, not just run samples.",41-9031,Occupational health specialist,"Workplace injury, exposure, and return-to-work at employers and insurers.",19-5011,Regulatory / quality associate,"Filings, CAPA, and specs — the paperwork that lets the work ship.",13-1041
40.1099,"Materials Sciences, Other",Physical Sciences,health,cip2,Physical Sciences,natural sciences managers,Applications / sales engineer (instruments),"Vendors hire people who can talk method, not just run samples.",41-9031,Occupational health specialist,"Workplace injury, exposure, and return-to-work at employers and insurers.",19-5011,Regulatory / quality associate,"Filings, CAPA, and specs — the paperwork that lets the work ship.",13-1041
40.1101,Physics and Astronomy,Physical Sciences,health,cip2,Physical Sciences,physics teacher,Applications / sales engineer (instruments),"Vendors hire people who can talk method, not just run samples.",41-9031,Occupational health specialist,"Workplace injury, exposure, and return-to-work at employers and insurers.",19-5011,Regulatory / quality associate,"Filings, CAPA, and specs — the paperwork that lets the work ship.",13-1041
40.9999,"Physical Sciences, Other",Physical Sciences,health,cip2,Physical Sciences,natural sciences managers,Applications / sales engineer (instruments),"Vendors hire people who can talk method, not just run samples.",41-9031,Occupational health specialist,"Workplace injury, exposure, and return-to-work at employers and insurers.",19-5011,Regulatory / quality associate,"Filings, CAPA, and specs — the paperwork that lets the work ship.",13-1041
41.0000,"Science Technologies/Technicians, General",Science Technologies,health,cip2,Science Technologies,life,Sales engineer,"Technical brain on the sales call: demos, POCs, architecture.",41-9031,Regulatory / quality associate,"Filings, CAPA, and specs — the paperwork that lets the work ship.",13-1041,Health information technologist,"EHR, registries, and quality reporting — the data side of the clinic.",29-9021
41.0101,Biology/Biotechnology Technology/Technician,Science Technologies,health,cip2,Science Technologies,biological technicians,Sales engineer,"Technical brain on the sales call: demos, POCs, architecture.",41-9031,Regulatory / quality associate,"Filings, CAPA, and specs — the paperwork that lets the work ship.",13-1041,Health information technologist,"EHR, registries, and quality reporting — the data side of the clinic.",29-9021
41.0204,Industrial Radiologic Technology/Technician,Science Technologies,health,cip2,Science Technologies,nuclear technicians,Sales engineer,"Technical brain on the sales call: demos, POCs, architecture.",41-9031,Regulatory / quality associate,"Filings, CAPA, and specs — the paperwork that lets the work ship.",13-1041,Health information technologist,"EHR, registries, and quality reporting — the data side of the clinic.",29-9021
41.0205,Nuclear/Nuclear Power Technology/Technician,Science Technologies,health,cip2,Science Technologies,nuclear power reactor operators,Sales engineer,"Technical brain on the sales call: demos, POCs, architecture.",41-9031,Regulatory / quality associate,"Filings, CAPA, and specs — the paperwork that lets the work ship.",13-1041,Health information technologist,"EHR, registries, and quality reporting — the data side of the clinic.",29-9021
41.0299,"Nuclear and Industrial Radiologic Technologies/Technicians, Other",Science Technologies,health,cip2,Science Technologies,nuclear technicians,Sales engineer,"Technical brain on the sales call: demos, POCs, architecture.",41-9031,Regulatory / quality associate,"Filings, CAPA, and specs — the paperwork that lets the work ship.",13-1041,Health information technologist,"EHR, registries, and quality reporting — the data side of the clinic.",29-9021
41.0301,Chemical Technology/Technician,Science Technologies,health,cip2,Science Technologies,chemical equipment operators and tenders,Sales engineer,"Technical brain on the sales call: demos, POCs, architecture.",41-9031,Regulatory / quality associate,"Filings, CAPA, and specs — the paperwork that lets the work ship.",13-1041,Health information technologist,"EHR, registries, and quality reporting — the data side of the clinic.",29-9021
41.0303,Chemical Process Technology,Science Technologies,health,cip2,Science Technologies,chemical equipment operators and tenders,Sales engineer,"Technical brain on the sales call: demos, POCs, architecture.",41-9031,Regulatory / quality associate,"Filings, CAPA, and specs — the paperwork that lets the work ship.",13-1041,Health information technologist,"EHR, registries, and quality reporting — the data side of the clinic.",29-9021
41.0399,"Physical Science Technologies/Technicians, Other",Science Technologies,health,cip2,Science Technologies,life,Sales engineer,"Technical brain on the sales call: demos, POCs, architecture.",41-9031,Regulatory / quality associate,"Filings, CAPA, and specs — the paperwork that lets the work ship.",13-1041,Health information technologist,"EHR, registries, and quality reporting — the data side of the clinic.",29-9021
41.9999,"Science Technologies/Technicians, Other",Science Technologies,health,cip2,Science Technologies,life,Sales engineer,"Technical brain on the sales call: demos, POCs, architecture.",41-9031,Regulatory / quality associate,"Filings, CAPA, and specs — the paperwork that lets the work ship.",13-1041,Health information technologist,"EHR, registries, and quality reporting — the data side of the clinic.",29-9021
42.0101,"Psychology, General",Psychology,other,cip4,Psychology,counselor or case manager,UX researcher,"Study how people use products; the research methods transfer, the setting is a tech team.",,People analytics specialist,"Survey design, attrition, and hiring funnels — psych methods inside HR, not therapy.",,Market research analyst,"Attitudes and behavior, sold to brands instead of clinics.",13-1161
42.2701,Cognitive Psychology and Psycholinguistics,Psychology,other,cip4,Research / Experimental Psychology,research assistant,UX researcher,"The same experimental design, pointed at a product instead of a lab subject pool.",,People / workforce analyst,"Stats on hiring, engagement, and performance — industry, not a PI’s grant.",,Market research analyst,Surveys and experiments sold commercially.,13-1161
42.2702,Comparative Psychology,Psychology,other,cip4,Research / Experimental Psychology,research assistant,UX researcher,"The same experimental design, pointed at a product instead of a lab subject pool.",,People / workforce analyst,"Stats on hiring, engagement, and performance — industry, not a PI’s grant.",,Market research analyst,Surveys and experiments sold commercially.,13-1161
42.2703,Developmental and Child Psychology,Psychology,other,cip4,Research / Experimental Psychology,research assistant,UX researcher,"The same experimental design, pointed at a product instead of a lab subject pool.",,People / workforce analyst,"Stats on hiring, engagement, and performance — industry, not a PI’s grant.",,Market research analyst,Surveys and experiments sold commercially.,13-1161
42.2704,Experimental Psychology,Psychology,other,cip4,Research / Experimental Psychology,research assistant,UX researcher,"The same experimental design, pointed at a product instead of a lab subject pool.",,People / workforce analyst,"Stats on hiring, engagement, and performance — industry, not a PI’s grant.",,Market research analyst,Surveys and experiments sold commercially.,13-1161
42.2705,Personality Psychology,Psychology,other,cip4,Research / Experimental Psychology,research assistant,UX researcher,"The same experimental design, pointed at a product instead of a lab subject pool.",,People / workforce analyst,"Stats on hiring, engagement, and performance — industry, not a PI’s grant.",,Market research analyst,Surveys and experiments sold commercially.,13-1161
42.2706,Behavioral Neuroscience,Psychology,other,cip4,Research / Experimental Psychology,research assistant,UX researcher,"The same experimental design, pointed at a product instead of a lab subject pool.",,People / workforce analyst,"Stats on hiring, engagement, and performance — industry, not a PI’s grant.",,Market research analyst,Surveys and experiments sold commercially.,13-1161
42.2707,Social Psychology,Psychology,other,cip4,Research / Experimental Psychology,research assistant,UX researcher,"The same experimental design, pointed at a product instead of a lab subject pool.",,People / workforce analyst,"Stats on hiring, engagement, and performance — industry, not a PI’s grant.",,Market research analyst,Surveys and experiments sold commercially.,13-1161
42.2708,Psychometrics and Quantitative Psychology,Psychology,other,cip4,Research / Experimental Psychology,research assistant,UX researcher,"The same experimental design, pointed at a product instead of a lab subject pool.",,People / workforce analyst,"Stats on hiring, engagement, and performance — industry, not a PI’s grant.",,Market research analyst,Surveys and experiments sold commercially.,13-1161
42.2709,Psychopharmacology,Psychology,other,cip4,Research / Experimental Psychology,research assistant,UX researcher,"The same experimental design, pointed at a product instead of a lab subject pool.",,People / workforce analyst,"Stats on hiring, engagement, and performance — industry, not a PI’s grant.",,Market research analyst,Surveys and experiments sold commercially.,13-1161
42.2710,Developmental and Adolescent Psychology,Psychology,other,cip4,Research / Experimental Psychology,research assistant,UX researcher,"The same experimental design, pointed at a product instead of a lab subject pool.",,People / workforce analyst,"Stats on hiring, engagement, and performance — industry, not a PI’s grant.",,Market research analyst,Surveys and experiments sold commercially.,13-1161
42.2799,"Research and Experimental Psychology, Other",Psychology,other,cip4,Research / Experimental Psychology,research assistant,UX researcher,"The same experimental design, pointed at a product instead of a lab subject pool.",,People / workforce analyst,"Stats on hiring, engagement, and performance — industry, not a PI’s grant.",,Market research analyst,Surveys and experiments sold commercially.,13-1161
42.2801,Clinical Psychology,Psychology,other,cip2,Psychology,clinical and counseling psychologists,UX researcher,"Study how people use products; the methods transfer, the setting is a tech team.",,People analytics specialist,Survey design and hiring funnels — psych methods inside HR.,,Market research analyst,"Audience and demand research sold to brands, agencies, or policy shops.",13-1161
42.2802,Community Psychology,Psychology,other,cip2,Psychology,psychology teacher,UX researcher,"Study how people use products; the methods transfer, the setting is a tech team.",,People analytics specialist,Survey design and hiring funnels — psych methods inside HR.,,Market research analyst,"Audience and demand research sold to brands, agencies, or policy shops.",13-1161
42.2803,Counseling Psychology,Psychology,other,cip2,Psychology,clinical and counseling psychologists,UX researcher,"Study how people use products; the methods transfer, the setting is a tech team.",,People analytics specialist,Survey design and hiring funnels — psych methods inside HR.,,Market research analyst,"Audience and demand research sold to brands, agencies, or policy shops.",13-1161
42.2804,Industrial and Organizational Psychology,Psychology,other,cip2,Psychology,industrial-organizational psychologists,UX researcher,"Study how people use products; the methods transfer, the setting is a tech team.",,People analytics specialist,Survey design and hiring funnels — psych methods inside HR.,,Market research analyst,"Audience and demand research sold to brands, agencies, or policy shops.",13-1161
42.2805,School Psychology,Psychology,other,cip2,Psychology,school psychologists,UX researcher,"Study how people use products; the methods transfer, the setting is a tech team.",,People analytics specialist,Survey design and hiring funnels — psych methods inside HR.,,Market research analyst,"Audience and demand research sold to brands, agencies, or policy shops.",13-1161
42.2806,Educational Psychology,Psychology,other,cip2,Psychology,psychology teacher,UX researcher,"Study how people use products; the methods transfer, the setting is a tech team.",,People analytics specialist,Survey design and hiring funnels — psych methods inside HR.,,Market research analyst,"Audience and demand research sold to brands, agencies, or policy shops.",13-1161
42.2807,Clinical Child Psychology,Psychology,other,cip2,Psychology,clinical and counseling psychologists,UX researcher,"Study how people use products; the methods transfer, the setting is a tech team.",,People analytics specialist,Survey design and hiring funnels — psych methods inside HR.,,Market research analyst,"Audience and demand research sold to brands, agencies, or policy shops.",13-1161
42.2808,Environmental Psychology,Psychology,other,cip2,Psychology,psychology teacher,UX researcher,"Study how people use products; the methods transfer, the setting is a tech team.",,People analytics specialist,Survey design and hiring funnels — psych methods inside HR.,,Market research analyst,"Audience and demand research sold to brands, agencies, or policy shops.",13-1161
42.2809,Geropsychology,Psychology,other,cip2,Psychology,managers,UX researcher,"Study how people use products; the methods transfer, the setting is a tech team.",,People analytics specialist,Survey design and hiring funnels — psych methods inside HR.,,Market research analyst,"Audience and demand research sold to brands, agencies, or policy shops.",13-1161
42.2810,Health/Medical Psychology,Psychology,other,cip2,Psychology,psychology teacher,UX researcher,"Study how people use products; the methods transfer, the setting is a tech team.",,People analytics specialist,Survey design and hiring funnels — psych methods inside HR.,,Market research analyst,"Audience and demand research sold to brands, agencies, or policy shops.",13-1161
42.2811,Family Psychology,Psychology,other,cip2,Psychology,psychology teacher,UX researcher,"Study how people use products; the methods transfer, the setting is a tech team.",,People analytics specialist,Survey design and hiring funnels — psych methods inside HR.,,Market research analyst,"Audience and demand research sold to brands, agencies, or policy shops.",13-1161
42.2812,Forensic Psychology,Psychology,other,cip2,Psychology,psychology teacher,UX researcher,"Study how people use products; the methods transfer, the setting is a tech team.",,People analytics specialist,Survey design and hiring funnels — psych methods inside HR.,,Market research analyst,"Audience and demand research sold to brands, agencies, or policy shops.",13-1161
42.2813,Applied Psychology,Psychology,other,cip2,Psychology,psychology teacher,UX researcher,"Study how people use products; the methods transfer, the setting is a tech team.",,People analytics specialist,Survey design and hiring funnels — psych methods inside HR.,,Market research analyst,"Audience and demand research sold to brands, agencies, or policy shops.",13-1161
42.2814,Applied Behavior Analysis,Psychology,other,cip2,Psychology,managers,UX researcher,"Study how people use products; the methods transfer, the setting is a tech team.",,People analytics specialist,Survey design and hiring funnels — psych methods inside HR.,,Market research analyst,"Audience and demand research sold to brands, agencies, or policy shops.",13-1161
42.2815,Performance and Sport Psychology,Psychology,other,cip2,Psychology,psychology teacher,UX researcher,"Study how people use products; the methods transfer, the setting is a tech team.",,People analytics specialist,Survey design and hiring funnels — psych methods inside HR.,,Market research analyst,"Audience and demand research sold to brands, agencies, or policy shops.",13-1161
42.2816,Somatic Psychology,Psychology,other,cip2,Psychology,psychology teacher,UX researcher,"Study how people use products; the methods transfer, the setting is a tech team.",,People analytics specialist,Survey design and hiring funnels — psych methods inside HR.,,Market research analyst,"Audience and demand research sold to brands, agencies, or policy shops.",13-1161
42.2817,Transpersonal/Spiritual Psychology,Psychology,other,cip2,Psychology,psychology teacher,UX researcher,"Study how people use products; the methods transfer, the setting is a tech team.",,People analytics specialist,Survey design and hiring funnels — psych methods inside HR.,,Market research analyst,"Audience and demand research sold to brands, agencies, or policy shops.",13-1161
42.2899,"Clinical, Counseling and Applied Psychology, Other",Psychology,other,cip2,Psychology,psychology teacher,UX researcher,"Study how people use products; the methods transfer, the setting is a tech team.",,People analytics specialist,Survey design and hiring funnels — psych methods inside HR.,,Market research analyst,"Audience and demand research sold to brands, agencies, or policy shops.",13-1161
42.9999,"Psychology, Other",Psychology,other,cip2,Psychology,psychology teacher,UX researcher,"Study how people use products; the methods transfer, the setting is a tech team.",,People analytics specialist,Survey design and hiring funnels — psych methods inside HR.,,Market research analyst,"Audience and demand research sold to brands, agencies, or policy shops.",13-1161
43.0100,"Criminal Justice and Corrections, General",Homeland Security,other,cip4,Criminal Justice,police officer,Information security / GRC analyst,"Access reviews, incidents, and policy — investigations without a badge.",15-1212,Insurance fraud / claims investigator,SIU and special investigations at carriers; the private-sector cousin of detective work.,13-1031,Corporate compliance officer,"AML, ethics, and vendor due diligence inside banks and hospitals.",13-1041
43.0102,Corrections,Homeland Security,other,cip4,Criminal Justice,police officer,Information security / GRC analyst,"Access reviews, incidents, and policy — investigations without a badge.",15-1212,Insurance fraud / claims investigator,SIU and special investigations at carriers; the private-sector cousin of detective work.,13-1031,Corporate compliance officer,"AML, ethics, and vendor due diligence inside banks and hospitals.",13-1041
43.0103,Criminal Justice/Law Enforcement Administration,Homeland Security,other,cip4,Criminal Justice,police officer,Information security / GRC analyst,"Access reviews, incidents, and policy — investigations without a badge.",15-1212,Insurance fraud / claims investigator,SIU and special investigations at carriers; the private-sector cousin of detective work.,13-1031,Corporate compliance officer,"AML, ethics, and vendor due diligence inside banks and hospitals.",13-1041
43.0104,Criminal Justice/Safety Studies,Homeland Security,other,cip4,Criminal Justice,police officer,Information security / GRC analyst,"Access reviews, incidents, and policy — investigations without a badge.",15-1212,Insurance fraud / claims investigator,SIU and special investigations at carriers; the private-sector cousin of detective work.,13-1031,Corporate compliance officer,"AML, ethics, and vendor due diligence inside banks and hospitals.",13-1041
43.0107,Criminal Justice/Police Science,Homeland Security,other,cip4,Criminal Justice,police officer,Information security / GRC analyst,"Access reviews, incidents, and policy — investigations without a badge.",15-1212,Insurance fraud / claims investigator,SIU and special investigations at carriers; the private-sector cousin of detective work.,13-1031,Corporate compliance officer,"AML, ethics, and vendor due diligence inside banks and hospitals.",13-1041
43.0109,Security and Loss Prevention Services,Homeland Security,other,cip4,Criminal Justice,police officer,Information security / GRC analyst,"Access reviews, incidents, and policy — investigations without a badge.",15-1212,Insurance fraud / claims investigator,SIU and special investigations at carriers; the private-sector cousin of detective work.,13-1031,Corporate compliance officer,"AML, ethics, and vendor due diligence inside banks and hospitals.",13-1041
43.0110,Juvenile Corrections,Homeland Security,other,cip4,Criminal Justice,police officer,Information security / GRC analyst,"Access reviews, incidents, and policy — investigations without a badge.",15-1212,Insurance fraud / claims investigator,SIU and special investigations at carriers; the private-sector cousin of detective work.,13-1031,Corporate compliance officer,"AML, ethics, and vendor due diligence inside banks and hospitals.",13-1041
43.0112,Securities Services Administration/Management,Homeland Security,other,cip4,Criminal Justice,police officer,Information security / GRC analyst,"Access reviews, incidents, and policy — investigations without a badge.",15-1212,Insurance fraud / claims investigator,SIU and special investigations at carriers; the private-sector cousin of detective work.,13-1031,Corporate compliance officer,"AML, ethics, and vendor due diligence inside banks and hospitals.",13-1041
43.0113,Corrections Administration,Homeland Security,other,cip4,Criminal Justice,police officer,Information security / GRC analyst,"Access reviews, incidents, and policy — investigations without a badge.",15-1212,Insurance fraud / claims investigator,SIU and special investigations at carriers; the private-sector cousin of detective work.,13-1031,Corporate compliance officer,"AML, ethics, and vendor due diligence inside banks and hospitals.",13-1041
43.0114,Law Enforcement Investigation and Interviewing,Homeland Security,other,cip4,Criminal Justice,police officer,Information security / GRC analyst,"Access reviews, incidents, and policy — investigations without a badge.",15-1212,Insurance fraud / claims investigator,SIU and special investigations at carriers; the private-sector cousin of detective work.,13-1031,Corporate compliance officer,"AML, ethics, and vendor due diligence inside banks and hospitals.",13-1041
43.0115,Law Enforcement Record-Keeping and Evidence Management,Homeland Security,other,cip4,Criminal Justice,police officer,Information security / GRC analyst,"Access reviews, incidents, and policy — investigations without a badge.",15-1212,Insurance fraud / claims investigator,SIU and special investigations at carriers; the private-sector cousin of detective work.,13-1031,Corporate compliance officer,"AML, ethics, and vendor due diligence inside banks and hospitals.",13-1041
43.0119,Critical Incident Response/Special Police Operations,Homeland Security,other,cip4,Criminal Justice,police officer,Information security / GRC analyst,"Access reviews, incidents, and policy — investigations without a badge.",15-1212,Insurance fraud / claims investigator,SIU and special investigations at carriers; the private-sector cousin of detective work.,13-1031,Corporate compliance officer,"AML, ethics, and vendor due diligence inside banks and hospitals.",13-1041
43.0120,Protective Services Operations,Homeland Security,other,cip4,Criminal Justice,police officer,Information security / GRC analyst,"Access reviews, incidents, and policy — investigations without a badge.",15-1212,Insurance fraud / claims investigator,SIU and special investigations at carriers; the private-sector cousin of detective work.,13-1031,Corporate compliance officer,"AML, ethics, and vendor due diligence inside banks and hospitals.",13-1041
43.0121,Suspension and Debarment Investigation,Homeland Security,other,cip4,Criminal Justice,police officer,Information security / GRC analyst,"Access reviews, incidents, and policy — investigations without a badge.",15-1212,Insurance fraud / claims investigator,SIU and special investigations at carriers; the private-sector cousin of detective work.,13-1031,Corporate compliance officer,"AML, ethics, and vendor due diligence inside banks and hospitals.",13-1041
43.0122,Maritime Law Enforcement,Homeland Security,other,cip4,Criminal Justice,police officer,Information security / GRC analyst,"Access reviews, incidents, and policy — investigations without a badge.",15-1212,Insurance fraud / claims investigator,SIU and special investigations at carriers; the private-sector cousin of detective work.,13-1031,Corporate compliance officer,"AML, ethics, and vendor due diligence inside banks and hospitals.",13-1041
43.0123,Cultural/Archaelogical Resources Protection,Homeland Security,other,cip4,Criminal Justice,police officer,Information security / GRC analyst,"Access reviews, incidents, and policy — investigations without a badge.",15-1212,Insurance fraud / claims investigator,SIU and special investigations at carriers; the private-sector cousin of detective work.,13-1031,Corporate compliance officer,"AML, ethics, and vendor due diligence inside banks and hospitals.",13-1041
43.0199,"Corrections and Criminal Justice, Other",Homeland Security,other,cip4,Criminal Justice,police officer,Information security / GRC analyst,"Access reviews, incidents, and policy — investigations without a badge.",15-1212,Insurance fraud / claims investigator,SIU and special investigations at carriers; the private-sector cousin of detective work.,13-1031,Corporate compliance officer,"AML, ethics, and vendor due diligence inside banks and hospitals.",13-1041
43.0201,Fire Prevention and Safety Technology/Technician,Homeland Security,other,cip2,Homeland Security / Criminal Justice,first-line supervisors of firefighting and prevention workers,Information security analyst,"Identity, logging, and controls — investigations without a ticket queue.",15-1212,Insurance fraud / claims investigator,SIU and special investigations — the private-sector cousin of detective work.,13-1031,Compliance officer,"Policy as an operating constraint inside a company, hospital, or campus.",13-1041
43.0202,Fire Services Administration,Homeland Security,other,cip2,Homeland Security / Criminal Justice,managers,Information security analyst,"Identity, logging, and controls — investigations without a ticket queue.",15-1212,Insurance fraud / claims investigator,SIU and special investigations — the private-sector cousin of detective work.,13-1031,Compliance officer,"Policy as an operating constraint inside a company, hospital, or campus.",13-1041
43.0203,Fire Science/Fire-fighting,Homeland Security,other,cip2,Homeland Security / Criminal Justice,fire inspectors and investigators,Information security analyst,"Identity, logging, and controls — investigations without a ticket queue.",15-1212,Insurance fraud / claims investigator,SIU and special investigations — the private-sector cousin of detective work.,13-1031,Compliance officer,"Policy as an operating constraint inside a company, hospital, or campus.",13-1041
43.0205,Fire/Arson Investigation and Prevention,Homeland Security,other,cip2,Homeland Security / Criminal Justice,first-line supervisors of firefighting and prevention workers,Information security analyst,"Identity, logging, and controls — investigations without a ticket queue.",15-1212,Insurance fraud / claims investigator,SIU and special investigations — the private-sector cousin of detective work.,13-1031,Compliance officer,"Policy as an operating constraint inside a company, hospital, or campus.",13-1041
43.0206,Wildland/Forest Firefighting and Investigation,Homeland Security,other,cip2,Homeland Security / Criminal Justice,forest fire inspectors and prevention specialists,Information security analyst,"Identity, logging, and controls — investigations without a ticket queue.",15-1212,Insurance fraud / claims investigator,SIU and special investigations — the private-sector cousin of detective work.,13-1031,Compliance officer,"Policy as an operating constraint inside a company, hospital, or campus.",13-1041
43.0299,"Fire Protection, Other",Homeland Security,other,cip2,Homeland Security / Criminal Justice,firefighters,Information security analyst,"Identity, logging, and controls — investigations without a ticket queue.",15-1212,Insurance fraud / claims investigator,SIU and special investigations — the private-sector cousin of detective work.,13-1031,Compliance officer,"Policy as an operating constraint inside a company, hospital, or campus.",13-1041
43.0301,Homeland Security,Homeland Security,other,cip2,Homeland Security / Criminal Justice,managers,Information security analyst,"Identity, logging, and controls — investigations without a ticket queue.",15-1212,Insurance fraud / claims investigator,SIU and special investigations — the private-sector cousin of detective work.,13-1031,Compliance officer,"Policy as an operating constraint inside a company, hospital, or campus.",13-1041
43.0302,Crisis/Emergency/Disaster Management,Homeland Security,other,cip2,Homeland Security / Criminal Justice,emergency management directors,Information security analyst,"Identity, logging, and controls — investigations without a ticket queue.",15-1212,Insurance fraud / claims investigator,SIU and special investigations — the private-sector cousin of detective work.,13-1031,Compliance officer,"Policy as an operating constraint inside a company, hospital, or campus.",13-1041
43.0303,Critical Infrastructure Protection,Homeland Security,other,cip2,Homeland Security / Criminal Justice,managers,Information security analyst,"Identity, logging, and controls — investigations without a ticket queue.",15-1212,Insurance fraud / claims investigator,SIU and special investigations — the private-sector cousin of detective work.,13-1031,Compliance officer,"Policy as an operating constraint inside a company, hospital, or campus.",13-1041
43.0304,Terrorism and Counterterrorism Operations,Homeland Security,other,cip2,Homeland Security / Criminal Justice,managers,Information security analyst,"Identity, logging, and controls — investigations without a ticket queue.",15-1212,Insurance fraud / claims investigator,SIU and special investigations — the private-sector cousin of detective work.,13-1031,Compliance officer,"Policy as an operating constraint inside a company, hospital, or campus.",13-1041
43.0399,"Homeland Security, Other",Homeland Security,other,cip2,Homeland Security / Criminal Justice,first-line supervisors of security workers,Information security analyst,"Identity, logging, and controls — investigations without a ticket queue.",15-1212,Insurance fraud / claims investigator,SIU and special investigations — the private-sector cousin of detective work.,13-1031,Compliance officer,"Policy as an operating constraint inside a company, hospital, or campus.",13-1041
43.0401,"Security Science and Technology, General",Homeland Security,other,cip2,Homeland Security / Criminal Justice,first-line supervisors of security workers,Information security analyst,"Identity, logging, and controls — investigations without a ticket queue.",15-1212,Insurance fraud / claims investigator,SIU and special investigations — the private-sector cousin of detective work.,13-1031,Compliance officer,"Policy as an operating constraint inside a company, hospital, or campus.",13-1041
43.0402,Criminalistics and Criminal Science,Homeland Security,other,cip2,Homeland Security / Criminal Justice,life,Information security analyst,"Identity, logging, and controls — investigations without a ticket queue.",15-1212,Insurance fraud / claims investigator,SIU and special investigations — the private-sector cousin of detective work.,13-1031,Compliance officer,"Policy as an operating constraint inside a company, hospital, or campus.",13-1041
43.0403,Cyber/Computer Forensics and Counterterrorism,Homeland Security,other,cip2,Homeland Security / Criminal Justice,computer occupations,Information security analyst,"Identity, logging, and controls — investigations without a ticket queue.",15-1212,Insurance fraud / claims investigator,SIU and special investigations — the private-sector cousin of detective work.,13-1031,Compliance officer,"Policy as an operating constraint inside a company, hospital, or campus.",13-1041
43.0404,Cybersecurity Defense Strategy/Policy,Homeland Security,other,cip2,Homeland Security / Criminal Justice,managers,Information security analyst,"Identity, logging, and controls — investigations without a ticket queue.",15-1212,Insurance fraud / claims investigator,SIU and special investigations — the private-sector cousin of detective work.,13-1031,Compliance officer,"Policy as an operating constraint inside a company, hospital, or campus.",13-1041
43.0405,Financial Forensics and Fraud Investigation,Homeland Security,other,cip2,Homeland Security / Criminal Justice,financial examiners,Information security analyst,"Identity, logging, and controls — investigations without a ticket queue.",15-1212,Insurance fraud / claims investigator,SIU and special investigations — the private-sector cousin of detective work.,13-1031,Compliance officer,"Policy as an operating constraint inside a company, hospital, or campus.",13-1041
43.0406,Forensic Science and Technology,Homeland Security,other,cip2,Homeland Security / Criminal Justice,forensic science technicians,Information security analyst,"Identity, logging, and controls — investigations without a ticket queue.",15-1212,Insurance fraud / claims investigator,SIU and special investigations — the private-sector cousin of detective work.,13-1031,Compliance officer,"Policy as an operating constraint inside a company, hospital, or campus.",13-1041
43.0407,Geospatial Intelligence,Homeland Security,other,cip2,Homeland Security / Criminal Justice,first-line supervisors of police and detectives,Information security analyst,"Identity, logging, and controls — investigations without a ticket queue.",15-1212,Insurance fraud / claims investigator,SIU and special investigations — the private-sector cousin of detective work.,13-1031,Compliance officer,"Policy as an operating constraint inside a company, hospital, or campus.",13-1041
43.0408,Law Enforcement Intelligence Analysis,Homeland Security,other,cip2,Homeland Security / Criminal Justice,criminal justice and law enforcement teacher,Information security analyst,"Identity, logging, and controls — investigations without a ticket queue.",15-1212,Insurance fraud / claims investigator,SIU and special investigations — the private-sector cousin of detective work.,13-1031,Compliance officer,"Policy as an operating constraint inside a company, hospital, or campus.",13-1041
43.0499,"Security Science and Technology, Other",Homeland Security,other,cip2,Homeland Security / Criminal Justice,first-line supervisors of security workers,Information security analyst,"Identity, logging, and controls — investigations without a ticket queue.",15-1212,Insurance fraud / claims investigator,SIU and special investigations — the private-sector cousin of detective work.,13-1031,Compliance officer,"Policy as an operating constraint inside a company, hospital, or campus.",13-1041
44.0000,"Human Services, General",Public Administration,other,cip2,Public Administration,social and human service assistants,Management analyst,"Process and systems work for an agency, hospital, or contractor.",13-1111,Compliance officer,"Policy as an operating constraint inside a company, hospital, or campus.",13-1041,Health information technologist,"EHR, registries, and quality reporting — the data side of the clinic.",29-9021
44.0201,Community Organization and Advocacy,Public Administration,other,cip2,Public Administration,social and community service managers,Management analyst,"Process and systems work for an agency, hospital, or contractor.",13-1111,Compliance officer,"Policy as an operating constraint inside a company, hospital, or campus.",13-1041,Health information technologist,"EHR, registries, and quality reporting — the data side of the clinic.",29-9021
44.0401,Public Administration,Public Administration,other,cip2,Public Administration,general and operations managers,Management analyst,"Process and systems work for an agency, hospital, or contractor.",13-1111,Compliance officer,"Policy as an operating constraint inside a company, hospital, or campus.",13-1041,Health information technologist,"EHR, registries, and quality reporting — the data side of the clinic.",29-9021
44.0402,Public Works Management,Public Administration,other,cip2,Public Administration,managers,Management analyst,"Process and systems work for an agency, hospital, or contractor.",13-1111,Compliance officer,"Policy as an operating constraint inside a company, hospital, or campus.",13-1041,Health information technologist,"EHR, registries, and quality reporting — the data side of the clinic.",29-9021
44.0403,Transportation and Infrastructure Planning/Studies,Public Administration,other,cip2,Public Administration,transportation,Management analyst,"Process and systems work for an agency, hospital, or contractor.",13-1111,Compliance officer,"Policy as an operating constraint inside a company, hospital, or campus.",13-1041,Health information technologist,"EHR, registries, and quality reporting — the data side of the clinic.",29-9021
44.0499,"Public Administration, Other",Public Administration,other,cip2,Public Administration,managers,Management analyst,"Process and systems work for an agency, hospital, or contractor.",13-1111,Compliance officer,"Policy as an operating constraint inside a company, hospital, or campus.",13-1041,Health information technologist,"EHR, registries, and quality reporting — the data side of the clinic.",29-9021
44.0501,"Public Policy Analysis, General",Public Administration,other,cip2,Public Administration,social science research assistants,Management analyst,"Process and systems work for an agency, hospital, or contractor.",13-1111,Compliance officer,"Policy as an operating constraint inside a company, hospital, or campus.",13-1041,Health information technologist,"EHR, registries, and quality reporting — the data side of the clinic.",29-9021
44.0502,Education Policy Analysis,Public Administration,other,cip2,Public Administration,education teacher,Management analyst,"Process and systems work for an agency, hospital, or contractor.",13-1111,Compliance officer,"Policy as an operating constraint inside a company, hospital, or campus.",13-1041,Health information technologist,"EHR, registries, and quality reporting — the data side of the clinic.",29-9021
44.0503,Health Policy Analysis,Public Administration,other,cip2,Public Administration,medical and health services managers,Management analyst,"Process and systems work for an agency, hospital, or contractor.",13-1111,Compliance officer,"Policy as an operating constraint inside a company, hospital, or campus.",13-1041,Health information technologist,"EHR, registries, and quality reporting — the data side of the clinic.",29-9021
44.0504,International Policy Analysis,Public Administration,other,cip2,Public Administration,social science research assistants,Management analyst,"Process and systems work for an agency, hospital, or contractor.",13-1111,Compliance officer,"Policy as an operating constraint inside a company, hospital, or campus.",13-1041,Health information technologist,"EHR, registries, and quality reporting — the data side of the clinic.",29-9021
44.0701,Social Work,Public Administration,other,cip4,Social Work,child / family social worker,Healthcare care manager,"Utilization, discharge, and complex cases for a health plan or hospital — still SW, different building.",11-9111,Benefits / Medicaid compliance analyst,Eligibility rules and program integrity; the policy side of the caseload.,,Patient navigator / health advocate,"Care coordination sold as operations, often sitting with informatics or population health.",21-1094
44.0702,Youth Services/Administration,Public Administration,other,cip4,Social Work,child / family social worker,Healthcare care manager,"Utilization, discharge, and complex cases for a health plan or hospital — still SW, different building.",11-9111,Benefits / Medicaid compliance analyst,Eligibility rules and program integrity; the policy side of the caseload.,,Patient navigator / health advocate,"Care coordination sold as operations, often sitting with informatics or population health.",21-1094
44.0703,Forensic Social Work,Public Administration,other,cip4,Social Work,child / family social worker,Healthcare care manager,"Utilization, discharge, and complex cases for a health plan or hospital — still SW, different building.",11-9111,Benefits / Medicaid compliance analyst,Eligibility rules and program integrity; the policy side of the caseload.,,Patient navigator / health advocate,"Care coordination sold as operations, often sitting with informatics or population health.",21-1094
44.0799,"Social Work, Other",Public Administration,other,cip4,Social Work,child / family social worker,Healthcare care manager,"Utilization, discharge, and complex cases for a health plan or hospital — still SW, different building.",11-9111,Benefits / Medicaid compliance analyst,Eligibility rules and program integrity; the policy side of the caseload.,,Patient navigator / health advocate,"Care coordination sold as operations, often sitting with informatics or population health.",21-1094
45.0101,"Social Sciences, General",Social Sciences,humanities,cip2,Social Sciences,social sciences teachers,Market research analyst,"Audience and demand research sold to brands, agencies, or policy shops.",13-1161,Management analyst,"Process and systems work for an agency, hospital, or contractor.",13-1111,Urban / regional planning analyst,"Land use, housing, and infrastructure as maps and models.",19-3051
45.0102,Research Methodology and Quantitative Methods,Social Sciences,humanities,cip2,Social Sciences,managers,Market research analyst,"Audience and demand research sold to brands, agencies, or policy shops.",13-1161,Management analyst,"Process and systems work for an agency, hospital, or contractor.",13-1111,Urban / regional planning analyst,"Land use, housing, and infrastructure as maps and models.",19-3051
45.0103,Survey Research/Methodology,Social Sciences,humanities,cip2,Social Sciences,social science research assistants,Market research analyst,"Audience and demand research sold to brands, agencies, or policy shops.",13-1161,Management analyst,"Process and systems work for an agency, hospital, or contractor.",13-1111,Urban / regional planning analyst,"Land use, housing, and infrastructure as maps and models.",19-3051
45.0199,"Social Sciences, Other",Social Sciences,humanities,cip2,Social Sciences,social sciences teachers,Market research analyst,"Audience and demand research sold to brands, agencies, or policy shops.",13-1161,Management analyst,"Process and systems work for an agency, hospital, or contractor.",13-1111,Urban / regional planning analyst,"Land use, housing, and infrastructure as maps and models.",19-3051
45.0201,"Anthropology, General",Social Sciences,humanities,cip2,Social Sciences,anthropology and archeology teacher,Market research analyst,"Audience and demand research sold to brands, agencies, or policy shops.",13-1161,Management analyst,"Process and systems work for an agency, hospital, or contractor.",13-1111,Urban / regional planning analyst,"Land use, housing, and infrastructure as maps and models.",19-3051
45.0202,Physical and Biological Anthropology,Social Sciences,humanities,cip2,Social Sciences,anthropology and archeology teacher,Market research analyst,"Audience and demand research sold to brands, agencies, or policy shops.",13-1161,Management analyst,"Process and systems work for an agency, hospital, or contractor.",13-1111,Urban / regional planning analyst,"Land use, housing, and infrastructure as maps and models.",19-3051
45.0203,Medical Anthropology,Social Sciences,humanities,cip2,Social Sciences,anthropology and archeology teacher,Market research analyst,"Audience and demand research sold to brands, agencies, or policy shops.",13-1161,Management analyst,"Process and systems work for an agency, hospital, or contractor.",13-1111,Urban / regional planning analyst,"Land use, housing, and infrastructure as maps and models.",19-3051
45.0204,Cultural Anthropology,Social Sciences,humanities,cip2,Social Sciences,area,Market research analyst,"Audience and demand research sold to brands, agencies, or policy shops.",13-1161,Management analyst,"Process and systems work for an agency, hospital, or contractor.",13-1111,Urban / regional planning analyst,"Land use, housing, and infrastructure as maps and models.",19-3051
45.0205,Forensic Anthropology,Social Sciences,humanities,cip2,Social Sciences,forensic science technicians,Market research analyst,"Audience and demand research sold to brands, agencies, or policy shops.",13-1161,Management analyst,"Process and systems work for an agency, hospital, or contractor.",13-1111,Urban / regional planning analyst,"Land use, housing, and infrastructure as maps and models.",19-3051
45.0299,"Anthropology, Other",Social Sciences,humanities,cip2,Social Sciences,anthropology and archeology teacher,Market research analyst,"Audience and demand research sold to brands, agencies, or policy shops.",13-1161,Management analyst,"Process and systems work for an agency, hospital, or contractor.",13-1111,Urban / regional planning analyst,"Land use, housing, and infrastructure as maps and models.",19-3051
45.0301,Archeology,Social Sciences,humanities,cip2,Social Sciences,anthropology and archeology teacher,Market research analyst,"Audience and demand research sold to brands, agencies, or policy shops.",13-1161,Management analyst,"Process and systems work for an agency, hospital, or contractor.",13-1111,Urban / regional planning analyst,"Land use, housing, and infrastructure as maps and models.",19-3051
45.0401,Criminology,Social Sciences,humanities,cip2,Social Sciences,managers,Market research analyst,"Audience and demand research sold to brands, agencies, or policy shops.",13-1161,Management analyst,"Process and systems work for an agency, hospital, or contractor.",13-1111,Urban / regional planning analyst,"Land use, housing, and infrastructure as maps and models.",19-3051
45.0501,Demography and Population Studies,Social Sciences,humanities,cip2,Social Sciences,managers,Market research analyst,"Audience and demand research sold to brands, agencies, or policy shops.",13-1161,Management analyst,"Process and systems work for an agency, hospital, or contractor.",13-1111,Urban / regional planning analyst,"Land use, housing, and infrastructure as maps and models.",19-3051
45.0502,Applied Demography,Social Sciences,humanities,cip2,Social Sciences,managers,Market research analyst,"Audience and demand research sold to brands, agencies, or policy shops.",13-1161,Management analyst,"Process and systems work for an agency, hospital, or contractor.",13-1111,Urban / regional planning analyst,"Land use, housing, and infrastructure as maps and models.",19-3051
45.0599,"Demography, Other",Social Sciences,humanities,cip2,Social Sciences,managers,Market research analyst,"Audience and demand research sold to brands, agencies, or policy shops.",13-1161,Management analyst,"Process and systems work for an agency, hospital, or contractor.",13-1111,Urban / regional planning analyst,"Land use, housing, and infrastructure as maps and models.",19-3051
45.0601,"Economics, General",Social Sciences,business,cip4,Economics,financial analyst,Actuary,The insurance-industry use of the same probability the IB internship never asked for.,15-2011,Operations research analyst,"Optimization and experiments inside ops, not a coverage universe.",15-2031,Economic / management consultant,"Litigation support, pricing, and policy shops hire the modeling, not the pitch book.",13-1111
45.0602,Applied Economics,Social Sciences,business,cip4,Economics,financial analyst,Actuary,The insurance-industry use of the same probability the IB internship never asked for.,15-2011,Operations research analyst,"Optimization and experiments inside ops, not a coverage universe.",15-2031,Economic / management consultant,"Litigation support, pricing, and policy shops hire the modeling, not the pitch book.",13-1111
45.0603,Econometrics and Quantitative Economics,Social Sciences,business,cip4,Economics,financial analyst,Actuary,The insurance-industry use of the same probability the IB internship never asked for.,15-2011,Operations research analyst,"Optimization and experiments inside ops, not a coverage universe.",15-2031,Economic / management consultant,"Litigation support, pricing, and policy shops hire the modeling, not the pitch book.",13-1111
45.0604,Development Economics and International Development,Social Sciences,business,cip4,Economics,financial analyst,Actuary,The insurance-industry use of the same probability the IB internship never asked for.,15-2011,Operations research analyst,"Optimization and experiments inside ops, not a coverage universe.",15-2031,Economic / management consultant,"Litigation support, pricing, and policy shops hire the modeling, not the pitch book.",13-1111
45.0605,International Economics,Social Sciences,business,cip4,Economics,financial analyst,Actuary,The insurance-industry use of the same probability the IB internship never asked for.,15-2011,Operations research analyst,"Optimization and experiments inside ops, not a coverage universe.",15-2031,Economic / management consultant,"Litigation support, pricing, and policy shops hire the modeling, not the pitch book.",13-1111
45.0699,"Economics, Other",Social Sciences,business,cip4,Economics,financial analyst,Actuary,The insurance-industry use of the same probability the IB internship never asked for.,15-2011,Operations research analyst,"Optimization and experiments inside ops, not a coverage universe.",15-2031,Economic / management consultant,"Litigation support, pricing, and policy shops hire the modeling, not the pitch book.",13-1111
45.0701,Geography,Social Sciences,humanities,cip2,Social Sciences,geography teacher,Market research analyst,"Audience and demand research sold to brands, agencies, or policy shops.",13-1161,Management analyst,"Process and systems work for an agency, hospital, or contractor.",13-1111,Urban / regional planning analyst,"Land use, housing, and infrastructure as maps and models.",19-3051
45.0702,Geographic Information Science and Cartography,Social Sciences,humanities,cip2,Social Sciences,managers,Market research analyst,"Audience and demand research sold to brands, agencies, or policy shops.",13-1161,Management analyst,"Process and systems work for an agency, hospital, or contractor.",13-1111,Urban / regional planning analyst,"Land use, housing, and infrastructure as maps and models.",19-3051
45.0799,"Geography, Other",Social Sciences,humanities,cip2,Social Sciences,geography teacher,Market research analyst,"Audience and demand research sold to brands, agencies, or policy shops.",13-1161,Management analyst,"Process and systems work for an agency, hospital, or contractor.",13-1111,Urban / regional planning analyst,"Land use, housing, and infrastructure as maps and models.",19-3051
45.0901,International Relations and Affairs,Social Sciences,humanities,cip2,Social Sciences,managers,Market research analyst,"Audience and demand research sold to brands, agencies, or policy shops.",13-1161,Management analyst,"Process and systems work for an agency, hospital, or contractor.",13-1111,Urban / regional planning analyst,"Land use, housing, and infrastructure as maps and models.",19-3051
45.0902,National Security Policy Studies,Social Sciences,humanities,cip2,Social Sciences,managers,Market research analyst,"Audience and demand research sold to brands, agencies, or policy shops.",13-1161,Management analyst,"Process and systems work for an agency, hospital, or contractor.",13-1111,Urban / regional planning analyst,"Land use, housing, and infrastructure as maps and models.",19-3051
45.0999,"International Relations and National Security Studies, Other",Social Sciences,humanities,cip2,Social Sciences,managers,Market research analyst,"Audience and demand research sold to brands, agencies, or policy shops.",13-1161,Management analyst,"Process and systems work for an agency, hospital, or contractor.",13-1111,Urban / regional planning analyst,"Land use, housing, and infrastructure as maps and models.",19-3051
45.1001,"Political Science and Government, General",Social Sciences,humanities,cip4,Political Science,legislative aide or law school,Management analyst (digital service / gov),Process and systems work for an agency or a contractor — not a Hill desk.,13-1111,Compliance officer,Policy as an operating constraint inside a company.,13-1041,Public-affairs / polling researcher,"Opinion and stakeholder research for campaigns, firms, or corporates.",
45.1002,American Government and Politics (United States),Social Sciences,humanities,cip4,Political Science,legislative aide or law school,Management analyst (digital service / gov),Process and systems work for an agency or a contractor — not a Hill desk.,13-1111,Compliance officer,Policy as an operating constraint inside a company.,13-1041,Public-affairs / polling researcher,"Opinion and stakeholder research for campaigns, firms, or corporates.",
45.1003,Canadian Government and Politics,Social Sciences,humanities,cip4,Political Science,legislative aide or law school,Management analyst (digital service / gov),Process and systems work for an agency or a contractor — not a Hill desk.,13-1111,Compliance officer,Policy as an operating constraint inside a company.,13-1041,Public-affairs / polling researcher,"Opinion and stakeholder research for campaigns, firms, or corporates.",
45.1004,Political Economy,Social Sciences,humanities,cip4,Political Science,legislative aide or law school,Management analyst (digital service / gov),Process and systems work for an agency or a contractor — not a Hill desk.,13-1111,Compliance officer,Policy as an operating constraint inside a company.,13-1041,Public-affairs / polling researcher,"Opinion and stakeholder research for campaigns, firms, or corporates.",
45.1099,"Political Science and Government, Other",Social Sciences,humanities,cip4,Political Science,legislative aide or law school,Management analyst (digital service / gov),Process and systems work for an agency or a contractor — not a Hill desk.,13-1111,Compliance officer,Policy as an operating constraint inside a company.,13-1041,Public-affairs / polling researcher,"Opinion and stakeholder research for campaigns, firms, or corporates.",
45.1101,"Sociology, General",Social Sciences,other,cip4,Sociology,social researcher or caseworker,Market research / insights analyst,"Groups, norms, and survey design — sold to brands.",13-1161,People analytics specialist,"Organizations as a dataset, sitting in HR or a people team.",,Urban / regional planning analyst,"Housing, transit, and neighborhood data for a city or a consultancy.",19-3051
45.1102,Applied/Public Sociology,Social Sciences,other,cip4,Sociology,social researcher or caseworker,Market research / insights analyst,"Groups, norms, and survey design — sold to brands.",13-1161,People analytics specialist,"Organizations as a dataset, sitting in HR or a people team.",,Urban / regional planning analyst,"Housing, transit, and neighborhood data for a city or a consultancy.",19-3051
45.1103,Rural Sociology,Social Sciences,other,cip4,Sociology,social researcher or caseworker,Market research / insights analyst,"Groups, norms, and survey design — sold to brands.",13-1161,People analytics specialist,"Organizations as a dataset, sitting in HR or a people team.",,Urban / regional planning analyst,"Housing, transit, and neighborhood data for a city or a consultancy.",19-3051
45.1199,"Sociology, Other",Social Sciences,other,cip4,Sociology,social researcher or caseworker,Market research / insights analyst,"Groups, norms, and survey design — sold to brands.",13-1161,People analytics specialist,"Organizations as a dataset, sitting in HR or a people team.",,Urban / regional planning analyst,"Housing, transit, and neighborhood data for a city or a consultancy.",19-3051
45.1201,Urban Studies/Affairs,Social Sciences,humanities,cip2,Social Sciences,urban and regional planners,Market research analyst,"Audience and demand research sold to brands, agencies, or policy shops.",13-1161,Management analyst,"Process and systems work for an agency, hospital, or contractor.",13-1111,Urban / regional planning analyst,"Land use, housing, and infrastructure as maps and models.",19-3051
45.1301,Sociology and Anthropology,Social Sciences,humanities,cip2,Social Sciences,sociology teacher,Market research analyst,"Audience and demand research sold to brands, agencies, or policy shops.",13-1161,Management analyst,"Process and systems work for an agency, hospital, or contractor.",13-1111,Urban / regional planning analyst,"Land use, housing, and infrastructure as maps and models.",19-3051
45.1501,Geography and Anthropology,Social Sciences,humanities,cip2,Social Sciences,anthropology and archeology teacher,Market research analyst,"Audience and demand research sold to brands, agencies, or policy shops.",13-1161,Management analyst,"Process and systems work for an agency, hospital, or contractor.",13-1111,Urban / regional planning analyst,"Land use, housing, and infrastructure as maps and models.",19-3051
45.9999,"Social Sciences, Other",Social Sciences,humanities,cip2,Social Sciences,social sciences teachers,Market research analyst,"Audience and demand research sold to brands, agencies, or policy shops.",13-1161,Management analyst,"Process and systems work for an agency, hospital, or contractor.",13-1111,Urban / regional planning analyst,"Land use, housing, and infrastructure as maps and models.",19-3051
46.0000,"Construction Trades, General",Construction Trades,engineering,cip2,Construction Trades,first-line supervisors of construction trades and extraction workers,Cost estimator,The bid is the product. Read a drawing or a spec and price it.,13-1051,Systems analyst (implementation),"You stand up the software other people bought — project work, not a rotation.",15-1211,Occupational health specialist,"Workplace injury, exposure, and return-to-work at employers and insurers.",19-5011
46.0101,Mason/Masonry,Construction Trades,engineering,cip2,Construction Trades,first-line supervisors of construction trades and extraction workers,Cost estimator,The bid is the product. Read a drawing or a spec and price it.,13-1051,Systems analyst (implementation),"You stand up the software other people bought — project work, not a rotation.",15-1211,Occupational health specialist,"Workplace injury, exposure, and return-to-work at employers and insurers.",19-5011
46.0201,Carpentry/Carpenter,Construction Trades,engineering,cip2,Construction Trades,first-line supervisors of construction trades and extraction workers,Cost estimator,The bid is the product. Read a drawing or a spec and price it.,13-1051,Systems analyst (implementation),"You stand up the software other people bought — project work, not a rotation.",15-1211,Occupational health specialist,"Workplace injury, exposure, and return-to-work at employers and insurers.",19-5011
46.0301,"Electrical and Power Transmission Installation/Installer, General",Construction Trades,engineering,cip2,Construction Trades,electrical power-line installers and repairers,Cost estimator,The bid is the product. Read a drawing or a spec and price it.,13-1051,Systems analyst (implementation),"You stand up the software other people bought — project work, not a rotation.",15-1211,Occupational health specialist,"Workplace injury, exposure, and return-to-work at employers and insurers.",19-5011
46.0302,Electrician,Construction Trades,engineering,cip2,Construction Trades,electricians,Cost estimator,The bid is the product. Read a drawing or a spec and price it.,13-1051,Systems analyst (implementation),"You stand up the software other people bought — project work, not a rotation.",15-1211,Occupational health specialist,"Workplace injury, exposure, and return-to-work at employers and insurers.",19-5011
46.0303,Lineworker,Construction Trades,engineering,cip2,Construction Trades,first-line supervisors of mechanics,Cost estimator,The bid is the product. Read a drawing or a spec and price it.,13-1051,Systems analyst (implementation),"You stand up the software other people bought — project work, not a rotation.",15-1211,Occupational health specialist,"Workplace injury, exposure, and return-to-work at employers and insurers.",19-5011
46.0399,"Electrical and Power Transmission Installers, Other",Construction Trades,engineering,cip2,Construction Trades,electrical power-line installers and repairers,Cost estimator,The bid is the product. Read a drawing or a spec and price it.,13-1051,Systems analyst (implementation),"You stand up the software other people bought — project work, not a rotation.",15-1211,Occupational health specialist,"Workplace injury, exposure, and return-to-work at employers and insurers.",19-5011
46.0401,Building/Property Maintenance,Construction Trades,engineering,cip2,Construction Trades,maintenance and repair workers,Cost estimator,The bid is the product. Read a drawing or a spec and price it.,13-1051,Systems analyst (implementation),"You stand up the software other people bought — project work, not a rotation.",15-1211,Occupational health specialist,"Workplace injury, exposure, and return-to-work at employers and insurers.",19-5011
46.0402,Concrete Finishing/Concrete Finisher,Construction Trades,engineering,cip2,Construction Trades,cement masons and concrete finishers,Cost estimator,The bid is the product. Read a drawing or a spec and price it.,13-1051,Systems analyst (implementation),"You stand up the software other people bought — project work, not a rotation.",15-1211,Occupational health specialist,"Workplace injury, exposure, and return-to-work at employers and insurers.",19-5011
46.0403,Building/Home/Construction Inspection/Inspector,Construction Trades,engineering,cip2,Construction Trades,construction and building inspectors,Cost estimator,The bid is the product. Read a drawing or a spec and price it.,13-1051,Systems analyst (implementation),"You stand up the software other people bought — project work, not a rotation.",15-1211,Occupational health specialist,"Workplace injury, exposure, and return-to-work at employers and insurers.",19-5011
46.0404,Drywall Installation/Drywaller,Construction Trades,engineering,cip2,Construction Trades,drywall and ceiling tile installers,Cost estimator,The bid is the product. Read a drawing or a spec and price it.,13-1051,Systems analyst (implementation),"You stand up the software other people bought — project work, not a rotation.",15-1211,Occupational health specialist,"Workplace injury, exposure, and return-to-work at employers and insurers.",19-5011
46.0406,Glazier,Construction Trades,engineering,cip2,Construction Trades,first-line supervisors of construction trades and extraction workers,Cost estimator,The bid is the product. Read a drawing or a spec and price it.,13-1051,Systems analyst (implementation),"You stand up the software other people bought — project work, not a rotation.",15-1211,Occupational health specialist,"Workplace injury, exposure, and return-to-work at employers and insurers.",19-5011
46.0408,Painting/Painter and Wall Coverer,Construction Trades,engineering,cip2,Construction Trades,first-line supervisors of construction trades and extraction workers,Cost estimator,The bid is the product. Read a drawing or a spec and price it.,13-1051,Systems analyst (implementation),"You stand up the software other people bought — project work, not a rotation.",15-1211,Occupational health specialist,"Workplace injury, exposure, and return-to-work at employers and insurers.",19-5011
46.0410,Roofer,Construction Trades,engineering,cip2,Construction Trades,first-line supervisors of construction trades and extraction workers,Cost estimator,The bid is the product. Read a drawing or a spec and price it.,13-1051,Systems analyst (implementation),"You stand up the software other people bought — project work, not a rotation.",15-1211,Occupational health specialist,"Workplace injury, exposure, and return-to-work at employers and insurers.",19-5011
46.0411,Metal Building Assembly/Assembler,Construction Trades,engineering,cip2,Construction Trades,structural iron and steel workers,Cost estimator,The bid is the product. Read a drawing or a spec and price it.,13-1051,Systems analyst (implementation),"You stand up the software other people bought — project work, not a rotation.",15-1211,Occupational health specialist,"Workplace injury, exposure, and return-to-work at employers and insurers.",19-5011
46.0412,Building/Construction Site Management/Manager,Construction Trades,engineering,cip2,Construction Trades,first-line supervisors of construction trades and extraction workers,Cost estimator,The bid is the product. Read a drawing or a spec and price it.,13-1051,Systems analyst (implementation),"You stand up the software other people bought — project work, not a rotation.",15-1211,Occupational health specialist,"Workplace injury, exposure, and return-to-work at employers and insurers.",19-5011
46.0413,"Carpet, Floor, and Tile Worker",Construction Trades,engineering,cip2,Construction Trades,floor layers,Cost estimator,The bid is the product. Read a drawing or a spec and price it.,13-1051,Systems analyst (implementation),"You stand up the software other people bought — project work, not a rotation.",15-1211,Occupational health specialist,"Workplace injury, exposure, and return-to-work at employers and insurers.",19-5011
46.0414,Insulator,Construction Trades,engineering,cip2,Construction Trades,first-line supervisors of construction trades and extraction workers,Cost estimator,The bid is the product. Read a drawing or a spec and price it.,13-1051,Systems analyst (implementation),"You stand up the software other people bought — project work, not a rotation.",15-1211,Occupational health specialist,"Workplace injury, exposure, and return-to-work at employers and insurers.",19-5011
46.0415,Building Construction Technology/Technician,Construction Trades,engineering,cip2,Construction Trades,first-line supervisors of construction trades and extraction workers,Cost estimator,The bid is the product. Read a drawing or a spec and price it.,13-1051,Systems analyst (implementation),"You stand up the software other people bought — project work, not a rotation.",15-1211,Occupational health specialist,"Workplace injury, exposure, and return-to-work at employers and insurers.",19-5011
46.0502,Pipefitting/Pipefitter and Sprinkler Fitter,Construction Trades,engineering,cip2,Construction Trades,first-line supervisors of construction trades and extraction workers,Cost estimator,The bid is the product. Read a drawing or a spec and price it.,13-1051,Systems analyst (implementation),"You stand up the software other people bought — project work, not a rotation.",15-1211,Occupational health specialist,"Workplace injury, exposure, and return-to-work at employers and insurers.",19-5011
46.0503,Plumbing Technology/Plumber,Construction Trades,engineering,cip2,Construction Trades,first-line supervisors of construction trades and extraction workers,Cost estimator,The bid is the product. Read a drawing or a spec and price it.,13-1051,Systems analyst (implementation),"You stand up the software other people bought — project work, not a rotation.",15-1211,Occupational health specialist,"Workplace injury, exposure, and return-to-work at employers and insurers.",19-5011
46.0504,Well Drilling/Driller,Construction Trades,engineering,cip2,Construction Trades,first-line supervisors of construction trades and extraction workers,Cost estimator,The bid is the product. Read a drawing or a spec and price it.,13-1051,Systems analyst (implementation),"You stand up the software other people bought — project work, not a rotation.",15-1211,Occupational health specialist,"Workplace injury, exposure, and return-to-work at employers and insurers.",19-5011
46.0505,Blasting/Blaster,Construction Trades,engineering,cip2,Construction Trades,first-line supervisors of construction trades and extraction workers,Cost estimator,The bid is the product. Read a drawing or a spec and price it.,13-1051,Systems analyst (implementation),"You stand up the software other people bought — project work, not a rotation.",15-1211,Occupational health specialist,"Workplace injury, exposure, and return-to-work at employers and insurers.",19-5011
46.0599,"Plumbing and Related Water Supply Services, Other",Construction Trades,engineering,cip2,Construction Trades,plumbers,Cost estimator,The bid is the product. Read a drawing or a spec and price it.,13-1051,Systems analyst (implementation),"You stand up the software other people bought — project work, not a rotation.",15-1211,Occupational health specialist,"Workplace injury, exposure, and return-to-work at employers and insurers.",19-5011
47.0000,"Mechanics and Repairers, General",Mechanic Technologies,other,cip2,Mechanic Technologies,first-line supervisors of mechanics,Sales engineer,"Technical brain on the sales call: demos, POCs, architecture.",41-9031,Occupational health specialist,"Workplace injury, exposure, and return-to-work at employers and insurers.",19-5011,Logistician,"Inventory, freight, and network design; operations with a real constraint set.",13-1081
47.0101,"Electrical/Electronics Equipment Installation and Repair Technology/Technician, General",Mechanic Technologies,other,cip2,Mechanic Technologies,installation,Sales engineer,"Technical brain on the sales call: demos, POCs, architecture.",41-9031,Occupational health specialist,"Workplace injury, exposure, and return-to-work at employers and insurers.",19-5011,Logistician,"Inventory, freight, and network design; operations with a real constraint set.",13-1081
47.0102,Business Machine Repair,Mechanic Technologies,other,cip2,Mechanic Technologies,computer,Sales engineer,"Technical brain on the sales call: demos, POCs, architecture.",41-9031,Occupational health specialist,"Workplace injury, exposure, and return-to-work at employers and insurers.",19-5011,Logistician,"Inventory, freight, and network design; operations with a real constraint set.",13-1081
47.0103,Communications Systems Installation and Repair Technology/Technician,Mechanic Technologies,other,cip2,Mechanic Technologies,communications equipment operators,Sales engineer,"Technical brain on the sales call: demos, POCs, architecture.",41-9031,Occupational health specialist,"Workplace injury, exposure, and return-to-work at employers and insurers.",19-5011,Logistician,"Inventory, freight, and network design; operations with a real constraint set.",13-1081
47.0104,Computer Installation and Repair Technology/Technician,Mechanic Technologies,other,cip2,Mechanic Technologies,computer,Sales engineer,"Technical brain on the sales call: demos, POCs, architecture.",41-9031,Occupational health specialist,"Workplace injury, exposure, and return-to-work at employers and insurers.",19-5011,Logistician,"Inventory, freight, and network design; operations with a real constraint set.",13-1081
47.0105,Industrial Electronics Technology/Technician,Mechanic Technologies,other,cip2,Mechanic Technologies,electrical and electronics repairers,Sales engineer,"Technical brain on the sales call: demos, POCs, architecture.",41-9031,Occupational health specialist,"Workplace injury, exposure, and return-to-work at employers and insurers.",19-5011,Logistician,"Inventory, freight, and network design; operations with a real constraint set.",13-1081
47.0106,Appliance Installation and Repair Technology/Technician,Mechanic Technologies,other,cip2,Mechanic Technologies,home appliance repairers,Sales engineer,"Technical brain on the sales call: demos, POCs, architecture.",41-9031,Occupational health specialist,"Workplace injury, exposure, and return-to-work at employers and insurers.",19-5011,Logistician,"Inventory, freight, and network design; operations with a real constraint set.",13-1081
47.0110,"Security System Installation, Repair, and Inspection Technology/Technician",Mechanic Technologies,other,cip2,Mechanic Technologies,security and fire alarm systems installers,Sales engineer,"Technical brain on the sales call: demos, POCs, architecture.",41-9031,Occupational health specialist,"Workplace injury, exposure, and return-to-work at employers and insurers.",19-5011,Logistician,"Inventory, freight, and network design; operations with a real constraint set.",13-1081
47.0199,"Electrical/Electronics Maintenance and Repair Technologies/Technicians, Other",Mechanic Technologies,other,cip2,Mechanic Technologies,electrical and electronics repairers,Sales engineer,"Technical brain on the sales call: demos, POCs, architecture.",41-9031,Occupational health specialist,"Workplace injury, exposure, and return-to-work at employers and insurers.",19-5011,Logistician,"Inventory, freight, and network design; operations with a real constraint set.",13-1081
47.0201,"Heating, Air Conditioning, Ventilation and Refrigeration Maintenance Technology/Technician",Mechanic Technologies,other,cip2,Mechanic Technologies,heating,Sales engineer,"Technical brain on the sales call: demos, POCs, architecture.",41-9031,Occupational health specialist,"Workplace injury, exposure, and return-to-work at employers and insurers.",19-5011,Logistician,"Inventory, freight, and network design; operations with a real constraint set.",13-1081
47.0302,Heavy Equipment Maintenance Technology/Technician,Mechanic Technologies,other,cip2,Mechanic Technologies,mobile heavy equipment mechanics,Sales engineer,"Technical brain on the sales call: demos, POCs, architecture.",41-9031,Occupational health specialist,"Workplace injury, exposure, and return-to-work at employers and insurers.",19-5011,Logistician,"Inventory, freight, and network design; operations with a real constraint set.",13-1081
47.0303,Industrial Mechanics and Maintenance Technology/Technician,Mechanic Technologies,other,cip2,Mechanic Technologies,industrial machinery mechanics,Sales engineer,"Technical brain on the sales call: demos, POCs, architecture.",41-9031,Occupational health specialist,"Workplace injury, exposure, and return-to-work at employers and insurers.",19-5011,Logistician,"Inventory, freight, and network design; operations with a real constraint set.",13-1081
47.0402,Gunsmithing/Gunsmith,Mechanic Technologies,other,cip2,Mechanic Technologies,installation,Sales engineer,"Technical brain on the sales call: demos, POCs, architecture.",41-9031,Occupational health specialist,"Workplace injury, exposure, and return-to-work at employers and insurers.",19-5011,Logistician,"Inventory, freight, and network design; operations with a real constraint set.",13-1081
47.0403,Locksmithing and Safe Repair,Mechanic Technologies,other,cip2,Mechanic Technologies,locksmiths and safe repairers,Sales engineer,"Technical brain on the sales call: demos, POCs, architecture.",41-9031,Occupational health specialist,"Workplace injury, exposure, and return-to-work at employers and insurers.",19-5011,Logistician,"Inventory, freight, and network design; operations with a real constraint set.",13-1081
47.0404,Musical Instrument Fabrication and Repair,Mechanic Technologies,other,cip2,Mechanic Technologies,musical instrument repairers and tuners,Sales engineer,"Technical brain on the sales call: demos, POCs, architecture.",41-9031,Occupational health specialist,"Workplace injury, exposure, and return-to-work at employers and insurers.",19-5011,Logistician,"Inventory, freight, and network design; operations with a real constraint set.",13-1081
47.0408,Watchmaking and Jewelrymaking,Mechanic Technologies,other,cip2,Mechanic Technologies,jewelers and precious stone and metal workers,Sales engineer,"Technical brain on the sales call: demos, POCs, architecture.",41-9031,Occupational health specialist,"Workplace injury, exposure, and return-to-work at employers and insurers.",19-5011,Logistician,"Inventory, freight, and network design; operations with a real constraint set.",13-1081
47.0409,Parts and Warehousing Operations and Maintenance Technology/Technician,Mechanic Technologies,other,cip2,Mechanic Technologies,installation,Sales engineer,"Technical brain on the sales call: demos, POCs, architecture.",41-9031,Occupational health specialist,"Workplace injury, exposure, and return-to-work at employers and insurers.",19-5011,Logistician,"Inventory, freight, and network design; operations with a real constraint set.",13-1081
47.0499,"Precision Systems Maintenance and Repair Technologies/Technicians, Other",Mechanic Technologies,other,cip2,Mechanic Technologies,precision instrument and equipment repairers,Sales engineer,"Technical brain on the sales call: demos, POCs, architecture.",41-9031,Occupational health specialist,"Workplace injury, exposure, and return-to-work at employers and insurers.",19-5011,Logistician,"Inventory, freight, and network design; operations with a real constraint set.",13-1081
47.0600,"Vehicle Maintenance and Repair Technology/Technician, General",Mechanic Technologies,other,cip4,Vehicle Maintenance,auto mechanic,Service / parts sales specialist,You specify tools and parts for shops — the commercial side of the bay.,41-9031,Occupational health specialist,"Workplace injury, exposure, and return-to-work at employers and insurers.",19-5011,Logistician,"Inventory, freight, and network design; operations with a real constraint set.",13-1081
47.0603,Autobody/Collision and Repair Technology/Technician,Mechanic Technologies,other,cip4,Vehicle Maintenance,auto mechanic,Service / parts sales specialist,You specify tools and parts for shops — the commercial side of the bay.,41-9031,Occupational health specialist,"Workplace injury, exposure, and return-to-work at employers and insurers.",19-5011,Logistician,"Inventory, freight, and network design; operations with a real constraint set.",13-1081
47.0604,Automobile/Automotive Mechanics Technology/Technician,Mechanic Technologies,other,cip4,Vehicle Maintenance,auto mechanic,Service / parts sales specialist,You specify tools and parts for shops — the commercial side of the bay.,41-9031,Occupational health specialist,"Workplace injury, exposure, and return-to-work at employers and insurers.",19-5011,Logistician,"Inventory, freight, and network design; operations with a real constraint set.",13-1081
47.0605,Diesel Mechanics Technology/Technician,Mechanic Technologies,other,cip4,Vehicle Maintenance,auto mechanic,Service / parts sales specialist,You specify tools and parts for shops — the commercial side of the bay.,41-9031,Occupational health specialist,"Workplace injury, exposure, and return-to-work at employers and insurers.",19-5011,Logistician,"Inventory, freight, and network design; operations with a real constraint set.",13-1081
47.0606,Small Engine Mechanics and Repair Technology/Technician,Mechanic Technologies,other,cip4,Vehicle Maintenance,auto mechanic,Service / parts sales specialist,You specify tools and parts for shops — the commercial side of the bay.,41-9031,Occupational health specialist,"Workplace injury, exposure, and return-to-work at employers and insurers.",19-5011,Logistician,"Inventory, freight, and network design; operations with a real constraint set.",13-1081
47.0607,Airframe Mechanics and Aircraft Maintenance Technology/Technician,Mechanic Technologies,other,cip4,Vehicle Maintenance,auto mechanic,Service / parts sales specialist,You specify tools and parts for shops — the commercial side of the bay.,41-9031,Occupational health specialist,"Workplace injury, exposure, and return-to-work at employers and insurers.",19-5011,Logistician,"Inventory, freight, and network design; operations with a real constraint set.",13-1081
47.0608,Aircraft Powerplant Technology/Technician,Mechanic Technologies,other,cip4,Vehicle Maintenance,auto mechanic,Service / parts sales specialist,You specify tools and parts for shops — the commercial side of the bay.,41-9031,Occupational health specialist,"Workplace injury, exposure, and return-to-work at employers and insurers.",19-5011,Logistician,"Inventory, freight, and network design; operations with a real constraint set.",13-1081
47.0609,Avionics Maintenance Technology/Technician,Mechanic Technologies,other,cip4,Vehicle Maintenance,auto mechanic,Service / parts sales specialist,You specify tools and parts for shops — the commercial side of the bay.,41-9031,Occupational health specialist,"Workplace injury, exposure, and return-to-work at employers and insurers.",19-5011,Logistician,"Inventory, freight, and network design; operations with a real constraint set.",13-1081
47.0610,Bicycle Mechanics and Repair Technology/Technician,Mechanic Technologies,other,cip4,Vehicle Maintenance,auto mechanic,Service / parts sales specialist,You specify tools and parts for shops — the commercial side of the bay.,41-9031,Occupational health specialist,"Workplace injury, exposure, and return-to-work at employers and insurers.",19-5011,Logistician,"Inventory, freight, and network design; operations with a real constraint set.",13-1081
47.0611,Motorcycle Maintenance and Repair Technology/Technician,Mechanic Technologies,other,cip4,Vehicle Maintenance,auto mechanic,Service / parts sales specialist,You specify tools and parts for shops — the commercial side of the bay.,41-9031,Occupational health specialist,"Workplace injury, exposure, and return-to-work at employers and insurers.",19-5011,Logistician,"Inventory, freight, and network design; operations with a real constraint set.",13-1081
47.0612,Vehicle Emissions Inspection and Maintenance Technology/Technician,Mechanic Technologies,other,cip4,Vehicle Maintenance,auto mechanic,Service / parts sales specialist,You specify tools and parts for shops — the commercial side of the bay.,41-9031,Occupational health specialist,"Workplace injury, exposure, and return-to-work at employers and insurers.",19-5011,Logistician,"Inventory, freight, and network design; operations with a real constraint set.",13-1081
47.0613,Medium/Heavy Vehicle and Truck Technology/Technician,Mechanic Technologies,other,cip4,Vehicle Maintenance,auto mechanic,Service / parts sales specialist,You specify tools and parts for shops — the commercial side of the bay.,41-9031,Occupational health specialist,"Workplace injury, exposure, and return-to-work at employers and insurers.",19-5011,Logistician,"Inventory, freight, and network design; operations with a real constraint set.",13-1081
47.0614,Alternative Fuel Vehicle Technology/Technician,Mechanic Technologies,other,cip4,Vehicle Maintenance,auto mechanic,Service / parts sales specialist,You specify tools and parts for shops — the commercial side of the bay.,41-9031,Occupational health specialist,"Workplace injury, exposure, and return-to-work at employers and insurers.",19-5011,Logistician,"Inventory, freight, and network design; operations with a real constraint set.",13-1081
47.0615,Engine Machinist,Mechanic Technologies,other,cip4,Vehicle Maintenance,auto mechanic,Service / parts sales specialist,You specify tools and parts for shops — the commercial side of the bay.,41-9031,Occupational health specialist,"Workplace injury, exposure, and return-to-work at employers and insurers.",19-5011,Logistician,"Inventory, freight, and network design; operations with a real constraint set.",13-1081
47.0616,Marine Maintenance/Fitter and Ship Repair Technology/Technician,Mechanic Technologies,other,cip4,Vehicle Maintenance,auto mechanic,Service / parts sales specialist,You specify tools and parts for shops — the commercial side of the bay.,41-9031,Occupational health specialist,"Workplace injury, exposure, and return-to-work at employers and insurers.",19-5011,Logistician,"Inventory, freight, and network design; operations with a real constraint set.",13-1081
47.0617,High Performance and Custom Engine Technician/Mechanic,Mechanic Technologies,other,cip4,Vehicle Maintenance,auto mechanic,Service / parts sales specialist,You specify tools and parts for shops — the commercial side of the bay.,41-9031,Occupational health specialist,"Workplace injury, exposure, and return-to-work at employers and insurers.",19-5011,Logistician,"Inventory, freight, and network design; operations with a real constraint set.",13-1081
47.0618,Recreation Vehicle (RV) Service Technician,Mechanic Technologies,other,cip4,Vehicle Maintenance,auto mechanic,Service / parts sales specialist,You specify tools and parts for shops — the commercial side of the bay.,41-9031,Occupational health specialist,"Workplace injury, exposure, and return-to-work at employers and insurers.",19-5011,Logistician,"Inventory, freight, and network design; operations with a real constraint set.",13-1081
47.0701,Energy Systems Installation and Repair Technology/Technician,Mechanic Technologies,other,cip2,Mechanic Technologies,installation,Sales engineer,"Technical brain on the sales call: demos, POCs, architecture.",41-9031,Occupational health specialist,"Workplace injury, exposure, and return-to-work at employers and insurers.",19-5011,Logistician,"Inventory, freight, and network design; operations with a real constraint set.",13-1081
47.0703,Solar Energy System Installation and Repair Technology/Technician,Mechanic Technologies,other,cip2,Mechanic Technologies,installation,Sales engineer,"Technical brain on the sales call: demos, POCs, architecture.",41-9031,Occupational health specialist,"Workplace injury, exposure, and return-to-work at employers and insurers.",19-5011,Logistician,"Inventory, freight, and network design; operations with a real constraint set.",13-1081
47.0704,Wind Energy System Installation and Repair Technology/Technician,Mechanic Technologies,other,cip2,Mechanic Technologies,wind turbine service technicians,Sales engineer,"Technical brain on the sales call: demos, POCs, architecture.",41-9031,Occupational health specialist,"Workplace injury, exposure, and return-to-work at employers and insurers.",19-5011,Logistician,"Inventory, freight, and network design; operations with a real constraint set.",13-1081
47.0705,Hydroelectric Energy System Installation and Repair Technology/Technician,Mechanic Technologies,other,cip2,Mechanic Technologies,installation,Sales engineer,"Technical brain on the sales call: demos, POCs, architecture.",41-9031,Occupational health specialist,"Workplace injury, exposure, and return-to-work at employers and insurers.",19-5011,Logistician,"Inventory, freight, and network design; operations with a real constraint set.",13-1081
47.0706,Geothermal Energy System Installation and Repair Technology/Technician,Mechanic Technologies,other,cip2,Mechanic Technologies,installation,Sales engineer,"Technical brain on the sales call: demos, POCs, architecture.",41-9031,Occupational health specialist,"Workplace injury, exposure, and return-to-work at employers and insurers.",19-5011,Logistician,"Inventory, freight, and network design; operations with a real constraint set.",13-1081
47.0799,"Energy Systems Maintenance and Repair Technologies/Technicians, Other",Mechanic Technologies,other,cip2,Mechanic Technologies,installation,Sales engineer,"Technical brain on the sales call: demos, POCs, architecture.",41-9031,Occupational health specialist,"Workplace injury, exposure, and return-to-work at employers and insurers.",19-5011,Logistician,"Inventory, freight, and network design; operations with a real constraint set.",13-1081
48.0303,Upholstery/Upholsterer,Precision Production,engineering,cip2,Precision Production,upholsterers,Systems analyst (implementation),"You stand up the software other people bought — project work, not a rotation.",15-1211,Cost estimator,The bid is the product. Read a drawing or a spec and price it.,13-1051,Regulatory / quality associate,"Filings, CAPA, and specs — the paperwork that lets the work ship.",13-1041
48.0304,"Shoe, Boot and Leather Repair",Precision Production,engineering,cip2,Precision Production,shoe and leather workers and repairers,Systems analyst (implementation),"You stand up the software other people bought — project work, not a rotation.",15-1211,Cost estimator,The bid is the product. Read a drawing or a spec and price it.,13-1051,Regulatory / quality associate,"Filings, CAPA, and specs — the paperwork that lets the work ship.",13-1041
48.0501,Machine Tool Technology/Machinist,Precision Production,engineering,cip2,Precision Production,multiple machine tool setters,Systems analyst (implementation),"You stand up the software other people bought — project work, not a rotation.",15-1211,Cost estimator,The bid is the product. Read a drawing or a spec and price it.,13-1051,Regulatory / quality associate,"Filings, CAPA, and specs — the paperwork that lets the work ship.",13-1041
48.0503,Machine Shop Technology/Assistant,Precision Production,engineering,cip2,Precision Production,multiple machine tool setters,Systems analyst (implementation),"You stand up the software other people bought — project work, not a rotation.",15-1211,Cost estimator,The bid is the product. Read a drawing or a spec and price it.,13-1051,Regulatory / quality associate,"Filings, CAPA, and specs — the paperwork that lets the work ship.",13-1041
48.0506,Sheet Metal Technology/Sheetworking,Precision Production,engineering,cip2,Precision Production,sheet metal workers,Systems analyst (implementation),"You stand up the software other people bought — project work, not a rotation.",15-1211,Cost estimator,The bid is the product. Read a drawing or a spec and price it.,13-1051,Regulatory / quality associate,"Filings, CAPA, and specs — the paperwork that lets the work ship.",13-1041
48.0507,Tool and Die Technology/Technician,Precision Production,engineering,cip2,Precision Production,tool and die makers,Systems analyst (implementation),"You stand up the software other people bought — project work, not a rotation.",15-1211,Cost estimator,The bid is the product. Read a drawing or a spec and price it.,13-1051,Regulatory / quality associate,"Filings, CAPA, and specs — the paperwork that lets the work ship.",13-1041
48.0508,Welding Technology/Welder,Precision Production,engineering,cip2,Precision Production,welding,Systems analyst (implementation),"You stand up the software other people bought — project work, not a rotation.",15-1211,Cost estimator,The bid is the product. Read a drawing or a spec and price it.,13-1051,Regulatory / quality associate,"Filings, CAPA, and specs — the paperwork that lets the work ship.",13-1041
48.0509,Ironworking/Ironworker,Precision Production,engineering,cip2,Precision Production,foundry mold and coremakers,Systems analyst (implementation),"You stand up the software other people bought — project work, not a rotation.",15-1211,Cost estimator,The bid is the product. Read a drawing or a spec and price it.,13-1051,Regulatory / quality associate,"Filings, CAPA, and specs — the paperwork that lets the work ship.",13-1041
48.0510,Computer Numerically Controlled (CNC) Machinist Technology/CNC Machinist,Precision Production,engineering,cip2,Precision Production,computer numerically controlled tool operators,Systems analyst (implementation),"You stand up the software other people bought — project work, not a rotation.",15-1211,Cost estimator,The bid is the product. Read a drawing or a spec and price it.,13-1051,Regulatory / quality associate,"Filings, CAPA, and specs — the paperwork that lets the work ship.",13-1041
48.0511,Metal Fabricator,Precision Production,engineering,cip2,Precision Production,structural metal fabricators and fitters,Systems analyst (implementation),"You stand up the software other people bought — project work, not a rotation.",15-1211,Cost estimator,The bid is the product. Read a drawing or a spec and price it.,13-1051,Regulatory / quality associate,"Filings, CAPA, and specs — the paperwork that lets the work ship.",13-1041
48.0599,"Precision Metal Working, Other",Precision Production,engineering,cip2,Precision Production,metal workers and plastic workers,Systems analyst (implementation),"You stand up the software other people bought — project work, not a rotation.",15-1211,Cost estimator,The bid is the product. Read a drawing or a spec and price it.,13-1051,Regulatory / quality associate,"Filings, CAPA, and specs — the paperwork that lets the work ship.",13-1041
48.0701,"Woodworking, General",Precision Production,engineering,cip2,Precision Production,woodworking machine setters,Systems analyst (implementation),"You stand up the software other people bought — project work, not a rotation.",15-1211,Cost estimator,The bid is the product. Read a drawing or a spec and price it.,13-1051,Regulatory / quality associate,"Filings, CAPA, and specs — the paperwork that lets the work ship.",13-1041
48.0702,Furniture Design and Manufacturing,Precision Production,engineering,cip2,Precision Production,furniture finishers,Systems analyst (implementation),"You stand up the software other people bought — project work, not a rotation.",15-1211,Cost estimator,The bid is the product. Read a drawing or a spec and price it.,13-1051,Regulatory / quality associate,"Filings, CAPA, and specs — the paperwork that lets the work ship.",13-1041
48.0703,Cabinetmaking and Millwork,Precision Production,engineering,cip2,Precision Production,cabinetmakers and bench carpenters,Systems analyst (implementation),"You stand up the software other people bought — project work, not a rotation.",15-1211,Cost estimator,The bid is the product. Read a drawing or a spec and price it.,13-1051,Regulatory / quality associate,"Filings, CAPA, and specs — the paperwork that lets the work ship.",13-1041
48.0704,Wooden Boatbuilding Technology/Technician,Precision Production,engineering,cip2,Precision Production,woodworkers,Systems analyst (implementation),"You stand up the software other people bought — project work, not a rotation.",15-1211,Cost estimator,The bid is the product. Read a drawing or a spec and price it.,13-1051,Regulatory / quality associate,"Filings, CAPA, and specs — the paperwork that lets the work ship.",13-1041
48.0799,"Woodworking, Other",Precision Production,engineering,cip2,Precision Production,woodworkers,Systems analyst (implementation),"You stand up the software other people bought — project work, not a rotation.",15-1211,Cost estimator,The bid is the product. Read a drawing or a spec and price it.,13-1051,Regulatory / quality associate,"Filings, CAPA, and specs — the paperwork that lets the work ship.",13-1041
48.0801,Boilermaking/Boilermaker,Precision Production,engineering,cip2,Precision Production,boilermakers,Systems analyst (implementation),"You stand up the software other people bought — project work, not a rotation.",15-1211,Cost estimator,The bid is the product. Read a drawing or a spec and price it.,13-1051,Regulatory / quality associate,"Filings, CAPA, and specs — the paperwork that lets the work ship.",13-1041
49.0101,"Aeronautics/Aviation/Aerospace Science and Technology, General",Transportation,engineering,cip4,Air Transportation,airline pilot,Aircraft dispatcher,Flight release and ops control — a certificate path that is not the right seat.,,Logistician (cargo / MRO),"Parts, AOG, and freight networks. Aviation operations without a medical.",13-1081,Aviation software specialist,"Scheduling, weight-and-balance, and maintenance systems — implementation or sales-engineer shaped.",
49.0102,Airline/Commercial/Professional Pilot and Flight Crew,Transportation,engineering,cip4,Air Transportation,airline pilot,Aircraft dispatcher,Flight release and ops control — a certificate path that is not the right seat.,,Logistician (cargo / MRO),"Parts, AOG, and freight networks. Aviation operations without a medical.",13-1081,Aviation software specialist,"Scheduling, weight-and-balance, and maintenance systems — implementation or sales-engineer shaped.",
49.0104,Aviation/Airway Management and Operations,Transportation,engineering,cip4,Air Transportation,airline pilot,Aircraft dispatcher,Flight release and ops control — a certificate path that is not the right seat.,,Logistician (cargo / MRO),"Parts, AOG, and freight networks. Aviation operations without a medical.",13-1081,Aviation software specialist,"Scheduling, weight-and-balance, and maintenance systems — implementation or sales-engineer shaped.",
49.0105,Air Traffic Controller,Transportation,engineering,cip4,Air Transportation,airline pilot,Aircraft dispatcher,Flight release and ops control — a certificate path that is not the right seat.,,Logistician (cargo / MRO),"Parts, AOG, and freight networks. Aviation operations without a medical.",13-1081,Aviation software specialist,"Scheduling, weight-and-balance, and maintenance systems — implementation or sales-engineer shaped.",
49.0106,Airline Flight Attendant,Transportation,engineering,cip4,Air Transportation,airline pilot,Aircraft dispatcher,Flight release and ops control — a certificate path that is not the right seat.,,Logistician (cargo / MRO),"Parts, AOG, and freight networks. Aviation operations without a medical.",13-1081,Aviation software specialist,"Scheduling, weight-and-balance, and maintenance systems — implementation or sales-engineer shaped.",
49.0108,Flight Instructor,Transportation,engineering,cip4,Air Transportation,airline pilot,Aircraft dispatcher,Flight release and ops control — a certificate path that is not the right seat.,,Logistician (cargo / MRO),"Parts, AOG, and freight networks. Aviation operations without a medical.",13-1081,Aviation software specialist,"Scheduling, weight-and-balance, and maintenance systems — implementation or sales-engineer shaped.",
49.0202,Construction/Heavy Equipment/Earthmoving Equipment Operation,Transportation,engineering,cip2,Transportation,operating engineers and other construction equipment operators,Dispatcher,Ops control and release — a certificate path that is not the vehicle.,43-5032,Logistician,"Inventory, freight, and network design; operations with a real constraint set.",13-1081,Systems analyst (implementation),"You stand up the software other people bought — project work, not a rotation.",15-1211
49.0205,Truck and Bus Driver/Commercial Vehicle Operator and Instructor,Transportation,engineering,cip2,Transportation,heavy and tractor-trailer truck drivers,Dispatcher,Ops control and release — a certificate path that is not the vehicle.,43-5032,Logistician,"Inventory, freight, and network design; operations with a real constraint set.",13-1081,Systems analyst (implementation),"You stand up the software other people bought — project work, not a rotation.",15-1211
49.0206,Mobil Crane Operator/Operation,Transportation,engineering,cip2,Transportation,crane and tower operators,Dispatcher,Ops control and release — a certificate path that is not the vehicle.,43-5032,Logistician,"Inventory, freight, and network design; operations with a real constraint set.",13-1081,Systems analyst (implementation),"You stand up the software other people bought — project work, not a rotation.",15-1211
49.0207,Flagging and Traffic Control,Transportation,engineering,cip2,Transportation,highway maintenance workers,Dispatcher,Ops control and release — a certificate path that is not the vehicle.,43-5032,Logistician,"Inventory, freight, and network design; operations with a real constraint set.",13-1081,Systems analyst (implementation),"You stand up the software other people bought — project work, not a rotation.",15-1211
49.0208,Railroad and Railway Transportation,Transportation,engineering,cip2,Transportation,railroad conductors and yardmasters,Dispatcher,Ops control and release — a certificate path that is not the vehicle.,43-5032,Logistician,"Inventory, freight, and network design; operations with a real constraint set.",13-1081,Systems analyst (implementation),"You stand up the software other people bought — project work, not a rotation.",15-1211
49.0209,Forklift Operation/Operator,Transportation,engineering,cip2,Transportation,industrial truck and tractor operators,Dispatcher,Ops control and release — a certificate path that is not the vehicle.,43-5032,Logistician,"Inventory, freight, and network design; operations with a real constraint set.",13-1081,Systems analyst (implementation),"You stand up the software other people bought — project work, not a rotation.",15-1211
49.0303,Commercial Fishing,Transportation,engineering,cip2,Transportation,captains,Dispatcher,Ops control and release — a certificate path that is not the vehicle.,43-5032,Logistician,"Inventory, freight, and network design; operations with a real constraint set.",13-1081,Systems analyst (implementation),"You stand up the software other people bought — project work, not a rotation.",15-1211
49.0304,"Diver, Professional and Instructor",Transportation,engineering,cip2,Transportation,commercial divers,Dispatcher,Ops control and release — a certificate path that is not the vehicle.,43-5032,Logistician,"Inventory, freight, and network design; operations with a real constraint set.",13-1081,Systems analyst (implementation),"You stand up the software other people bought — project work, not a rotation.",15-1211
49.0309,Marine Science/Merchant Marine Officer,Transportation,engineering,cip2,Transportation,captains,Dispatcher,Ops control and release — a certificate path that is not the vehicle.,43-5032,Logistician,"Inventory, freight, and network design; operations with a real constraint set.",13-1081,Systems analyst (implementation),"You stand up the software other people bought — project work, not a rotation.",15-1211
49.0399,"Marine Transportation, Other",Transportation,engineering,cip2,Transportation,motorboat operators,Dispatcher,Ops control and release — a certificate path that is not the vehicle.,43-5032,Logistician,"Inventory, freight, and network design; operations with a real constraint set.",13-1081,Systems analyst (implementation),"You stand up the software other people bought — project work, not a rotation.",15-1211
50.0101,"Visual and Performing Arts, General",Visual & Performing Arts,humanities,cip2,Visual and Performing Arts,photographers,Digital interface / UX designer,"Composition and critique, applied to products instead of a studio.",15-1255,VFX / motion artist,"A craft seat with a portfolio path, not the unpaid namesake gig.",27-1014,Training specialist,"Facilitation and curriculum, delivered to employees instead of a classroom.",13-1151
50.0102,Digital Arts,Visual & Performing Arts,humanities,cip2,Visual and Performing Arts,graphic designers,Digital interface / UX designer,"Composition and critique, applied to products instead of a studio.",15-1255,VFX / motion artist,"A craft seat with a portfolio path, not the unpaid namesake gig.",27-1014,Training specialist,"Facilitation and curriculum, delivered to employees instead of a classroom.",13-1151
50.0201,"Crafts/Craft Design, Folk Art and Artisanry",Visual & Performing Arts,humanities,cip2,Visual and Performing Arts,craft artists,Digital interface / UX designer,"Composition and critique, applied to products instead of a studio.",15-1255,VFX / motion artist,"A craft seat with a portfolio path, not the unpaid namesake gig.",27-1014,Training specialist,"Facilitation and curriculum, delivered to employees instead of a classroom.",13-1151
50.0301,"Dance, General",Visual & Performing Arts,humanities,cip2,Visual and Performing Arts,choreographers,Digital interface / UX designer,"Composition and critique, applied to products instead of a studio.",15-1255,VFX / motion artist,"A craft seat with a portfolio path, not the unpaid namesake gig.",27-1014,Training specialist,"Facilitation and curriculum, delivered to employees instead of a classroom.",13-1151
50.0302,Ballet,Visual & Performing Arts,humanities,cip2,Visual and Performing Arts,choreographers,Digital interface / UX designer,"Composition and critique, applied to products instead of a studio.",15-1255,VFX / motion artist,"A craft seat with a portfolio path, not the unpaid namesake gig.",27-1014,Training specialist,"Facilitation and curriculum, delivered to employees instead of a classroom.",13-1151
50.0399,"Dance, Other",Visual & Performing Arts,humanities,cip2,Visual and Performing Arts,choreographers,Digital interface / UX designer,"Composition and critique, applied to products instead of a studio.",15-1255,VFX / motion artist,"A craft seat with a portfolio path, not the unpaid namesake gig.",27-1014,Training specialist,"Facilitation and curriculum, delivered to employees instead of a classroom.",13-1151
50.0401,"Design and Visual Communications, General",Visual & Performing Arts,humanities,cip4,Design and Applied Arts,graphic designer,Digital interface / UX designer,"Product surfaces, not brand decks.",15-1255,Industrial designer,Physical products and manufacturing constraints.,27-1021,Motion / VFX artist,"Time-based work for film, games, and ads — still design, different industry.",27-1014
50.0402,Commercial and Advertising Art,Visual & Performing Arts,humanities,cip4,Design and Applied Arts,graphic designer,Digital interface / UX designer,"Product surfaces, not brand decks.",15-1255,Industrial designer,Physical products and manufacturing constraints.,27-1021,Motion / VFX artist,"Time-based work for film, games, and ads — still design, different industry.",27-1014
50.0404,Industrial and Product Design,Visual & Performing Arts,humanities,cip4,Design and Applied Arts,graphic designer,Digital interface / UX designer,"Product surfaces, not brand decks.",15-1255,Industrial designer,Physical products and manufacturing constraints.,27-1021,Motion / VFX artist,"Time-based work for film, games, and ads — still design, different industry.",27-1014
50.0406,Commercial Photography,Visual & Performing Arts,humanities,cip4,Design and Applied Arts,graphic designer,Digital interface / UX designer,"Product surfaces, not brand decks.",15-1255,Industrial designer,Physical products and manufacturing constraints.,27-1021,Motion / VFX artist,"Time-based work for film, games, and ads — still design, different industry.",27-1014
50.0407,Fashion/Apparel Design,Visual & Performing Arts,humanities,cip4,Design and Applied Arts,graphic designer,Digital interface / UX designer,"Product surfaces, not brand decks.",15-1255,Industrial designer,Physical products and manufacturing constraints.,27-1021,Motion / VFX artist,"Time-based work for film, games, and ads — still design, different industry.",27-1014
50.0408,Interior Design,Visual & Performing Arts,humanities,cip4,Design and Applied Arts,graphic designer,Digital interface / UX designer,"Product surfaces, not brand decks.",15-1255,Industrial designer,Physical products and manufacturing constraints.,27-1021,Motion / VFX artist,"Time-based work for film, games, and ads — still design, different industry.",27-1014
50.0409,Graphic Design,Visual & Performing Arts,humanities,cip4,Design and Applied Arts,graphic designer,Digital interface / UX designer,"Product surfaces, not brand decks.",15-1255,Industrial designer,Physical products and manufacturing constraints.,27-1021,Motion / VFX artist,"Time-based work for film, games, and ads — still design, different industry.",27-1014
50.0410,Illustration,Visual & Performing Arts,humanities,cip4,Design and Applied Arts,graphic designer,Digital interface / UX designer,"Product surfaces, not brand decks.",15-1255,Industrial designer,Physical products and manufacturing constraints.,27-1021,Motion / VFX artist,"Time-based work for film, games, and ads — still design, different industry.",27-1014
50.0411,Game and Interactive Media Design,Visual & Performing Arts,humanities,cip4,Design and Applied Arts,graphic designer,Digital interface / UX designer,"Product surfaces, not brand decks.",15-1255,Industrial designer,Physical products and manufacturing constraints.,27-1021,Motion / VFX artist,"Time-based work for film, games, and ads — still design, different industry.",27-1014
50.0501,"Drama and Dramatics/Theatre Arts, General",Visual & Performing Arts,humanities,cip4,Drama / Theatre,actor,Corporate training / facilitation,"Presence, rehearsal, and audience work, sold as L&D.",13-1151,Producer / production coordinator,"The same show-running skill, pointed at events, media, or corporate.",27-2012,UX researcher,"Watching people, running sessions, reading a room — theatre methods in a product org.",
50.0502,Technical Theatre/Theatre Design and Technology,Visual & Performing Arts,humanities,cip4,Drama / Theatre,actor,Corporate training / facilitation,"Presence, rehearsal, and audience work, sold as L&D.",13-1151,Producer / production coordinator,"The same show-running skill, pointed at events, media, or corporate.",27-2012,UX researcher,"Watching people, running sessions, reading a room — theatre methods in a product org.",
50.0504,Playwriting and Screenwriting,Visual & Performing Arts,humanities,cip4,Drama / Theatre,actor,Corporate training / facilitation,"Presence, rehearsal, and audience work, sold as L&D.",13-1151,Producer / production coordinator,"The same show-running skill, pointed at events, media, or corporate.",27-2012,UX researcher,"Watching people, running sessions, reading a room — theatre methods in a product org.",
50.0505,"Theatre Literature, History and Criticism",Visual & Performing Arts,humanities,cip4,Drama / Theatre,actor,Corporate training / facilitation,"Presence, rehearsal, and audience work, sold as L&D.",13-1151,Producer / production coordinator,"The same show-running skill, pointed at events, media, or corporate.",27-2012,UX researcher,"Watching people, running sessions, reading a room — theatre methods in a product org.",
50.0506,Acting,Visual & Performing Arts,humanities,cip4,Drama / Theatre,actor,Corporate training / facilitation,"Presence, rehearsal, and audience work, sold as L&D.",13-1151,Producer / production coordinator,"The same show-running skill, pointed at events, media, or corporate.",27-2012,UX researcher,"Watching people, running sessions, reading a room — theatre methods in a product org.",
50.0507,Directing and Theatrical Production,Visual & Performing Arts,humanities,cip4,Drama / Theatre,actor,Corporate training / facilitation,"Presence, rehearsal, and audience work, sold as L&D.",13-1151,Producer / production coordinator,"The same show-running skill, pointed at events, media, or corporate.",27-2012,UX researcher,"Watching people, running sessions, reading a room — theatre methods in a product org.",
50.0509,Musical Theatre,Visual & Performing Arts,humanities,cip4,Drama / Theatre,actor,Corporate training / facilitation,"Presence, rehearsal, and audience work, sold as L&D.",13-1151,Producer / production coordinator,"The same show-running skill, pointed at events, media, or corporate.",27-2012,UX researcher,"Watching people, running sessions, reading a room — theatre methods in a product org.",
50.0510,Costume Design,Visual & Performing Arts,humanities,cip4,Drama / Theatre,actor,Corporate training / facilitation,"Presence, rehearsal, and audience work, sold as L&D.",13-1151,Producer / production coordinator,"The same show-running skill, pointed at events, media, or corporate.",27-2012,UX researcher,"Watching people, running sessions, reading a room — theatre methods in a product org.",
50.0511,Comedy Writing and Performance,Visual & Performing Arts,humanities,cip4,Drama / Theatre,actor,Corporate training / facilitation,"Presence, rehearsal, and audience work, sold as L&D.",13-1151,Producer / production coordinator,"The same show-running skill, pointed at events, media, or corporate.",27-2012,UX researcher,"Watching people, running sessions, reading a room — theatre methods in a product org.",
50.0512,Theatre and Dance,Visual & Performing Arts,humanities,cip4,Drama / Theatre,actor,Corporate training / facilitation,"Presence, rehearsal, and audience work, sold as L&D.",13-1151,Producer / production coordinator,"The same show-running skill, pointed at events, media, or corporate.",27-2012,UX researcher,"Watching people, running sessions, reading a room — theatre methods in a product org.",
50.0599,"Dramatic/Theatre Arts and Stagecraft, Other",Visual & Performing Arts,humanities,cip4,Drama / Theatre,actor,Corporate training / facilitation,"Presence, rehearsal, and audience work, sold as L&D.",13-1151,Producer / production coordinator,"The same show-running skill, pointed at events, media, or corporate.",27-2012,UX researcher,"Watching people, running sessions, reading a room — theatre methods in a product org.",
50.0601,Film/Cinema/Media Studies,Visual & Performing Arts,humanities,cip4,Film / Video / Photo,unpaid production assistant,VFX / motion artist,"A craft seat with a portfolio path, not a set-coffee job.",27-1014,Production-software specialist,"Vendors of editing, color, and review tools hire people who already live in the suite.",,Producer / production coordinator,"Schedule, budget, and vendors — the management of a shoot, not the grip truck.",27-2012
50.0602,Cinematography and Film/Video Production,Visual & Performing Arts,humanities,cip4,Film / Video / Photo,unpaid production assistant,VFX / motion artist,"A craft seat with a portfolio path, not a set-coffee job.",27-1014,Production-software specialist,"Vendors of editing, color, and review tools hire people who already live in the suite.",,Producer / production coordinator,"Schedule, budget, and vendors — the management of a shoot, not the grip truck.",27-2012
50.0605,Photography,Visual & Performing Arts,humanities,cip4,Film / Video / Photo,unpaid production assistant,VFX / motion artist,"A craft seat with a portfolio path, not a set-coffee job.",27-1014,Production-software specialist,"Vendors of editing, color, and review tools hire people who already live in the suite.",,Producer / production coordinator,"Schedule, budget, and vendors — the management of a shoot, not the grip truck.",27-2012
50.0607,Documentary Production,Visual & Performing Arts,humanities,cip4,Film / Video / Photo,unpaid production assistant,VFX / motion artist,"A craft seat with a portfolio path, not a set-coffee job.",27-1014,Production-software specialist,"Vendors of editing, color, and review tools hire people who already live in the suite.",,Producer / production coordinator,"Schedule, budget, and vendors — the management of a shoot, not the grip truck.",27-2012
50.0699,"Film/Video and Photographic Arts, Other",Visual & Performing Arts,humanities,cip4,Film / Video / Photo,unpaid production assistant,VFX / motion artist,"A craft seat with a portfolio path, not a set-coffee job.",27-1014,Production-software specialist,"Vendors of editing, color, and review tools hire people who already live in the suite.",,Producer / production coordinator,"Schedule, budget, and vendors — the management of a shoot, not the grip truck.",27-2012
50.0701,"Art/Art Studies, General",Visual & Performing Arts,humanities,cip4,Fine and Studio Arts,fine artist,Digital interface / UX designer,"Composition and critique, applied to products instead of a gallery.",15-1255,VFX / motion designer,"The commercial, deadline version of studio practice.",27-1014,Industrial designer,"Form and making, but for manufactured objects.",27-1021
50.0702,"Fine/Studio Arts, General",Visual & Performing Arts,humanities,cip4,Fine and Studio Arts,fine artist,Digital interface / UX designer,"Composition and critique, applied to products instead of a gallery.",15-1255,VFX / motion designer,"The commercial, deadline version of studio practice.",27-1014,Industrial designer,"Form and making, but for manufactured objects.",27-1021
50.0703,"Art History, Criticism and Conservation",Visual & Performing Arts,humanities,cip4,Fine and Studio Arts,fine artist,Digital interface / UX designer,"Composition and critique, applied to products instead of a gallery.",15-1255,VFX / motion designer,"The commercial, deadline version of studio practice.",27-1014,Industrial designer,"Form and making, but for manufactured objects.",27-1021
50.0705,Drawing,Visual & Performing Arts,humanities,cip4,Fine and Studio Arts,fine artist,Digital interface / UX designer,"Composition and critique, applied to products instead of a gallery.",15-1255,VFX / motion designer,"The commercial, deadline version of studio practice.",27-1014,Industrial designer,"Form and making, but for manufactured objects.",27-1021
50.0706,Intermedia/Multimedia,Visual & Performing Arts,humanities,cip4,Fine and Studio Arts,fine artist,Digital interface / UX designer,"Composition and critique, applied to products instead of a gallery.",15-1255,VFX / motion designer,"The commercial, deadline version of studio practice.",27-1014,Industrial designer,"Form and making, but for manufactured objects.",27-1021
50.0708,Painting,Visual & Performing Arts,humanities,cip4,Fine and Studio Arts,fine artist,Digital interface / UX designer,"Composition and critique, applied to products instead of a gallery.",15-1255,VFX / motion designer,"The commercial, deadline version of studio practice.",27-1014,Industrial designer,"Form and making, but for manufactured objects.",27-1021
50.0709,Sculpture,Visual & Performing Arts,humanities,cip4,Fine and Studio Arts,fine artist,Digital interface / UX designer,"Composition and critique, applied to products instead of a gallery.",15-1255,VFX / motion designer,"The commercial, deadline version of studio practice.",27-1014,Industrial designer,"Form and making, but for manufactured objects.",27-1021
50.0710,Printmaking,Visual & Performing Arts,humanities,cip4,Fine and Studio Arts,fine artist,Digital interface / UX designer,"Composition and critique, applied to products instead of a gallery.",15-1255,VFX / motion designer,"The commercial, deadline version of studio practice.",27-1014,Industrial designer,"Form and making, but for manufactured objects.",27-1021
50.0711,Ceramic Arts and Ceramics,Visual & Performing Arts,humanities,cip4,Fine and Studio Arts,fine artist,Digital interface / UX designer,"Composition and critique, applied to products instead of a gallery.",15-1255,VFX / motion designer,"The commercial, deadline version of studio practice.",27-1014,Industrial designer,"Form and making, but for manufactured objects.",27-1021
50.0712,"Fiber, Textile and Weaving Arts",Visual & Performing Arts,humanities,cip4,Fine and Studio Arts,fine artist,Digital interface / UX designer,"Composition and critique, applied to products instead of a gallery.",15-1255,VFX / motion designer,"The commercial, deadline version of studio practice.",27-1014,Industrial designer,"Form and making, but for manufactured objects.",27-1021
50.0713,Jewelry Arts,Visual & Performing Arts,humanities,cip4,Fine and Studio Arts,fine artist,Digital interface / UX designer,"Composition and critique, applied to products instead of a gallery.",15-1255,VFX / motion designer,"The commercial, deadline version of studio practice.",27-1014,Industrial designer,"Form and making, but for manufactured objects.",27-1021
50.0714,Metal Arts,Visual & Performing Arts,humanities,cip4,Fine and Studio Arts,fine artist,Digital interface / UX designer,"Composition and critique, applied to products instead of a gallery.",15-1255,VFX / motion designer,"The commercial, deadline version of studio practice.",27-1014,Industrial designer,"Form and making, but for manufactured objects.",27-1021
50.0799,"Fine Arts and Art Studies, Other",Visual & Performing Arts,humanities,cip4,Fine and Studio Arts,fine artist,Digital interface / UX designer,"Composition and critique, applied to products instead of a gallery.",15-1255,VFX / motion designer,"The commercial, deadline version of studio practice.",27-1014,Industrial designer,"Form and making, but for manufactured objects.",27-1021
50.0901,"Music, General",Visual & Performing Arts,humanities,cip4,Music,performer or private teacher,Audio software specialist,"DAWs, live-sound, and plugin vendors hire people who can demo the tool.",,Music licensing / publishing coordinator,"Rights, cues, and catalogs — the business of recorded music.",,Sound designer for media,"Picture, games, and ads. Not a set list.",27-4014
50.0902,"Music History, Literature, and Theory",Visual & Performing Arts,humanities,cip4,Music,performer or private teacher,Audio software specialist,"DAWs, live-sound, and plugin vendors hire people who can demo the tool.",,Music licensing / publishing coordinator,"Rights, cues, and catalogs — the business of recorded music.",,Sound designer for media,"Picture, games, and ads. Not a set list.",27-4014
50.0903,"Music Performance, General",Visual & Performing Arts,humanities,cip4,Music,performer or private teacher,Audio software specialist,"DAWs, live-sound, and plugin vendors hire people who can demo the tool.",,Music licensing / publishing coordinator,"Rights, cues, and catalogs — the business of recorded music.",,Sound designer for media,"Picture, games, and ads. Not a set list.",27-4014
50.0904,Music Theory and Composition,Visual & Performing Arts,humanities,cip4,Music,performer or private teacher,Audio software specialist,"DAWs, live-sound, and plugin vendors hire people who can demo the tool.",,Music licensing / publishing coordinator,"Rights, cues, and catalogs — the business of recorded music.",,Sound designer for media,"Picture, games, and ads. Not a set list.",27-4014
50.0905,Musicology and Ethnomusicology,Visual & Performing Arts,humanities,cip4,Music,performer or private teacher,Audio software specialist,"DAWs, live-sound, and plugin vendors hire people who can demo the tool.",,Music licensing / publishing coordinator,"Rights, cues, and catalogs — the business of recorded music.",,Sound designer for media,"Picture, games, and ads. Not a set list.",27-4014
50.0906,Conducting,Visual & Performing Arts,humanities,cip4,Music,performer or private teacher,Audio software specialist,"DAWs, live-sound, and plugin vendors hire people who can demo the tool.",,Music licensing / publishing coordinator,"Rights, cues, and catalogs — the business of recorded music.",,Sound designer for media,"Picture, games, and ads. Not a set list.",27-4014
50.0907,Keyboard Instruments,Visual & Performing Arts,humanities,cip4,Music,performer or private teacher,Audio software specialist,"DAWs, live-sound, and plugin vendors hire people who can demo the tool.",,Music licensing / publishing coordinator,"Rights, cues, and catalogs — the business of recorded music.",,Sound designer for media,"Picture, games, and ads. Not a set list.",27-4014
50.0908,Voice and Opera,Visual & Performing Arts,humanities,cip4,Music,performer or private teacher,Audio software specialist,"DAWs, live-sound, and plugin vendors hire people who can demo the tool.",,Music licensing / publishing coordinator,"Rights, cues, and catalogs — the business of recorded music.",,Sound designer for media,"Picture, games, and ads. Not a set list.",27-4014
50.0910,Jazz/Jazz Studies,Visual & Performing Arts,humanities,cip4,Music,performer or private teacher,Audio software specialist,"DAWs, live-sound, and plugin vendors hire people who can demo the tool.",,Music licensing / publishing coordinator,"Rights, cues, and catalogs — the business of recorded music.",,Sound designer for media,"Picture, games, and ads. Not a set list.",27-4014
50.0911,Stringed Instruments,Visual & Performing Arts,humanities,cip4,Music,performer or private teacher,Audio software specialist,"DAWs, live-sound, and plugin vendors hire people who can demo the tool.",,Music licensing / publishing coordinator,"Rights, cues, and catalogs — the business of recorded music.",,Sound designer for media,"Picture, games, and ads. Not a set list.",27-4014
50.0912,Music Pedagogy,Visual & Performing Arts,humanities,cip4,Music,performer or private teacher,Audio software specialist,"DAWs, live-sound, and plugin vendors hire people who can demo the tool.",,Music licensing / publishing coordinator,"Rights, cues, and catalogs — the business of recorded music.",,Sound designer for media,"Picture, games, and ads. Not a set list.",27-4014
50.0913,Music Technology,Visual & Performing Arts,humanities,cip4,Music,performer or private teacher,Audio software specialist,"DAWs, live-sound, and plugin vendors hire people who can demo the tool.",,Music licensing / publishing coordinator,"Rights, cues, and catalogs — the business of recorded music.",,Sound designer for media,"Picture, games, and ads. Not a set list.",27-4014
50.0914,Brass Instruments,Visual & Performing Arts,humanities,cip4,Music,performer or private teacher,Audio software specialist,"DAWs, live-sound, and plugin vendors hire people who can demo the tool.",,Music licensing / publishing coordinator,"Rights, cues, and catalogs — the business of recorded music.",,Sound designer for media,"Picture, games, and ads. Not a set list.",27-4014
50.0915,Woodwind Instruments,Visual & Performing Arts,humanities,cip4,Music,performer or private teacher,Audio software specialist,"DAWs, live-sound, and plugin vendors hire people who can demo the tool.",,Music licensing / publishing coordinator,"Rights, cues, and catalogs — the business of recorded music.",,Sound designer for media,"Picture, games, and ads. Not a set list.",27-4014
50.0916,Percussion Instruments,Visual & Performing Arts,humanities,cip4,Music,performer or private teacher,Audio software specialist,"DAWs, live-sound, and plugin vendors hire people who can demo the tool.",,Music licensing / publishing coordinator,"Rights, cues, and catalogs — the business of recorded music.",,Sound designer for media,"Picture, games, and ads. Not a set list.",27-4014
50.0917,Sound Arts,Visual & Performing Arts,humanities,cip4,Music,performer or private teacher,Audio software specialist,"DAWs, live-sound, and plugin vendors hire people who can demo the tool.",,Music licensing / publishing coordinator,"Rights, cues, and catalogs — the business of recorded music.",,Sound designer for media,"Picture, games, and ads. Not a set list.",27-4014
50.0999,"Music, Other",Visual & Performing Arts,humanities,cip4,Music,performer or private teacher,Audio software specialist,"DAWs, live-sound, and plugin vendors hire people who can demo the tool.",,Music licensing / publishing coordinator,"Rights, cues, and catalogs — the business of recorded music.",,Sound designer for media,"Picture, games, and ads. Not a set list.",27-4014
50.1001,"Arts, Entertainment, and Media Management, General",Visual & Performing Arts,humanities,cip2,Visual and Performing Arts,managers,Digital interface / UX designer,"Composition and critique, applied to products instead of a studio.",15-1255,VFX / motion artist,"A craft seat with a portfolio path, not the unpaid namesake gig.",27-1014,Training specialist,"Facilitation and curriculum, delivered to employees instead of a classroom.",13-1151
50.1002,Fine and Studio Arts Management,Visual & Performing Arts,humanities,cip2,Visual and Performing Arts,managers,Digital interface / UX designer,"Composition and critique, applied to products instead of a studio.",15-1255,VFX / motion artist,"A craft seat with a portfolio path, not the unpaid namesake gig.",27-1014,Training specialist,"Facilitation and curriculum, delivered to employees instead of a classroom.",13-1151
50.1003,Music Management,Visual & Performing Arts,humanities,cip2,Visual and Performing Arts,music directors and composers,Digital interface / UX designer,"Composition and critique, applied to products instead of a studio.",15-1255,VFX / motion artist,"A craft seat with a portfolio path, not the unpaid namesake gig.",27-1014,Training specialist,"Facilitation and curriculum, delivered to employees instead of a classroom.",13-1151
50.1004,Theatre/Theatre Arts Management,Visual & Performing Arts,humanities,cip2,Visual and Performing Arts,managers,Digital interface / UX designer,"Composition and critique, applied to products instead of a studio.",15-1255,VFX / motion artist,"A craft seat with a portfolio path, not the unpaid namesake gig.",27-1014,Training specialist,"Facilitation and curriculum, delivered to employees instead of a classroom.",13-1151
50.1099,"Arts, Entertainment, and Media Management, Other",Visual & Performing Arts,humanities,cip2,Visual and Performing Arts,managers,Digital interface / UX designer,"Composition and critique, applied to products instead of a studio.",15-1255,VFX / motion artist,"A craft seat with a portfolio path, not the unpaid namesake gig.",27-1014,Training specialist,"Facilitation and curriculum, delivered to employees instead of a classroom.",13-1151
50.1101,Community/Environmental/Socially-Engaged Art,Visual & Performing Arts,humanities,cip2,Visual and Performing Arts,art,Digital interface / UX designer,"Composition and critique, applied to products instead of a studio.",15-1255,VFX / motion artist,"A craft seat with a portfolio path, not the unpaid namesake gig.",27-1014,Training specialist,"Facilitation and curriculum, delivered to employees instead of a classroom.",13-1151
50.9999,"Visual and Performing Arts, Other",Visual & Performing Arts,humanities,cip2,Visual and Performing Arts,art,Digital interface / UX designer,"Composition and critique, applied to products instead of a studio.",15-1255,VFX / motion artist,"A craft seat with a portfolio path, not the unpaid namesake gig.",27-1014,Training specialist,"Facilitation and curriculum, delivered to employees instead of a classroom.",13-1151
51.0001,"Health and Wellness, General",Health Professions,health,cip4,"Health Sciences, General",medical assistant,Clinical research coordinator,Trials need generalists who know the clinic and can run a protocol.,,Health information technologist,"EHR, registries, and quality reporting — the data side of the same buildings.",29-9021,Clinical specialist (devices),"Vendor-side support in the OR or clinic, not rooming patients.",
51.0101,Chiropractic,Health Professions,health,cip2,Health Professions,chiropractors,Health information technologist,"EHR, registries, and quality reporting — the data side of the clinic.",29-9021,Clinical research coordinator,"Protocols, consent, and trial ops — not the namesake clinical seat.",,Clinical specialist (devices),Vendor-side training on equipment; the commercial cousin of the unit.,
51.0201,"Communication Sciences and Disorders, General",Health Professions,health,cip2,Health Professions,speech-language pathologists,Health information technologist,"EHR, registries, and quality reporting — the data side of the clinic.",29-9021,Clinical research coordinator,"Protocols, consent, and trial ops — not the namesake clinical seat.",,Clinical specialist (devices),Vendor-side training on equipment; the commercial cousin of the unit.,
51.0202,Audiology/Audiologist,Health Professions,health,cip2,Health Professions,audiologists,Health information technologist,"EHR, registries, and quality reporting — the data side of the clinic.",29-9021,Clinical research coordinator,"Protocols, consent, and trial ops — not the namesake clinical seat.",,Clinical specialist (devices),Vendor-side training on equipment; the commercial cousin of the unit.,
51.0203,Speech-Language Pathology/Pathologist,Health Professions,health,cip2,Health Professions,speech-language pathologists,Health information technologist,"EHR, registries, and quality reporting — the data side of the clinic.",29-9021,Clinical research coordinator,"Protocols, consent, and trial ops — not the namesake clinical seat.",,Clinical specialist (devices),Vendor-side training on equipment; the commercial cousin of the unit.,
51.0204,Audiology/Audiologist and Speech-Language Pathology/Pathologist,Health Professions,health,cip2,Health Professions,speech-language pathologists,Health information technologist,"EHR, registries, and quality reporting — the data side of the clinic.",29-9021,Clinical research coordinator,"Protocols, consent, and trial ops — not the namesake clinical seat.",,Clinical specialist (devices),Vendor-side training on equipment; the commercial cousin of the unit.,
51.0299,"Communication Disorders Sciences and Services, Other",Health Professions,health,cip2,Health Professions,speech-language pathologists,Health information technologist,"EHR, registries, and quality reporting — the data side of the clinic.",29-9021,Clinical research coordinator,"Protocols, consent, and trial ops — not the namesake clinical seat.",,Clinical specialist (devices),Vendor-side training on equipment; the commercial cousin of the unit.,
51.0401,Dentistry,Health Professions,health,cip2,Health Professions,dentists,Health information technologist,"EHR, registries, and quality reporting — the data side of the clinic.",29-9021,Clinical research coordinator,"Protocols, consent, and trial ops — not the namesake clinical seat.",,Clinical specialist (devices),Vendor-side training on equipment; the commercial cousin of the unit.,
51.0501,"Dental Clinical Sciences, General",Health Professions,health,cip2,Health Professions,dentists,Health information technologist,"EHR, registries, and quality reporting — the data side of the clinic.",29-9021,Clinical research coordinator,"Protocols, consent, and trial ops — not the namesake clinical seat.",,Clinical specialist (devices),Vendor-side training on equipment; the commercial cousin of the unit.,
51.0502,Advanced General Dentistry,Health Professions,health,cip2,Health Professions,dentists,Health information technologist,"EHR, registries, and quality reporting — the data side of the clinic.",29-9021,Clinical research coordinator,"Protocols, consent, and trial ops — not the namesake clinical seat.",,Clinical specialist (devices),Vendor-side training on equipment; the commercial cousin of the unit.,
51.0503,Oral Biology and Oral and Maxillofacial Pathology,Health Professions,health,cip2,Health Professions,dentists,Health information technologist,"EHR, registries, and quality reporting — the data side of the clinic.",29-9021,Clinical research coordinator,"Protocols, consent, and trial ops — not the namesake clinical seat.",,Clinical specialist (devices),Vendor-side training on equipment; the commercial cousin of the unit.,
51.0504,Dental Public Health and Education,Health Professions,health,cip2,Health Professions,health education specialists,Health information technologist,"EHR, registries, and quality reporting — the data side of the clinic.",29-9021,Clinical research coordinator,"Protocols, consent, and trial ops — not the namesake clinical seat.",,Clinical specialist (devices),Vendor-side training on equipment; the commercial cousin of the unit.,
51.0505,Dental Materials,Health Professions,health,cip2,Health Professions,dentists,Health information technologist,"EHR, registries, and quality reporting — the data side of the clinic.",29-9021,Clinical research coordinator,"Protocols, consent, and trial ops — not the namesake clinical seat.",,Clinical specialist (devices),Vendor-side training on equipment; the commercial cousin of the unit.,
51.0506,Endodontics/Endodontology,Health Professions,health,cip2,Health Professions,dentists,Health information technologist,"EHR, registries, and quality reporting — the data side of the clinic.",29-9021,Clinical research coordinator,"Protocols, consent, and trial ops — not the namesake clinical seat.",,Clinical specialist (devices),Vendor-side training on equipment; the commercial cousin of the unit.,
51.0507,Oral/Maxillofacial Surgery,Health Professions,health,cip2,Health Professions,health specialties teacher,Health information technologist,"EHR, registries, and quality reporting — the data side of the clinic.",29-9021,Clinical research coordinator,"Protocols, consent, and trial ops — not the namesake clinical seat.",,Clinical specialist (devices),Vendor-side training on equipment; the commercial cousin of the unit.,
51.0508,Orthodontics/Orthodontology,Health Professions,health,cip2,Health Professions,health specialties teacher,Health information technologist,"EHR, registries, and quality reporting — the data side of the clinic.",29-9021,Clinical research coordinator,"Protocols, consent, and trial ops — not the namesake clinical seat.",,Clinical specialist (devices),Vendor-side training on equipment; the commercial cousin of the unit.,
51.0509,Pediatric Dentistry/Pedodontics,Health Professions,health,cip2,Health Professions,dentists,Health information technologist,"EHR, registries, and quality reporting — the data side of the clinic.",29-9021,Clinical research coordinator,"Protocols, consent, and trial ops — not the namesake clinical seat.",,Clinical specialist (devices),Vendor-side training on equipment; the commercial cousin of the unit.,
51.0510,Periodontics/Periodontology,Health Professions,health,cip2,Health Professions,dentists,Health information technologist,"EHR, registries, and quality reporting — the data side of the clinic.",29-9021,Clinical research coordinator,"Protocols, consent, and trial ops — not the namesake clinical seat.",,Clinical specialist (devices),Vendor-side training on equipment; the commercial cousin of the unit.,
51.0511,Prosthodontics/Prosthodontology,Health Professions,health,cip2,Health Professions,health specialties teacher,Health information technologist,"EHR, registries, and quality reporting — the data side of the clinic.",29-9021,Clinical research coordinator,"Protocols, consent, and trial ops — not the namesake clinical seat.",,Clinical specialist (devices),Vendor-side training on equipment; the commercial cousin of the unit.,
51.0512,Digital Dentistry,Health Professions,health,cip2,Health Professions,dentists,Health information technologist,"EHR, registries, and quality reporting — the data side of the clinic.",29-9021,Clinical research coordinator,"Protocols, consent, and trial ops — not the namesake clinical seat.",,Clinical specialist (devices),Vendor-side training on equipment; the commercial cousin of the unit.,
51.0513,Geriatric Dentistry,Health Professions,health,cip2,Health Professions,dentists,Health information technologist,"EHR, registries, and quality reporting — the data side of the clinic.",29-9021,Clinical research coordinator,"Protocols, consent, and trial ops — not the namesake clinical seat.",,Clinical specialist (devices),Vendor-side training on equipment; the commercial cousin of the unit.,
51.0514,Implantology/Implant Dentistry,Health Professions,health,cip2,Health Professions,dentists,Health information technologist,"EHR, registries, and quality reporting — the data side of the clinic.",29-9021,Clinical research coordinator,"Protocols, consent, and trial ops — not the namesake clinical seat.",,Clinical specialist (devices),Vendor-side training on equipment; the commercial cousin of the unit.,
51.0599,"Advanced/Graduate Dentistry and Oral Sciences, Other",Health Professions,health,cip2,Health Professions,dentists,Health information technologist,"EHR, registries, and quality reporting — the data side of the clinic.",29-9021,Clinical research coordinator,"Protocols, consent, and trial ops — not the namesake clinical seat.",,Clinical specialist (devices),Vendor-side training on equipment; the commercial cousin of the unit.,
51.0601,Dental Assisting/Assistant,Health Professions,health,cip2,Health Professions,dental assistants,Health information technologist,"EHR, registries, and quality reporting — the data side of the clinic.",29-9021,Clinical research coordinator,"Protocols, consent, and trial ops — not the namesake clinical seat.",,Clinical specialist (devices),Vendor-side training on equipment; the commercial cousin of the unit.,
51.0602,Dental Hygiene/Hygienist,Health Professions,health,cip2,Health Professions,dental hygienists,Health information technologist,"EHR, registries, and quality reporting — the data side of the clinic.",29-9021,Clinical research coordinator,"Protocols, consent, and trial ops — not the namesake clinical seat.",,Clinical specialist (devices),Vendor-side training on equipment; the commercial cousin of the unit.,
51.0603,Dental Laboratory Technology/Technician,Health Professions,health,cip2,Health Professions,dental laboratory technicians,Health information technologist,"EHR, registries, and quality reporting — the data side of the clinic.",29-9021,Clinical research coordinator,"Protocols, consent, and trial ops — not the namesake clinical seat.",,Clinical specialist (devices),Vendor-side training on equipment; the commercial cousin of the unit.,
51.0701,Health/Health Care Administration/Management,Health Professions,health,cip4,Health / Medical Admin,clinic office manager,Health information technologist,Revenue cycle and EHR config — the system under the front desk.,29-9021,Healthcare compliance analyst,"HIPAA, coding integrity, and payer rules as a full-time job.",13-1041,Hospital operations analyst,"Throughput, staffing, and capacity — consulting-shaped, still inside the health system.",13-1111
51.0702,Hospital and Health Care Facilities Administration/Management,Health Professions,health,cip4,Health / Medical Admin,clinic office manager,Health information technologist,Revenue cycle and EHR config — the system under the front desk.,29-9021,Healthcare compliance analyst,"HIPAA, coding integrity, and payer rules as a full-time job.",13-1041,Hospital operations analyst,"Throughput, staffing, and capacity — consulting-shaped, still inside the health system.",13-1111
51.0703,Health Unit Coordinator/Ward Clerk,Health Professions,health,cip4,Health / Medical Admin,clinic office manager,Health information technologist,Revenue cycle and EHR config — the system under the front desk.,29-9021,Healthcare compliance analyst,"HIPAA, coding integrity, and payer rules as a full-time job.",13-1041,Hospital operations analyst,"Throughput, staffing, and capacity — consulting-shaped, still inside the health system.",13-1111
51.0704,Health Unit Manager/Ward Supervisor,Health Professions,health,cip4,Health / Medical Admin,clinic office manager,Health information technologist,Revenue cycle and EHR config — the system under the front desk.,29-9021,Healthcare compliance analyst,"HIPAA, coding integrity, and payer rules as a full-time job.",13-1041,Hospital operations analyst,"Throughput, staffing, and capacity — consulting-shaped, still inside the health system.",13-1111
51.0705,Medical Office Management/Administration,Health Professions,health,cip4,Health / Medical Admin,clinic office manager,Health information technologist,Revenue cycle and EHR config — the system under the front desk.,29-9021,Healthcare compliance analyst,"HIPAA, coding integrity, and payer rules as a full-time job.",13-1041,Hospital operations analyst,"Throughput, staffing, and capacity — consulting-shaped, still inside the health system.",13-1111
51.0706,Health Information/Medical Records Administration/Administrator,Health Professions,health,cip4,Health / Medical Admin,clinic office manager,Health information technologist,Revenue cycle and EHR config — the system under the front desk.,29-9021,Healthcare compliance analyst,"HIPAA, coding integrity, and payer rules as a full-time job.",13-1041,Hospital operations analyst,"Throughput, staffing, and capacity — consulting-shaped, still inside the health system.",13-1111
51.0707,Health Information/Medical Records Technology/Technician,Health Professions,health,cip4,Health / Medical Admin,clinic office manager,Health information technologist,Revenue cycle and EHR config — the system under the front desk.,29-9021,Healthcare compliance analyst,"HIPAA, coding integrity, and payer rules as a full-time job.",13-1041,Hospital operations analyst,"Throughput, staffing, and capacity — consulting-shaped, still inside the health system.",13-1111
51.0708,Medical Transcription/Transcriptionist,Health Professions,health,cip4,Health / Medical Admin,clinic office manager,Health information technologist,Revenue cycle and EHR config — the system under the front desk.,29-9021,Healthcare compliance analyst,"HIPAA, coding integrity, and payer rules as a full-time job.",13-1041,Hospital operations analyst,"Throughput, staffing, and capacity — consulting-shaped, still inside the health system.",13-1111
51.0709,Medical Office Computer Specialist/Assistant,Health Professions,health,cip4,Health / Medical Admin,clinic office manager,Health information technologist,Revenue cycle and EHR config — the system under the front desk.,29-9021,Healthcare compliance analyst,"HIPAA, coding integrity, and payer rules as a full-time job.",13-1041,Hospital operations analyst,"Throughput, staffing, and capacity — consulting-shaped, still inside the health system.",13-1111
51.0710,Medical Office Assistant/Specialist,Health Professions,health,cip4,Health / Medical Admin,clinic office manager,Health information technologist,Revenue cycle and EHR config — the system under the front desk.,29-9021,Healthcare compliance analyst,"HIPAA, coding integrity, and payer rules as a full-time job.",13-1041,Hospital operations analyst,"Throughput, staffing, and capacity — consulting-shaped, still inside the health system.",13-1111
51.0711,Medical/Health Management and Clinical Assistant/Specialist,Health Professions,health,cip4,Health / Medical Admin,clinic office manager,Health information technologist,Revenue cycle and EHR config — the system under the front desk.,29-9021,Healthcare compliance analyst,"HIPAA, coding integrity, and payer rules as a full-time job.",13-1041,Hospital operations analyst,"Throughput, staffing, and capacity — consulting-shaped, still inside the health system.",13-1111
51.0712,Medical Reception/Receptionist,Health Professions,health,cip4,Health / Medical Admin,clinic office manager,Health information technologist,Revenue cycle and EHR config — the system under the front desk.,29-9021,Healthcare compliance analyst,"HIPAA, coding integrity, and payer rules as a full-time job.",13-1041,Hospital operations analyst,"Throughput, staffing, and capacity — consulting-shaped, still inside the health system.",13-1111
51.0713,Medical Insurance Coding Specialist/Coder,Health Professions,health,cip4,Health / Medical Admin,clinic office manager,Health information technologist,Revenue cycle and EHR config — the system under the front desk.,29-9021,Healthcare compliance analyst,"HIPAA, coding integrity, and payer rules as a full-time job.",13-1041,Hospital operations analyst,"Throughput, staffing, and capacity — consulting-shaped, still inside the health system.",13-1111
51.0714,Medical Insurance Specialist/Medical Biller,Health Professions,health,cip4,Health / Medical Admin,clinic office manager,Health information technologist,Revenue cycle and EHR config — the system under the front desk.,29-9021,Healthcare compliance analyst,"HIPAA, coding integrity, and payer rules as a full-time job.",13-1041,Hospital operations analyst,"Throughput, staffing, and capacity — consulting-shaped, still inside the health system.",13-1111
51.0715,Health/Medical Claims Examiner,Health Professions,health,cip4,Health / Medical Admin,clinic office manager,Health information technologist,Revenue cycle and EHR config — the system under the front desk.,29-9021,Healthcare compliance analyst,"HIPAA, coding integrity, and payer rules as a full-time job.",13-1041,Hospital operations analyst,"Throughput, staffing, and capacity — consulting-shaped, still inside the health system.",13-1111
51.0716,Medical Administrative/Executive Assistant and Medical Secretary,Health Professions,health,cip4,Health / Medical Admin,clinic office manager,Health information technologist,Revenue cycle and EHR config — the system under the front desk.,29-9021,Healthcare compliance analyst,"HIPAA, coding integrity, and payer rules as a full-time job.",13-1041,Hospital operations analyst,"Throughput, staffing, and capacity — consulting-shaped, still inside the health system.",13-1111
51.0717,Medical Staff Services Technology/Technician,Health Professions,health,cip4,Health / Medical Admin,clinic office manager,Health information technologist,Revenue cycle and EHR config — the system under the front desk.,29-9021,Healthcare compliance analyst,"HIPAA, coding integrity, and payer rules as a full-time job.",13-1041,Hospital operations analyst,"Throughput, staffing, and capacity — consulting-shaped, still inside the health system.",13-1111
51.0718,Long Term Care Administration/Management,Health Professions,health,cip4,Health / Medical Admin,clinic office manager,Health information technologist,Revenue cycle and EHR config — the system under the front desk.,29-9021,Healthcare compliance analyst,"HIPAA, coding integrity, and payer rules as a full-time job.",13-1041,Hospital operations analyst,"Throughput, staffing, and capacity — consulting-shaped, still inside the health system.",13-1111
51.0719,Clinical Research Coordinator,Health Professions,health,cip4,Health / Medical Admin,clinic office manager,Health information technologist,Revenue cycle and EHR config — the system under the front desk.,29-9021,Healthcare compliance analyst,"HIPAA, coding integrity, and payer rules as a full-time job.",13-1041,Hospital operations analyst,"Throughput, staffing, and capacity — consulting-shaped, still inside the health system.",13-1111
51.0720,Regulatory Science/Affairs,Health Professions,health,cip4,Health / Medical Admin,clinic office manager,Health information technologist,Revenue cycle and EHR config — the system under the front desk.,29-9021,Healthcare compliance analyst,"HIPAA, coding integrity, and payer rules as a full-time job.",13-1041,Hospital operations analyst,"Throughput, staffing, and capacity — consulting-shaped, still inside the health system.",13-1111
51.0721,Disease Registry Data Management,Health Professions,health,cip4,Health / Medical Admin,clinic office manager,Health information technologist,Revenue cycle and EHR config — the system under the front desk.,29-9021,Healthcare compliance analyst,"HIPAA, coding integrity, and payer rules as a full-time job.",13-1041,Hospital operations analyst,"Throughput, staffing, and capacity — consulting-shaped, still inside the health system.",13-1111
51.0722,Healthcare Innovation,Health Professions,health,cip4,Health / Medical Admin,clinic office manager,Health information technologist,Revenue cycle and EHR config — the system under the front desk.,29-9021,Healthcare compliance analyst,"HIPAA, coding integrity, and payer rules as a full-time job.",13-1041,Hospital operations analyst,"Throughput, staffing, and capacity — consulting-shaped, still inside the health system.",13-1111
51.0723,Healthcare Information Privacy Assurance and Security,Health Professions,health,cip4,Health / Medical Admin,clinic office manager,Health information technologist,Revenue cycle and EHR config — the system under the front desk.,29-9021,Healthcare compliance analyst,"HIPAA, coding integrity, and payer rules as a full-time job.",13-1041,Hospital operations analyst,"Throughput, staffing, and capacity — consulting-shaped, still inside the health system.",13-1111
51.0799,"Health and Medical Administrative Services, Other",Health Professions,health,cip4,Health / Medical Admin,clinic office manager,Health information technologist,Revenue cycle and EHR config — the system under the front desk.,29-9021,Healthcare compliance analyst,"HIPAA, coding integrity, and payer rules as a full-time job.",13-1041,Hospital operations analyst,"Throughput, staffing, and capacity — consulting-shaped, still inside the health system.",13-1111
51.0801,Medical/Clinical Assistant,Health Professions,health,cip2,Health Professions,medical assistants,Health information technologist,"EHR, registries, and quality reporting — the data side of the clinic.",29-9021,Clinical research coordinator,"Protocols, consent, and trial ops — not the namesake clinical seat.",,Clinical specialist (devices),Vendor-side training on equipment; the commercial cousin of the unit.,
51.0802,Clinical/Medical Laboratory Assistant,Health Professions,health,cip2,Health Professions,health specialties teacher,Health information technologist,"EHR, registries, and quality reporting — the data side of the clinic.",29-9021,Clinical research coordinator,"Protocols, consent, and trial ops — not the namesake clinical seat.",,Clinical specialist (devices),Vendor-side training on equipment; the commercial cousin of the unit.,
51.0803,Occupational Therapist Assistant,Health Professions,health,cip2,Health Professions,occupational therapy assistants,Health information technologist,"EHR, registries, and quality reporting — the data side of the clinic.",29-9021,Clinical research coordinator,"Protocols, consent, and trial ops — not the namesake clinical seat.",,Clinical specialist (devices),Vendor-side training on equipment; the commercial cousin of the unit.,
51.0805,Pharmacy Technician/Assistant,Health Professions,health,cip2,Health Professions,pharmacy technicians,Health information technologist,"EHR, registries, and quality reporting — the data side of the clinic.",29-9021,Clinical research coordinator,"Protocols, consent, and trial ops — not the namesake clinical seat.",,Clinical specialist (devices),Vendor-side training on equipment; the commercial cousin of the unit.,
51.0806,Physical Therapy Assistant,Health Professions,health,cip2,Health Professions,physical therapist assistants,Health information technologist,"EHR, registries, and quality reporting — the data side of the clinic.",29-9021,Clinical research coordinator,"Protocols, consent, and trial ops — not the namesake clinical seat.",,Clinical specialist (devices),Vendor-side training on equipment; the commercial cousin of the unit.,
51.0809,Anesthesiologist Assistant,Health Professions,health,cip2,Health Professions,medical assistants,Health information technologist,"EHR, registries, and quality reporting — the data side of the clinic.",29-9021,Clinical research coordinator,"Protocols, consent, and trial ops — not the namesake clinical seat.",,Clinical specialist (devices),Vendor-side training on equipment; the commercial cousin of the unit.,
51.0810,Emergency Care Attendant (EMT Ambulance),Health Professions,health,cip2,Health Professions,ambulance drivers and attendants,Health information technologist,"EHR, registries, and quality reporting — the data side of the clinic.",29-9021,Clinical research coordinator,"Protocols, consent, and trial ops — not the namesake clinical seat.",,Clinical specialist (devices),Vendor-side training on equipment; the commercial cousin of the unit.,
51.0811,Pathology/Pathologist Assistant,Health Professions,health,cip2,Health Professions,surgical technologists,Health information technologist,"EHR, registries, and quality reporting — the data side of the clinic.",29-9021,Clinical research coordinator,"Protocols, consent, and trial ops — not the namesake clinical seat.",,Clinical specialist (devices),Vendor-side training on equipment; the commercial cousin of the unit.,
51.0812,Respiratory Therapy Technician/Assistant,Health Professions,health,cip2,Health Professions,health technologists and technicians,Health information technologist,"EHR, registries, and quality reporting — the data side of the clinic.",29-9021,Clinical research coordinator,"Protocols, consent, and trial ops — not the namesake clinical seat.",,Clinical specialist (devices),Vendor-side training on equipment; the commercial cousin of the unit.,
51.0813,Chiropractic Technician/Assistant,Health Professions,health,cip2,Health Professions,medical assistants,Health information technologist,"EHR, registries, and quality reporting — the data side of the clinic.",29-9021,Clinical research coordinator,"Protocols, consent, and trial ops — not the namesake clinical seat.",,Clinical specialist (devices),Vendor-side training on equipment; the commercial cousin of the unit.,
51.0814,Radiologist Assistant,Health Professions,health,cip2,Health Professions,healthcare support workers,Health information technologist,"EHR, registries, and quality reporting — the data side of the clinic.",29-9021,Clinical research coordinator,"Protocols, consent, and trial ops — not the namesake clinical seat.",,Clinical specialist (devices),Vendor-side training on equipment; the commercial cousin of the unit.,
51.0815,Lactation Consultant,Health Professions,health,cip2,Health Professions,healthcare support workers,Health information technologist,"EHR, registries, and quality reporting — the data side of the clinic.",29-9021,Clinical research coordinator,"Protocols, consent, and trial ops — not the namesake clinical seat.",,Clinical specialist (devices),Vendor-side training on equipment; the commercial cousin of the unit.,
51.0816,Speech-Language Pathology Assistant,Health Professions,health,cip2,Health Professions,healthcare support workers,Health information technologist,"EHR, registries, and quality reporting — the data side of the clinic.",29-9021,Clinical research coordinator,"Protocols, consent, and trial ops — not the namesake clinical seat.",,Clinical specialist (devices),Vendor-side training on equipment; the commercial cousin of the unit.,
51.0899,"Allied Health and Medical Assisting Services, Other",Health Professions,health,cip2,Health Professions,healthcare support workers,Health information technologist,"EHR, registries, and quality reporting — the data side of the clinic.",29-9021,Clinical research coordinator,"Protocols, consent, and trial ops — not the namesake clinical seat.",,Clinical specialist (devices),Vendor-side training on equipment; the commercial cousin of the unit.,
51.0901,Cardiovascular Technology/Technologist,Health Professions,health,cip4,Allied Health Diagnostics,radiologic technologist,Imaging applications specialist,"Vendor-side training on CT, MR, or ultrasound — you leave the hospital payroll.",,PACS / imaging informatics analyst,"The archive and workflow layer, not the scan.",29-9021,Radiation safety / occupational health,"Dose, shielding, and program compliance across a health system.",19-5011
51.0902,Electrocardiograph Technology/Technician,Health Professions,health,cip4,Allied Health Diagnostics,radiologic technologist,Imaging applications specialist,"Vendor-side training on CT, MR, or ultrasound — you leave the hospital payroll.",,PACS / imaging informatics analyst,"The archive and workflow layer, not the scan.",29-9021,Radiation safety / occupational health,"Dose, shielding, and program compliance across a health system.",19-5011
51.0903,Electroneurodiagnostic/Electroencephalographic Technology/Technologist,Health Professions,health,cip4,Allied Health Diagnostics,radiologic technologist,Imaging applications specialist,"Vendor-side training on CT, MR, or ultrasound — you leave the hospital payroll.",,PACS / imaging informatics analyst,"The archive and workflow layer, not the scan.",29-9021,Radiation safety / occupational health,"Dose, shielding, and program compliance across a health system.",19-5011
51.0904,Emergency Medical Technology/Technician (EMT Paramedic),Health Professions,health,cip4,Allied Health Diagnostics,radiologic technologist,Imaging applications specialist,"Vendor-side training on CT, MR, or ultrasound — you leave the hospital payroll.",,PACS / imaging informatics analyst,"The archive and workflow layer, not the scan.",29-9021,Radiation safety / occupational health,"Dose, shielding, and program compliance across a health system.",19-5011
51.0905,Nuclear Medical Technology/Technologist,Health Professions,health,cip4,Allied Health Diagnostics,radiologic technologist,Imaging applications specialist,"Vendor-side training on CT, MR, or ultrasound — you leave the hospital payroll.",,PACS / imaging informatics analyst,"The archive and workflow layer, not the scan.",29-9021,Radiation safety / occupational health,"Dose, shielding, and program compliance across a health system.",19-5011
51.0906,Perfusion Technology/Perfusionist,Health Professions,health,cip4,Allied Health Diagnostics,radiologic technologist,Imaging applications specialist,"Vendor-side training on CT, MR, or ultrasound — you leave the hospital payroll.",,PACS / imaging informatics analyst,"The archive and workflow layer, not the scan.",29-9021,Radiation safety / occupational health,"Dose, shielding, and program compliance across a health system.",19-5011
51.0907,Medical Radiologic Technology/Science - Radiation Therapist,Health Professions,health,cip4,Allied Health Diagnostics,radiologic technologist,Imaging applications specialist,"Vendor-side training on CT, MR, or ultrasound — you leave the hospital payroll.",,PACS / imaging informatics analyst,"The archive and workflow layer, not the scan.",29-9021,Radiation safety / occupational health,"Dose, shielding, and program compliance across a health system.",19-5011
51.0908,Respiratory Care Therapy/Therapist,Health Professions,health,cip4,Allied Health Diagnostics,radiologic technologist,Imaging applications specialist,"Vendor-side training on CT, MR, or ultrasound — you leave the hospital payroll.",,PACS / imaging informatics analyst,"The archive and workflow layer, not the scan.",29-9021,Radiation safety / occupational health,"Dose, shielding, and program compliance across a health system.",19-5011
51.0909,Surgical Technology/Technologist,Health Professions,health,cip4,Allied Health Diagnostics,radiologic technologist,Imaging applications specialist,"Vendor-side training on CT, MR, or ultrasound — you leave the hospital payroll.",,PACS / imaging informatics analyst,"The archive and workflow layer, not the scan.",29-9021,Radiation safety / occupational health,"Dose, shielding, and program compliance across a health system.",19-5011
51.0910,Diagnostic Medical Sonography/Sonographer and Ultrasound Technician,Health Professions,health,cip4,Allied Health Diagnostics,radiologic technologist,Imaging applications specialist,"Vendor-side training on CT, MR, or ultrasound — you leave the hospital payroll.",,PACS / imaging informatics analyst,"The archive and workflow layer, not the scan.",29-9021,Radiation safety / occupational health,"Dose, shielding, and program compliance across a health system.",19-5011
51.0911,Radiologic Technology/Science - Radiographer,Health Professions,health,cip4,Allied Health Diagnostics,radiologic technologist,Imaging applications specialist,"Vendor-side training on CT, MR, or ultrasound — you leave the hospital payroll.",,PACS / imaging informatics analyst,"The archive and workflow layer, not the scan.",29-9021,Radiation safety / occupational health,"Dose, shielding, and program compliance across a health system.",19-5011
51.0912,Physician Assistant,Health Professions,health,cip4,Allied Health Diagnostics,radiologic technologist,Imaging applications specialist,"Vendor-side training on CT, MR, or ultrasound — you leave the hospital payroll.",,PACS / imaging informatics analyst,"The archive and workflow layer, not the scan.",29-9021,Radiation safety / occupational health,"Dose, shielding, and program compliance across a health system.",19-5011
51.0913,Athletic Training/Trainer,Health Professions,health,cip4,Allied Health Diagnostics,radiologic technologist,Imaging applications specialist,"Vendor-side training on CT, MR, or ultrasound — you leave the hospital payroll.",,PACS / imaging informatics analyst,"The archive and workflow layer, not the scan.",29-9021,Radiation safety / occupational health,"Dose, shielding, and program compliance across a health system.",19-5011
51.0914,Gene/Genetic Therapy,Health Professions,health,cip4,Allied Health Diagnostics,radiologic technologist,Imaging applications specialist,"Vendor-side training on CT, MR, or ultrasound — you leave the hospital payroll.",,PACS / imaging informatics analyst,"The archive and workflow layer, not the scan.",29-9021,Radiation safety / occupational health,"Dose, shielding, and program compliance across a health system.",19-5011
51.0915,Cardiopulmonary Technology/Technologist,Health Professions,health,cip4,Allied Health Diagnostics,radiologic technologist,Imaging applications specialist,"Vendor-side training on CT, MR, or ultrasound — you leave the hospital payroll.",,PACS / imaging informatics analyst,"The archive and workflow layer, not the scan.",29-9021,Radiation safety / occupational health,"Dose, shielding, and program compliance across a health system.",19-5011
51.0916,Radiation Protection/Health Physics Technician,Health Professions,health,cip4,Allied Health Diagnostics,radiologic technologist,Imaging applications specialist,"Vendor-side training on CT, MR, or ultrasound — you leave the hospital payroll.",,PACS / imaging informatics analyst,"The archive and workflow layer, not the scan.",29-9021,Radiation safety / occupational health,"Dose, shielding, and program compliance across a health system.",19-5011
51.0917,Polysomnography,Health Professions,health,cip4,Allied Health Diagnostics,radiologic technologist,Imaging applications specialist,"Vendor-side training on CT, MR, or ultrasound — you leave the hospital payroll.",,PACS / imaging informatics analyst,"The archive and workflow layer, not the scan.",29-9021,Radiation safety / occupational health,"Dose, shielding, and program compliance across a health system.",19-5011
51.0918,Hearing Instrument Specialist,Health Professions,health,cip4,Allied Health Diagnostics,radiologic technologist,Imaging applications specialist,"Vendor-side training on CT, MR, or ultrasound — you leave the hospital payroll.",,PACS / imaging informatics analyst,"The archive and workflow layer, not the scan.",29-9021,Radiation safety / occupational health,"Dose, shielding, and program compliance across a health system.",19-5011
51.0919,Mammography Technology/Technician,Health Professions,health,cip4,Allied Health Diagnostics,radiologic technologist,Imaging applications specialist,"Vendor-side training on CT, MR, or ultrasound — you leave the hospital payroll.",,PACS / imaging informatics analyst,"The archive and workflow layer, not the scan.",29-9021,Radiation safety / occupational health,"Dose, shielding, and program compliance across a health system.",19-5011
51.0920,Magnetic Resonance Imaging (MRI) Technology/Technician,Health Professions,health,cip4,Allied Health Diagnostics,radiologic technologist,Imaging applications specialist,"Vendor-side training on CT, MR, or ultrasound — you leave the hospital payroll.",,PACS / imaging informatics analyst,"The archive and workflow layer, not the scan.",29-9021,Radiation safety / occupational health,"Dose, shielding, and program compliance across a health system.",19-5011
51.0921,Hyperbaric Medicine Technology/Technician,Health Professions,health,cip4,Allied Health Diagnostics,radiologic technologist,Imaging applications specialist,"Vendor-side training on CT, MR, or ultrasound — you leave the hospital payroll.",,PACS / imaging informatics analyst,"The archive and workflow layer, not the scan.",29-9021,Radiation safety / occupational health,"Dose, shielding, and program compliance across a health system.",19-5011
51.0922,Intraoperative Neuromonitoring Technology/Technician,Health Professions,health,cip4,Allied Health Diagnostics,radiologic technologist,Imaging applications specialist,"Vendor-side training on CT, MR, or ultrasound — you leave the hospital payroll.",,PACS / imaging informatics analyst,"The archive and workflow layer, not the scan.",29-9021,Radiation safety / occupational health,"Dose, shielding, and program compliance across a health system.",19-5011
51.0923,Orthopedic Technology/Technician,Health Professions,health,cip4,Allied Health Diagnostics,radiologic technologist,Imaging applications specialist,"Vendor-side training on CT, MR, or ultrasound — you leave the hospital payroll.",,PACS / imaging informatics analyst,"The archive and workflow layer, not the scan.",29-9021,Radiation safety / occupational health,"Dose, shielding, and program compliance across a health system.",19-5011
51.0999,"Allied Health Diagnostic, Intervention, and Treatment Professions, Other",Health Professions,health,cip4,Allied Health Diagnostics,radiologic technologist,Imaging applications specialist,"Vendor-side training on CT, MR, or ultrasound — you leave the hospital payroll.",,PACS / imaging informatics analyst,"The archive and workflow layer, not the scan.",29-9021,Radiation safety / occupational health,"Dose, shielding, and program compliance across a health system.",19-5011
51.1001,Blood Bank Technology Specialist,Health Professions,health,cip2,Health Professions,health specialties teacher,Health information technologist,"EHR, registries, and quality reporting — the data side of the clinic.",29-9021,Clinical research coordinator,"Protocols, consent, and trial ops — not the namesake clinical seat.",,Clinical specialist (devices),Vendor-side training on equipment; the commercial cousin of the unit.,
51.1002,Cytotechnology/Cytotechnologist,Health Professions,health,cip2,Health Professions,health specialties teacher,Health information technologist,"EHR, registries, and quality reporting — the data side of the clinic.",29-9021,Clinical research coordinator,"Protocols, consent, and trial ops — not the namesake clinical seat.",,Clinical specialist (devices),Vendor-side training on equipment; the commercial cousin of the unit.,
51.1003,Hematology Technology/Technician,Health Professions,health,cip2,Health Professions,health specialties teacher,Health information technologist,"EHR, registries, and quality reporting — the data side of the clinic.",29-9021,Clinical research coordinator,"Protocols, consent, and trial ops — not the namesake clinical seat.",,Clinical specialist (devices),Vendor-side training on equipment; the commercial cousin of the unit.,
51.1004,Clinical/Medical Laboratory Technician,Health Professions,health,cip2,Health Professions,health specialties teacher,Health information technologist,"EHR, registries, and quality reporting — the data side of the clinic.",29-9021,Clinical research coordinator,"Protocols, consent, and trial ops — not the namesake clinical seat.",,Clinical specialist (devices),Vendor-side training on equipment; the commercial cousin of the unit.,
51.1005,Clinical Laboratory Science/Medical Technology/Technologist,Health Professions,health,cip2,Health Professions,health specialties teacher,Health information technologist,"EHR, registries, and quality reporting — the data side of the clinic.",29-9021,Clinical research coordinator,"Protocols, consent, and trial ops — not the namesake clinical seat.",,Clinical specialist (devices),Vendor-side training on equipment; the commercial cousin of the unit.,
51.1006,Ophthalmic Laboratory Technology/Technician,Health Professions,health,cip2,Health Professions,ophthalmic laboratory technicians,Health information technologist,"EHR, registries, and quality reporting — the data side of the clinic.",29-9021,Clinical research coordinator,"Protocols, consent, and trial ops — not the namesake clinical seat.",,Clinical specialist (devices),Vendor-side training on equipment; the commercial cousin of the unit.,
51.1007,Histologic Technology/Histotechnologist,Health Professions,health,cip2,Health Professions,health specialties teacher,Health information technologist,"EHR, registries, and quality reporting — the data side of the clinic.",29-9021,Clinical research coordinator,"Protocols, consent, and trial ops — not the namesake clinical seat.",,Clinical specialist (devices),Vendor-side training on equipment; the commercial cousin of the unit.,
51.1008,Histologic Technician,Health Professions,health,cip2,Health Professions,health specialties teacher,Health information technologist,"EHR, registries, and quality reporting — the data side of the clinic.",29-9021,Clinical research coordinator,"Protocols, consent, and trial ops — not the namesake clinical seat.",,Clinical specialist (devices),Vendor-side training on equipment; the commercial cousin of the unit.,
51.1009,Phlebotomy Technician/Phlebotomist,Health Professions,health,cip2,Health Professions,phlebotomists,Health information technologist,"EHR, registries, and quality reporting — the data side of the clinic.",29-9021,Clinical research coordinator,"Protocols, consent, and trial ops — not the namesake clinical seat.",,Clinical specialist (devices),Vendor-side training on equipment; the commercial cousin of the unit.,
51.1010,Cytogenetics/Genetics/Clinical Genetics Technology/Technologist,Health Professions,health,cip2,Health Professions,health specialties teacher,Health information technologist,"EHR, registries, and quality reporting — the data side of the clinic.",29-9021,Clinical research coordinator,"Protocols, consent, and trial ops — not the namesake clinical seat.",,Clinical specialist (devices),Vendor-side training on equipment; the commercial cousin of the unit.,
51.1011,Renal/Dialysis Technologist/Technician,Health Professions,health,cip2,Health Professions,health technologists and technicians,Health information technologist,"EHR, registries, and quality reporting — the data side of the clinic.",29-9021,Clinical research coordinator,"Protocols, consent, and trial ops — not the namesake clinical seat.",,Clinical specialist (devices),Vendor-side training on equipment; the commercial cousin of the unit.,
51.1012,Sterile Processing Technology/Technician,Health Professions,health,cip2,Health Professions,medical equipment preparers,Health information technologist,"EHR, registries, and quality reporting — the data side of the clinic.",29-9021,Clinical research coordinator,"Protocols, consent, and trial ops — not the namesake clinical seat.",,Clinical specialist (devices),Vendor-side training on equipment; the commercial cousin of the unit.,
51.1099,"Clinical/Medical Laboratory Science and Allied Professions, Other",Health Professions,health,cip2,Health Professions,health specialties teacher,Health information technologist,"EHR, registries, and quality reporting — the data side of the clinic.",29-9021,Clinical research coordinator,"Protocols, consent, and trial ops — not the namesake clinical seat.",,Clinical specialist (devices),Vendor-side training on equipment; the commercial cousin of the unit.,
51.1201,Medicine,Health Professions,health,cip2,Health Professions,family medicine physicians,Health information technologist,"EHR, registries, and quality reporting — the data side of the clinic.",29-9021,Clinical research coordinator,"Protocols, consent, and trial ops — not the namesake clinical seat.",,Clinical specialist (devices),Vendor-side training on equipment; the commercial cousin of the unit.,
51.1202,Osteopathic Medicine/Osteopathy,Health Professions,health,cip2,Health Professions,family medicine physicians,Health information technologist,"EHR, registries, and quality reporting — the data side of the clinic.",29-9021,Clinical research coordinator,"Protocols, consent, and trial ops — not the namesake clinical seat.",,Clinical specialist (devices),Vendor-side training on equipment; the commercial cousin of the unit.,
51.1203,Podiatric Medicine/Podiatry,Health Professions,health,cip2,Health Professions,podiatrists,Health information technologist,"EHR, registries, and quality reporting — the data side of the clinic.",29-9021,Clinical research coordinator,"Protocols, consent, and trial ops — not the namesake clinical seat.",,Clinical specialist (devices),Vendor-side training on equipment; the commercial cousin of the unit.,
51.1401,Medical Science/Scientist,Health Professions,health,cip2,Health Professions,medical scientists,Health information technologist,"EHR, registries, and quality reporting — the data side of the clinic.",29-9021,Clinical research coordinator,"Protocols, consent, and trial ops — not the namesake clinical seat.",,Clinical specialist (devices),Vendor-side training on equipment; the commercial cousin of the unit.,
51.1402,Clinical and Translational Science,Health Professions,health,cip2,Health Professions,medical scientists,Health information technologist,"EHR, registries, and quality reporting — the data side of the clinic.",29-9021,Clinical research coordinator,"Protocols, consent, and trial ops — not the namesake clinical seat.",,Clinical specialist (devices),Vendor-side training on equipment; the commercial cousin of the unit.,
51.1404,Temporomandibular Disorders and Orofacial Pain,Health Professions,health,cip2,Health Professions,dentists,Health information technologist,"EHR, registries, and quality reporting — the data side of the clinic.",29-9021,Clinical research coordinator,"Protocols, consent, and trial ops — not the namesake clinical seat.",,Clinical specialist (devices),Vendor-side training on equipment; the commercial cousin of the unit.,
51.1405,Tropical Medicine,Health Professions,health,cip2,Health Professions,medical scientists,Health information technologist,"EHR, registries, and quality reporting — the data side of the clinic.",29-9021,Clinical research coordinator,"Protocols, consent, and trial ops — not the namesake clinical seat.",,Clinical specialist (devices),Vendor-side training on equipment; the commercial cousin of the unit.,
51.1499,"Medical Clinical Sciences/Graduate Medical Studies, Other",Health Professions,health,cip2,Health Professions,medical scientists,Health information technologist,"EHR, registries, and quality reporting — the data side of the clinic.",29-9021,Clinical research coordinator,"Protocols, consent, and trial ops — not the namesake clinical seat.",,Clinical specialist (devices),Vendor-side training on equipment; the commercial cousin of the unit.,
51.1501,Substance Abuse/Addiction Counseling,Health Professions,health,cip2,Health Professions,health specialties teacher,Health information technologist,"EHR, registries, and quality reporting — the data side of the clinic.",29-9021,Clinical research coordinator,"Protocols, consent, and trial ops — not the namesake clinical seat.",,Clinical specialist (devices),Vendor-side training on equipment; the commercial cousin of the unit.,
51.1502,Psychiatric/Mental Health Services Technician,Health Professions,health,cip2,Health Professions,psychiatric technicians,Health information technologist,"EHR, registries, and quality reporting — the data side of the clinic.",29-9021,Clinical research coordinator,"Protocols, consent, and trial ops — not the namesake clinical seat.",,Clinical specialist (devices),Vendor-side training on equipment; the commercial cousin of the unit.,
51.1503,Clinical/Medical Social Work,Health Professions,health,cip2,Health Professions,social work teacher,Health information technologist,"EHR, registries, and quality reporting — the data side of the clinic.",29-9021,Clinical research coordinator,"Protocols, consent, and trial ops — not the namesake clinical seat.",,Clinical specialist (devices),Vendor-side training on equipment; the commercial cousin of the unit.,
51.1504,Community Health Services/Liaison/Counseling,Health Professions,health,cip2,Health Professions,community health workers,Health information technologist,"EHR, registries, and quality reporting — the data side of the clinic.",29-9021,Clinical research coordinator,"Protocols, consent, and trial ops — not the namesake clinical seat.",,Clinical specialist (devices),Vendor-side training on equipment; the commercial cousin of the unit.,
51.1505,Marriage and Family Therapy/Counseling,Health Professions,health,cip2,Health Professions,marriage and family therapists,Health information technologist,"EHR, registries, and quality reporting — the data side of the clinic.",29-9021,Clinical research coordinator,"Protocols, consent, and trial ops — not the namesake clinical seat.",,Clinical specialist (devices),Vendor-side training on equipment; the commercial cousin of the unit.,
51.1506,Clinical Pastoral Counseling/Patient Counseling,Health Professions,health,cip2,Health Professions,clergy,Health information technologist,"EHR, registries, and quality reporting — the data side of the clinic.",29-9021,Clinical research coordinator,"Protocols, consent, and trial ops — not the namesake clinical seat.",,Clinical specialist (devices),Vendor-side training on equipment; the commercial cousin of the unit.,
51.1507,Psychoanalysis and Psychotherapy,Health Professions,health,cip2,Health Professions,clinical and counseling psychologists,Health information technologist,"EHR, registries, and quality reporting — the data side of the clinic.",29-9021,Clinical research coordinator,"Protocols, consent, and trial ops — not the namesake clinical seat.",,Clinical specialist (devices),Vendor-side training on equipment; the commercial cousin of the unit.,
51.1509,Genetic Counseling/Counselor,Health Professions,health,cip2,Health Professions,genetic counselors,Health information technologist,"EHR, registries, and quality reporting — the data side of the clinic.",29-9021,Clinical research coordinator,"Protocols, consent, and trial ops — not the namesake clinical seat.",,Clinical specialist (devices),Vendor-side training on equipment; the commercial cousin of the unit.,
51.1510,Infant/Toddler Mental Health Services,Health Professions,health,cip2,Health Professions,child,Health information technologist,"EHR, registries, and quality reporting — the data side of the clinic.",29-9021,Clinical research coordinator,"Protocols, consent, and trial ops — not the namesake clinical seat.",,Clinical specialist (devices),Vendor-side training on equipment; the commercial cousin of the unit.,
51.1511,Medical Family Therapy/Therapist,Health Professions,health,cip2,Health Professions,marriage and family therapists,Health information technologist,"EHR, registries, and quality reporting — the data side of the clinic.",29-9021,Clinical research coordinator,"Protocols, consent, and trial ops — not the namesake clinical seat.",,Clinical specialist (devices),Vendor-side training on equipment; the commercial cousin of the unit.,
51.1512,Hospice and Palliative Care,Health Professions,health,cip2,Health Professions,healthcare social workers,Health information technologist,"EHR, registries, and quality reporting — the data side of the clinic.",29-9021,Clinical research coordinator,"Protocols, consent, and trial ops — not the namesake clinical seat.",,Clinical specialist (devices),Vendor-side training on equipment; the commercial cousin of the unit.,
51.1701,Optometry,Health Professions,health,cip2,Health Professions,optometrists,Health information technologist,"EHR, registries, and quality reporting — the data side of the clinic.",29-9021,Clinical research coordinator,"Protocols, consent, and trial ops — not the namesake clinical seat.",,Clinical specialist (devices),Vendor-side training on equipment; the commercial cousin of the unit.,
51.1801,Opticianry/Ophthalmic Dispensing Optician,Health Professions,health,cip6,Opticianry/Ophthalmic Dispensing Optician,Retail optical dispenser,Virtual try-on fit specialist,"Typical first-two-years range $55,000 to $80,000. Not the Retail optical dispenser seat.",,Vision benefits and claims analyst,"Typical first-two-years range $55,000 to $80,000. Not the Retail optical dispenser seat.",,Ophthalmic device field trainer,"Typical first-two-years range $55,000 to $80,000. Not the Retail optical dispenser seat.",
51.1802,Optometric Technician/Assistant,Health Professions,health,cip6,Optometric Technician/Assistant,Clinic optometric assistant,Teleoptometry imaging technician,"Typical first-two-years range $52,000 to $75,000. Not the Clinic optometric assistant seat.",,Myopia control program coordinator,"Typical first-two-years range $52,000 to $75,000. Not the Clinic optometric assistant seat.",,Eye screening AI QA technician,"Typical first-two-years range $52,000 to $75,000. Not the Clinic optometric assistant seat.",
51.1803,Ophthalmic Technician/Technologist,Health Professions,health,cip6,Ophthalmic Technician/Technologist,Hospital ophthalmic technician,Retinal imaging AI validation technician,"Typical first-two-years range $65,000 to $95,000. Not the Hospital ophthalmic technician seat.",,Ophthalmic trial imaging coordinator,"Typical first-two-years range $65,000 to $95,000. Not the Hospital ophthalmic technician seat.",,Surgical laser application specialist,"Typical first-two-years range $65,000 to $95,000. Not the Hospital ophthalmic technician seat.",
51.1804,Orthoptics/Orthoptist,Health Professions,health,cip6,Orthoptics/Orthoptist,Pediatric clinic orthoptist,Vision therapy telehealth clinician,"Typical first-two-years range $80,000 to $110,000. Not the Pediatric clinic orthoptist seat.",,Neuro-ophthalmic trial assessor,"Typical first-two-years range $80,000 to $110,000. Not the Pediatric clinic orthoptist seat.",,Digital vision therapy content designer,"Typical first-two-years range $80,000 to $110,000. Not the Pediatric clinic orthoptist seat.",
51.2001,Pharmacy,Health Professions,health,cip6,Pharmacy,Retail community pharmacist,Clinical informatics pharmacist,"Typical first-two-years range $130,000 to $165,000. Not the Retail community pharmacist seat.",,Medication AI safety reviewer,"Typical first-two-years range $130,000 to $165,000. Not the Retail community pharmacist seat.",,Value-based medication therapy lead,"Typical first-two-years range $130,000 to $165,000. Not the Retail community pharmacist seat.",
51.2002,Pharmacy Administration and Pharmacy Policy and Regulatory Affairs,Health Professions,health,cip6,Pharmacy Administration and Pharmacy Policy and Regulatory Affairs,Hospital pharmacy manager,Drug pricing and 340B analyst,"Typical first-two-years range $110,000 to $160,000. Not the Hospital pharmacy manager seat.",,Payer formulary strategy analyst,"Typical first-two-years range $110,000 to $160,000. Not the Hospital pharmacy manager seat.",,Pharmacy compliance and audit lead,"Typical first-two-years range $110,000 to $160,000. Not the Hospital pharmacy manager seat.",
51.2003,Pharmaceutics and Drug Design,Health Professions,health,cip6,Pharmaceutics and Drug Design,Formulation scientist,Computational formulation modeler,"Typical first-two-years range $100,000 to $140,000. Not the Formulation scientist seat.",,AI molecule screening associate,"Typical first-two-years range $100,000 to $140,000. Not the Formulation scientist seat.",,CDMO tech transfer engineer,"Typical first-two-years range $100,000 to $140,000. Not the Formulation scientist seat.",
51.2004,Medicinal and Pharmaceutical Chemistry,Health Professions,health,cip6,Medicinal and Pharmaceutical Chemistry,Medicinal chemistry lab associate,Cheminformatics associate,"Typical first-two-years range $90,000 to $135,000. Not the Medicinal chemistry lab associate seat.",,Generative chemistry model evaluator,"Typical first-two-years range $90,000 to $135,000. Not the Medicinal chemistry lab associate seat.",,Peptide and ADC process chemist,"Typical first-two-years range $90,000 to $135,000. Not the Medicinal chemistry lab associate seat.",
51.2005,Natural Products Chemistry and Pharmacognosy,Health Professions,health,cip6,Natural Products Chemistry and Pharmacognosy,Natural products research assistant,Botanical supplement regulatory analyst,"Typical first-two-years range $72,000 to $105,000. Not the Natural products research assistant seat.",,Biosynthesis and fermentation associate,"Typical first-two-years range $72,000 to $105,000. Not the Natural products research assistant seat.",,Sustainable ingredient sourcing analyst,"Typical first-two-years range $72,000 to $105,000. Not the Natural products research assistant seat.",
51.2006,Clinical and Industrial Drug Development,Health Professions,health,cip6,Clinical and Industrial Drug Development,CRO clinical research associate,Decentralized trial operations lead,"Typical first-two-years range $90,000 to $130,000. Not the CRO clinical research associate seat.",,Trial data quality monitoring analyst,"Typical first-two-years range $90,000 to $130,000. Not the CRO clinical research associate seat.",,Real-world evidence associate,"Typical first-two-years range $90,000 to $130,000. Not the CRO clinical research associate seat.",
51.2007,Pharmacoeconomics/Pharmaceutical Economics,Health Professions,health,cip6,Pharmacoeconomics/Pharmaceutical Economics,HEOR analyst,Payer value dossier modeler,"Typical first-two-years range $100,000 to $145,000. Not the HEOR analyst seat.",,Outcomes-based contract analyst,"Typical first-two-years range $100,000 to $145,000. Not the HEOR analyst seat.",,Health economics simulation engineer,"Typical first-two-years range $100,000 to $145,000. Not the HEOR analyst seat.",
51.2008,"Clinical, Hospital, and Managed Care Pharmacy",Health Professions,health,cip6,"Clinical, Hospital, and Managed Care Pharmacy",Hospital staff pharmacist,Remote utilization management pharmacist,"Typical first-two-years range $130,000 to $160,000. Not the Hospital staff pharmacist seat.",,Specialty pharmacy program lead,"Typical first-two-years range $130,000 to $160,000. Not the Hospital staff pharmacist seat.",,Benefit review clinical pharmacist,"Typical first-two-years range $130,000 to $160,000. Not the Hospital staff pharmacist seat.",
51.2009,Industrial and Physical Pharmacy and Cosmetic Sciences,Health Professions,health,cip6,Industrial and Physical Pharmacy and Cosmetic Sciences,Manufacturing pharmacist,Continuous manufacturing process engineer,"Typical first-two-years range $85,000 to $125,000. Not the Manufacturing pharmacist seat.",,Cosmetic claims and safety analyst,"Typical first-two-years range $85,000 to $125,000. Not the Manufacturing pharmacist seat.",,Sterile fill-finish automation technician,"Typical first-two-years range $85,000 to $125,000. Not the Manufacturing pharmacist seat.",
51.2010,Pharmaceutical Sciences,Health Professions,health,cip6,Pharmaceutical Sciences,Bench research associate,Translational biomarker associate,"Typical first-two-years range $85,000 to $125,000. Not the Bench research associate seat.",,Lab automation scientist,"Typical first-two-years range $85,000 to $125,000. Not the Bench research associate seat.",,Regulatory CMC associate,"Typical first-two-years range $85,000 to $125,000. Not the Bench research associate seat.",
51.2011,Pharmaceutical Marketing and Management,Health Professions,health,cip6,Pharmaceutical Marketing and Management,Pharmaceutical sales representative,Omnichannel HCP marketing analyst,"Typical first-two-years range $95,000 to $135,000. Not the Pharmaceutical sales representative seat.",,Market access and patient services lead,"Typical first-two-years range $95,000 to $135,000. Not the Pharmaceutical sales representative seat.",,Medical content compliance reviewer,"Typical first-two-years range $95,000 to $135,000. Not the Pharmaceutical sales representative seat.",
51.2099,"Pharmacy, Pharmaceutical Sciences, and Administration, Other",Health Professions,health,cip6,"Pharmacy, Pharmaceutical Sciences, and Administration, Other",Pharmacy operations associate,Pharmacy automation implementation analyst,"Typical first-two-years range $80,000 to $115,000. Not the Pharmacy operations associate seat.",,Drug supply chain risk analyst,"Typical first-two-years range $80,000 to $115,000. Not the Pharmacy operations associate seat.",,Digital therapeutics program coordinator,"Typical first-two-years range $80,000 to $115,000. Not the Pharmacy operations associate seat.",
51.2201,"Public Health, General",Health Professions,health,cip6,"Public Health, General",Health department program assistant,Population health data analyst,"Typical first-two-years range $72,000 to $110,000. Not the Health department program assistant seat.",,Health equity program evaluator,"Typical first-two-years range $72,000 to $110,000. Not the Health department program assistant seat.",,Outbreak intelligence analyst,"Typical first-two-years range $72,000 to $110,000. Not the Health department program assistant seat.",
51.2202,Environmental Health,Health Professions,health,cip6,Environmental Health,County environmental health inspector,ESG and site risk analyst,"Typical first-two-years range $75,000 to $115,000. Not the County environmental health inspector seat.",,Climate and heat resilience planner,"Typical first-two-years range $75,000 to $115,000. Not the County environmental health inspector seat.",,Indoor air quality data specialist,"Typical first-two-years range $75,000 to $115,000. Not the County environmental health inspector seat.",
51.2205,Health/Medical  Physics,Health Professions,health,cip6,Health/Medical  Physics,Hospital medical physics assistant,Radiotherapy AI planning specialist,"Typical first-two-years range $110,000 to $160,000. Not the Hospital medical physics assistant seat.",,Imaging QA automation physicist,"Typical first-two-years range $110,000 to $160,000. Not the Hospital medical physics assistant seat.",,Radiopharmaceutical dosimetry analyst,"Typical first-two-years range $110,000 to $160,000. Not the Hospital medical physics assistant seat.",
51.2206,Occupational Health and Industrial Hygiene,Health Professions,health,cip6,Occupational Health and Industrial Hygiene,Plant industrial hygienist,Warehouse robotics ergonomics analyst,"Typical first-two-years range $90,000 to $130,000. Not the Plant industrial hygienist seat.",,Semiconductor fab exposure specialist,"Typical first-two-years range $90,000 to $130,000. Not the Plant industrial hygienist seat.",,EHS sensor and data analyst,"Typical first-two-years range $90,000 to $130,000. Not the Plant industrial hygienist seat.",
51.2207,Public Health Education and Promotion,Health Professions,health,cip6,Public Health Education and Promotion,Community health educator,Digital behavior change content designer,"Typical first-two-years range $68,000 to $100,000. Not the Community health educator seat.",,Member engagement program analyst,"Typical first-two-years range $68,000 to $100,000. Not the Community health educator seat.",,Trial recruitment outreach lead,"Typical first-two-years range $68,000 to $100,000. Not the Community health educator seat.",
51.2208,Community Health and Preventive Medicine,Health Professions,health,cip6,Community Health and Preventive Medicine,Community program coordinator,Value-based care population manager,"Typical first-two-years range $70,000 to $105,000. Not the Community program coordinator seat.",,Social needs referral platform analyst,"Typical first-two-years range $70,000 to $105,000. Not the Community program coordinator seat.",,Preventive care campaign analyst,"Typical first-two-years range $70,000 to $105,000. Not the Community program coordinator seat.",
51.2209,Maternal and Child Health,Health Professions,health,cip6,Maternal and Child Health,MCH program coordinator,Maternal telehealth program manager,"Typical first-two-years range $72,000 to $105,000. Not the MCH program coordinator seat.",,Doula benefit network lead,"Typical first-two-years range $72,000 to $105,000. Not the MCH program coordinator seat.",,Perinatal quality data analyst,"Typical first-two-years range $72,000 to $105,000. Not the MCH program coordinator seat.",
51.2210,International Public Health/International Health,Health Professions,health,cip6,International Public Health/International Health,NGO field program officer,Global health monitoring and evaluation analyst,"Typical first-two-years range $70,000 to $110,000. Not the NGO field program officer seat.",,Pandemic preparedness policy analyst,"Typical first-two-years range $70,000 to $110,000. Not the NGO field program officer seat.",,Global market access analyst,"Typical first-two-years range $70,000 to $110,000. Not the NGO field program officer seat.",
51.2211,Health Services Administration,Health Professions,health,cip6,Health Services Administration,Hospital administrative fellow,Revenue cycle automation analyst,"Typical first-two-years range $80,000 to $120,000. Not the Hospital administrative fellow seat.",,Care operations product analyst,"Typical first-two-years range $80,000 to $120,000. Not the Hospital administrative fellow seat.",,Provider network strategy analyst,"Typical first-two-years range $80,000 to $120,000. Not the Hospital administrative fellow seat.",
51.2212,Behavioral Aspects of Health,Health Professions,health,cip6,Behavioral Aspects of Health,Behavioral research assistant,Digital behavior change UX researcher,"Typical first-two-years range $78,000 to $115,000. Not the Behavioral research assistant seat.",,Medication adherence program analyst,"Typical first-two-years range $78,000 to $115,000. Not the Behavioral research assistant seat.",,Behavioral experiment analyst,"Typical first-two-years range $78,000 to $115,000. Not the Behavioral research assistant seat.",
51.2213,Patient Safety and Healthcare Quality,Health Professions,health,cip6,Patient Safety and Healthcare Quality,Hospital quality improvement coordinator,Clinical AI safety monitoring analyst,"Typical first-two-years range $85,000 to $125,000. Not the Hospital quality improvement coordinator seat.",,Safety event data scientist,"Typical first-two-years range $85,000 to $125,000. Not the Hospital quality improvement coordinator seat.",,Accreditation automation lead,"Typical first-two-years range $85,000 to $125,000. Not the Hospital quality improvement coordinator seat.",
51.2214,Public Health Genetics,Health Professions,health,cip6,Public Health Genetics,Genetics program coordinator,Newborn screening data analyst,"Typical first-two-years range $80,000 to $120,000. Not the Genetics program coordinator seat.",,Population genomics program manager,"Typical first-two-years range $80,000 to $120,000. Not the Genetics program coordinator seat.",,Genetic privacy policy analyst,"Typical first-two-years range $80,000 to $120,000. Not the Genetics program coordinator seat.",
51.2299,"Public Health, Other",Health Professions,health,cip6,"Public Health, Other",Public health program assistant,Health policy data analyst,"Typical first-two-years range $68,000 to $100,000. Not the Public health program assistant seat.",,Grants and impact measurement analyst,"Typical first-two-years range $68,000 to $100,000. Not the Public health program assistant seat.",,Digital public health product associate,"Typical first-two-years range $68,000 to $100,000. Not the Public health program assistant seat.",
51.2300,"Rehabilitation and Therapeutic Professions, General",Health Professions,health,cip6,"Rehabilitation and Therapeutic Professions, General",Rehabilitation clinic aide,Remote therapy program coordinator,"Typical first-two-years range $60,000 to $90,000. Not the Rehabilitation clinic aide seat.",,Rehab outcomes data analyst,"Typical first-two-years range $60,000 to $90,000. Not the Rehabilitation clinic aide seat.",,Wearable recovery program specialist,"Typical first-two-years range $60,000 to $90,000. Not the Rehabilitation clinic aide seat.",
51.2301,Art Therapy/Therapist,Health Professions,health,cip6,Art Therapy/Therapist,Inpatient art therapist,Digital mental health creative lead,"Typical first-two-years range $68,000 to $100,000. Not the Inpatient art therapist seat.",,Employer wellbeing facilitator,"Typical first-two-years range $68,000 to $100,000. Not the Inpatient art therapist seat.",,Trauma-informed VR therapy designer,"Typical first-two-years range $68,000 to $100,000. Not the Inpatient art therapist seat.",
51.2302,Dance Therapy/Therapist,Health Professions,health,cip6,Dance Therapy/Therapist,Clinic dance and movement therapist,Neuro-rehab movement program designer,"Typical first-two-years range $65,000 to $95,000. Not the Clinic dance and movement therapist seat.",,Virtual mobility coach for aging in place,"Typical first-two-years range $65,000 to $95,000. Not the Clinic dance and movement therapist seat.",,Movement content lead for health apps,"Typical first-two-years range $65,000 to $95,000. Not the Clinic dance and movement therapist seat.",
51.2305,Music Therapy/Therapist,Health Professions,health,cip6,Music Therapy/Therapist,Hospital music therapist,Neurologic music therapist in dementia care,"Typical first-two-years range $65,000 to $95,000. Not the Hospital music therapist seat.",,Audio wellbeing content designer,"Typical first-two-years range $65,000 to $95,000. Not the Hospital music therapist seat.",,District behavioral support specialist,"Typical first-two-years range $65,000 to $95,000. Not the Hospital music therapist seat.",
51.2306,Occupational Therapy/Therapist,Health Professions,health,cip6,Occupational Therapy/Therapist,Hospital or skilled nursing occupational therapist,Home-based OT with remote monitoring,"Typical first-two-years range $100,000 to $135,000. Not the Hospital or skilled nursing occupational therapist seat.",,Assistive technology and accessibility consultant,"Typical first-two-years range $100,000 to $135,000. Not the Hospital or skilled nursing occupational therapist seat.",,Employer return-to-work OT,"Typical first-two-years range $100,000 to $135,000. Not the Hospital or skilled nursing occupational therapist seat.",
51.2307,Orthotist/Prosthetist,Health Professions,health,cip6,Orthotist/Prosthetist,Clinic orthotist,3D printed device design technician,"Typical first-two-years range $90,000 to $130,000. Not the Clinic orthotist seat.",,Bionic device clinical specialist,"Typical first-two-years range $90,000 to $130,000. Not the Clinic orthotist seat.",,Digital scanning and fabrication lead,"Typical first-two-years range $90,000 to $130,000. Not the Clinic orthotist seat.",
51.2308,Physical Therapy/Therapist,Health Professions,health,cip6,Physical Therapy/Therapist,Outpatient physical therapist,Hybrid virtual musculoskeletal clinician,"Typical first-two-years range $105,000 to $140,000. Not the Outpatient physical therapist seat.",,Sports technology biomechanics specialist,"Typical first-two-years range $105,000 to $140,000. Not the Outpatient physical therapist seat.",,Payer MSK program clinical lead,"Typical first-two-years range $105,000 to $140,000. Not the Outpatient physical therapist seat.",
51.2309,Therapeutic Recreation/Recreational Therapy,Health Professions,health,cip6,Therapeutic Recreation/Recreational Therapy,Long-term care recreation therapist,Senior living engagement program manager,"Typical first-two-years range $62,000 to $90,000. Not the Long-term care recreation therapist seat.",,Adaptive sports program lead,"Typical first-two-years range $62,000 to $90,000. Not the Long-term care recreation therapist seat.",,Behavioral health milieu designer,"Typical first-two-years range $62,000 to $90,000. Not the Long-term care recreation therapist seat.",
51.2310,Vocational Rehabilitation Counseling/Counselor,Health Professions,health,cip6,Vocational Rehabilitation Counseling/Counselor,State vocational rehabilitation counselor,Disability inclusion workplace consultant,"Typical first-two-years range $72,000 to $105,000. Not the State vocational rehabilitation counselor seat.",,Insurer return-to-work case analyst,"Typical first-two-years range $72,000 to $105,000. Not the State vocational rehabilitation counselor seat.",,Accessible job matching product specialist,"Typical first-two-years range $72,000 to $105,000. Not the State vocational rehabilitation counselor seat.",
51.2311,Kinesiotherapy/Kinesiotherapist,Health Professions,health,cip6,Kinesiotherapy/Kinesiotherapist,VA kinesiotherapist,Remote cardiac and pulmonary rehab coach,"Typical first-two-years range $70,000 to $100,000. Not the VA kinesiotherapist seat.",,Exercise oncology program lead,"Typical first-two-years range $70,000 to $100,000. Not the VA kinesiotherapist seat.",,Human performance lab technologist,"Typical first-two-years range $70,000 to $100,000. Not the VA kinesiotherapist seat.",
51.2312,Assistive/Augmentative Technology and Rehabilitation Engineering,Health Professions,health,cip6,Assistive/Augmentative Technology and Rehabilitation Engineering,Hospital rehabilitation engineer,Accessibility engineer for consumer software,"Typical first-two-years range $95,000 to $140,000. Not the Hospital rehabilitation engineer seat.",,AAC device product specialist,"Typical first-two-years range $95,000 to $140,000. Not the Hospital rehabilitation engineer seat.",,Exoskeleton clinical applications engineer,"Typical first-two-years range $95,000 to $140,000. Not the Hospital rehabilitation engineer seat.",
51.2313,Animal-Assisted Therapy,Health Professions,health,cip6,Animal-Assisted Therapy,Facility therapy animal handler,Hospital animal-assisted care program manager,"Typical first-two-years range $55,000 to $85,000. Not the Facility therapy animal handler seat.",,Veterinary behavior and welfare specialist,"Typical first-two-years range $55,000 to $85,000. Not the Facility therapy animal handler seat.",,Wellbeing vendor program lead,"Typical first-two-years range $55,000 to $85,000. Not the Facility therapy animal handler seat.",
51.2314,Rehabilitation Science,Health Professions,health,cip6,Rehabilitation Science,Rehabilitation research coordinator,Digital MSK outcomes analyst,"Typical first-two-years range $78,000 to $115,000. Not the Rehabilitation research coordinator seat.",,Medical device clinical research associate,"Typical first-two-years range $78,000 to $115,000. Not the Rehabilitation research coordinator seat.",,Recovery data product analyst,"Typical first-two-years range $78,000 to $115,000. Not the Rehabilitation research coordinator seat.",
51.2315,Drama Therapy/Therapist,Health Professions,health,cip6,Drama Therapy/Therapist,Clinical drama therapist,Simulated patient program lead,"Typical first-two-years range $62,000 to $92,000. Not the Clinical drama therapist seat.",,Behavioral health training designer,"Typical first-two-years range $62,000 to $92,000. Not the Clinical drama therapist seat.",,Narrative therapy content lead,"Typical first-two-years range $62,000 to $92,000. Not the Clinical drama therapist seat.",
51.2316,Horticulture Therapy/Therapist,Health Professions,health,cip6,Horticulture Therapy/Therapist,Garden therapy program lead,Memory care garden program manager,"Typical first-two-years range $55,000 to $85,000. Not the Garden therapy program lead seat.",,Healing environment consultant,"Typical first-two-years range $55,000 to $85,000. Not the Garden therapy program lead seat.",,Workplace biophilic design specialist,"Typical first-two-years range $55,000 to $85,000. Not the Garden therapy program lead seat.",
51.2317,Play Therapy/Therapist,Health Professions,health,cip6,Play Therapy/Therapist,Child clinic play therapist,Pediatric teletherapy clinician,"Typical first-two-years range $68,000 to $100,000. Not the Child clinic play therapist seat.",,School crisis and behavior support lead,"Typical first-two-years range $68,000 to $100,000. Not the Child clinic play therapist seat.",,Child mental health app clinical designer,"Typical first-two-years range $68,000 to $100,000. Not the Child clinic play therapist seat.",
51.2399,"Rehabilitation and Therapeutic Professions, Other",Health Professions,health,cip6,"Rehabilitation and Therapeutic Professions, Other",Rehabilitation program assistant,Care navigation specialist,"Typical first-two-years range $62,000 to $95,000. Not the Rehabilitation program assistant seat.",,Remote therapeutic monitoring coordinator,"Typical first-two-years range $62,000 to $95,000. Not the Rehabilitation program assistant seat.",,Digital health clinical operations analyst,"Typical first-two-years range $62,000 to $95,000. Not the Rehabilitation program assistant seat.",
51.2601,Health Aide,Health Professions,health,cip6,Health Aide,Home health aide,Remote patient monitoring technician,"Typical first-two-years range $45,000 to $65,000. Not the Home health aide seat.",,Community health worker in value-based care,"Typical first-two-years range $45,000 to $65,000. Not the Home health aide seat.",,Care coordination assistant,"Typical first-two-years range $45,000 to $65,000. Not the Home health aide seat.",
51.2603,Medication Aide,Health Professions,health,cip6,Medication Aide,Long-term care medication aide,Medication adherence coordinator,"Typical first-two-years range $45,000 to $68,000. Not the Long-term care medication aide seat.",,Pharmacy automation operator,"Typical first-two-years range $45,000 to $68,000. Not the Long-term care medication aide seat.",,Clinical trial site assistant,"Typical first-two-years range $45,000 to $68,000. Not the Long-term care medication aide seat.",
51.2604,Rehabilitation Aide,Health Professions,health,cip6,Rehabilitation Aide,Clinic rehabilitation aide,Remote therapy program assistant,"Typical first-two-years range $44,000 to $65,000. Not the Clinic rehabilitation aide seat.",,Rehab outcomes data clerk,"Typical first-two-years range $44,000 to $65,000. Not the Clinic rehabilitation aide seat.",,Adaptive fitness coach,"Typical first-two-years range $44,000 to $65,000. Not the Clinic rehabilitation aide seat.",
51.2605,Physical Therapy Technician/Aide,Health Professions,health,cip6,Physical Therapy Technician/Aide,Outpatient physical therapy aide,Virtual MSK care coach,"Typical first-two-years range $45,000 to $70,000. Not the Outpatient physical therapy aide seat.",,Sports performance technician,"Typical first-two-years range $45,000 to $70,000. Not the Outpatient physical therapy aide seat.",,Clinic operations coordinator,"Typical first-two-years range $45,000 to $70,000. Not the Outpatient physical therapy aide seat.",
51.2703,Medical Illustration/Medical Illustrator,Health Professions,health,cip6,Medical Illustration/Medical Illustrator,Academic medical illustrator,3D surgical animation artist,"Typical first-two-years range $85,000 to $130,000. Not the Academic medical illustrator seat.",,AR and VR medical training asset designer,"Typical first-two-years range $85,000 to $130,000. Not the Academic medical illustrator seat.",,Pharma scientific visualization lead,"Typical first-two-years range $85,000 to $130,000. Not the Academic medical illustrator seat.",
51.2706,Medical Informatics,Health Professions,health,cip6,Medical Informatics,Hospital clinical systems analyst,Clinical AI implementation analyst,"Typical first-two-years range $105,000 to $160,000. Not the Hospital clinical systems analyst seat.",,FHIR interoperability engineer,"Typical first-two-years range $105,000 to $160,000. Not the Hospital clinical systems analyst seat.",,Health data platform product analyst,"Typical first-two-years range $105,000 to $160,000. Not the Hospital clinical systems analyst seat.",
51.3101,Dietetics/Dietitian,Health Professions,health,cip6,Dietetics/Dietitian,Hospital clinical dietitian,Telehealth nutrition clinician,"Typical first-two-years range $78,000 to $115,000. Not the Hospital clinical dietitian seat.",,Food as medicine program lead,"Typical first-two-years range $78,000 to $115,000. Not the Hospital clinical dietitian seat.",,Metabolic health app clinical lead,"Typical first-two-years range $78,000 to $115,000. Not the Hospital clinical dietitian seat.",
51.3102,Clinical Nutrition/Nutritionist,Health Professions,health,cip6,Clinical Nutrition/Nutritionist,Clinical nutritionist,GLP-1 care program dietitian,"Typical first-two-years range $78,000 to $115,000. Not the Clinical nutritionist seat.",,Continuous glucose coaching lead,"Typical first-two-years range $78,000 to $115,000. Not the Clinical nutritionist seat.",,Nutrition science content reviewer,"Typical first-two-years range $78,000 to $115,000. Not the Clinical nutritionist seat.",
51.3103,Dietetic Technician,Health Professions,health,cip6,Dietetic Technician,Foodservice dietetic technician,Digital health nutrition program coordinator,"Typical first-two-years range $52,000 to $75,000. Not the Foodservice dietetic technician seat.",,Menu and food service data analyst,"Typical first-two-years range $52,000 to $75,000. Not the Foodservice dietetic technician seat.",,Community food access coordinator,"Typical first-two-years range $52,000 to $75,000. Not the Foodservice dietetic technician seat.",
51.3104,Dietitian Assistant,Health Professions,health,cip6,Dietitian Assistant,Clinic dietitian assistant,Member nutrition support specialist,"Typical first-two-years range $48,000 to $72,000. Not the Clinic dietitian assistant seat.",,Clinical trial diet coordinator,"Typical first-two-years range $48,000 to $72,000. Not the Clinic dietitian assistant seat.",,Health coaching operations associate,"Typical first-two-years range $48,000 to $72,000. Not the Clinic dietitian assistant seat.",
51.3199,"Dietetics and Clinical Nutrition Services, Other",Health Professions,health,cip6,"Dietetics and Clinical Nutrition Services, Other",Nutrition program assistant,Nutrition data analyst,"Typical first-two-years range $60,000 to $90,000. Not the Nutrition program assistant seat.",,Supplement claims and regulatory analyst,"Typical first-two-years range $60,000 to $90,000. Not the Nutrition program assistant seat.",,Corporate wellbeing nutrition lead,"Typical first-two-years range $60,000 to $90,000. Not the Nutrition program assistant seat.",
51.3201,Bioethics/Medical Ethics,Health Professions,health,cip6,Bioethics/Medical Ethics,Hospital ethics committee coordinator,Clinical AI ethics reviewer,"Typical first-two-years range $85,000 to $130,000. Not the Hospital ethics committee coordinator seat.",,Research compliance and IRB analyst,"Typical first-two-years range $85,000 to $130,000. Not the Hospital ethics committee coordinator seat.",,Health data governance lead,"Typical first-two-years range $85,000 to $130,000. Not the Hospital ethics committee coordinator seat.",
51.3202,Health Professions Education,Health Professions,health,cip6,Health Professions Education,Health school program coordinator,Clinical simulation designer,"Typical first-two-years range $72,000 to $110,000. Not the Health school program coordinator seat.",,Digital competency assessment lead,"Typical first-two-years range $72,000 to $110,000. Not the Health school program coordinator seat.",,Workforce learning analytics analyst,"Typical first-two-years range $72,000 to $110,000. Not the Health school program coordinator seat.",
51.3203,Nursing Education,Health Professions,health,cip6,Nursing Education,Nursing school clinical instructor,Virtual clinical simulation lead,"Typical first-two-years range $90,000 to $125,000. Not the Nursing school clinical instructor seat.",,Health system upskilling designer,"Typical first-two-years range $90,000 to $125,000. Not the Nursing school clinical instructor seat.",,Nursing content lead at an education company,"Typical first-two-years range $90,000 to $125,000. Not the Nursing school clinical instructor seat.",
51.3204,Medical/Health Humanities,Health Professions,health,cip6,Medical/Health Humanities,Academic program assistant,Patient experience content strategist,"Typical first-two-years range $65,000 to $100,000. Not the Academic program assistant seat.",,Health misinformation analyst,"Typical first-two-years range $65,000 to $100,000. Not the Academic program assistant seat.",,Narrative medicine program lead,"Typical first-two-years range $65,000 to $100,000. Not the Academic program assistant seat.",
51.3205,History of Medicine,Health Professions,health,cip6,History of Medicine,Archive or museum assistant,Medical archive digitization lead,"Typical first-two-years range $65,000 to $100,000. Not the Archive or museum assistant seat.",,Scientific integrity researcher,"Typical first-two-years range $65,000 to $100,000. Not the Archive or museum assistant seat.",,Health policy briefing writer,"Typical first-two-years range $65,000 to $100,000. Not the Archive or museum assistant seat.",
51.3206,Arts in Medicine/Health,Health Professions,health,cip6,Arts in Medicine/Health,Hospital arts program coordinator,Patient experience design lead,"Typical first-two-years range $60,000 to $92,000. Not the Hospital arts program coordinator seat.",,Healing environment consultant,"Typical first-two-years range $60,000 to $92,000. Not the Hospital arts program coordinator seat.",,Arts and health grants manager,"Typical first-two-years range $60,000 to $92,000. Not the Hospital arts program coordinator seat.",
51.3299,"Health Professions Education, Ethics, and Humanities, Other",Health Professions,health,cip6,"Health Professions Education, Ethics, and Humanities, Other",Curriculum assistant,Continuing education program manager,"Typical first-two-years range $65,000 to $100,000. Not the Curriculum assistant seat.",,Credentialing platform analyst,"Typical first-two-years range $65,000 to $100,000. Not the Curriculum assistant seat.",,Clinical content operations lead,"Typical first-two-years range $65,000 to $100,000. Not the Curriculum assistant seat.",
51.3300,"Alternative and Complementary Medicine and Medical Systems, General",Health Professions,health,cip6,"Alternative and Complementary Medicine and Medical Systems, General",Integrative clinic practitioner,Health system integrative care coordinator,"Typical first-two-years range $62,000 to $95,000. Not the Integrative clinic practitioner seat.",,Wellness benefit network manager,"Typical first-two-years range $62,000 to $95,000. Not the Integrative clinic practitioner seat.",,Clinical content reviewer for wellness platforms,"Typical first-two-years range $62,000 to $95,000. Not the Integrative clinic practitioner seat.",
51.3301,Acupuncture and Oriental Medicine,Health Professions,health,cip6,Acupuncture and Oriental Medicine,Private acupuncture practice,Insurance-covered pain program clinician,"Typical first-two-years range $65,000 to $100,000. Not the Private acupuncture practice seat.",,VA and hospital integrative pain specialist,"Typical first-two-years range $65,000 to $100,000. Not the Private acupuncture practice seat.",,Employer wellbeing clinical partner,"Typical first-two-years range $65,000 to $100,000. Not the Private acupuncture practice seat.",
51.3302,Traditional Chinese Medicine and Chinese Herbology,Health Professions,health,cip6,Traditional Chinese Medicine and Chinese Herbology,Herbal dispensary practitioner,Botanical formulation consultant,"Typical first-two-years range $62,000 to $95,000. Not the Herbal dispensary practitioner seat.",,Supplement quality and claims analyst,"Typical first-two-years range $62,000 to $95,000. Not the Herbal dispensary practitioner seat.",,Integrative oncology support clinician,"Typical first-two-years range $62,000 to $95,000. Not the Herbal dispensary practitioner seat.",
51.3303,Naturopathic Medicine/Naturopathy,Health Professions,health,cip6,Naturopathic Medicine/Naturopathy,Naturopathic private practice,Longevity clinic clinician,"Typical first-two-years range $80,000 to $125,000. Not the Naturopathic private practice seat.",,Telehealth chronic care naturopath,"Typical first-two-years range $80,000 to $125,000. Not the Naturopathic private practice seat.",,Clinical advisor at a supplement brand,"Typical first-two-years range $80,000 to $125,000. Not the Naturopathic private practice seat.",
51.3304,Homeopathic Medicine/Homeopathy,Health Professions,health,cip6,Homeopathic Medicine/Homeopathy,Homeopathy private practice,Wellness product compliance specialist,"Typical first-two-years range $55,000 to $85,000. Not the Homeopathy private practice seat.",,Health coaching program lead,"Typical first-two-years range $55,000 to $85,000. Not the Homeopathy private practice seat.",,Consumer health content reviewer,"Typical first-two-years range $55,000 to $85,000. Not the Homeopathy private practice seat.",
51.3305,Ayurvedic Medicine/Ayurveda,Health Professions,health,cip6,Ayurvedic Medicine/Ayurveda,Ayurveda practitioner,Integrative wellness program designer,"Typical first-two-years range $58,000 to $90,000. Not the Ayurveda practitioner seat.",,Hospitality wellbeing lead,"Typical first-two-years range $58,000 to $90,000. Not the Ayurveda practitioner seat.",,Herbal product formulation advisor,"Typical first-two-years range $58,000 to $90,000. Not the Ayurveda practitioner seat.",
51.3306,Holistic/Integrative Health,Health Professions,health,cip6,Holistic/Integrative Health,Wellness center practitioner,Employer wellbeing program manager,"Typical first-two-years range $62,000 to $95,000. Not the Wellness center practitioner seat.",,Digital wellbeing coaching lead,"Typical first-two-years range $62,000 to $95,000. Not the Wellness center practitioner seat.",,Integrative care navigator,"Typical first-two-years range $62,000 to $95,000. Not the Wellness center practitioner seat.",
51.3399,"Alternative and Complementary Medicine and Medical Systems, Other",Health Professions,health,cip6,"Alternative and Complementary Medicine and Medical Systems, Other",Integrative clinic assistant,Wellness platform operations lead,"Typical first-two-years range $58,000 to $88,000. Not the Integrative clinic assistant seat.",,Practitioner network manager,"Typical first-two-years range $58,000 to $88,000. Not the Integrative clinic assistant seat.",,Clinical quality reviewer,"Typical first-two-years range $58,000 to $88,000. Not the Integrative clinic assistant seat.",
51.3401,Direct Entry Midwifery,Health Professions,health,cip6,Direct Entry Midwifery,Home birth midwife,Birth center clinical lead,"Typical first-two-years range $70,000 to $110,000. Not the Home birth midwife seat.",,Maternal telehealth clinician,"Typical first-two-years range $70,000 to $110,000. Not the Home birth midwife seat.",,Midwife network operations lead,"Typical first-two-years range $70,000 to $110,000. Not the Home birth midwife seat.",
51.3499,"Alternative and Complementary Medical Support Services, Other",Health Professions,health,cip6,"Alternative and Complementary Medical Support Services, Other",Clinic support practitioner,Care navigation specialist,"Typical first-two-years range $55,000 to $82,000. Not the Clinic support practitioner seat.",,Practitioner credentialing coordinator,"Typical first-two-years range $55,000 to $82,000. Not the Clinic support practitioner seat.",,Community birth program coordinator,"Typical first-two-years range $55,000 to $82,000. Not the Clinic support practitioner seat.",
51.3501,Massage Therapy/Therapeutic Massage,Health Professions,health,cip6,Massage Therapy/Therapeutic Massage,Spa or clinic massage therapist,Clinical MSK therapist in a PT practice,"Typical first-two-years range $60,000 to $95,000. Not the Spa or clinic massage therapist seat.",,Sports recovery therapist,"Typical first-two-years range $60,000 to $95,000. Not the Spa or clinic massage therapist seat.",,Covered pain program provider,"Typical first-two-years range $60,000 to $95,000. Not the Spa or clinic massage therapist seat.",
51.3502,Asian Bodywork Therapy,Health Professions,health,cip6,Asian Bodywork Therapy,Bodywork private practice,Integrative pain clinic practitioner,"Typical first-two-years range $58,000 to $88,000. Not the Bodywork private practice seat.",,Onsite corporate wellbeing therapist,"Typical first-two-years range $58,000 to $88,000. Not the Bodywork private practice seat.",,Recovery studio program lead,"Typical first-two-years range $58,000 to $88,000. Not the Bodywork private practice seat.",
51.3503,Somatic Bodywork,Health Professions,health,cip6,Somatic Bodywork,Somatic private practice,Trauma-informed somatic clinician,"Typical first-two-years range $60,000 to $95,000. Not the Somatic private practice seat.",,Somatic content lead for mental health apps,"Typical first-two-years range $60,000 to $95,000. Not the Somatic private practice seat.",,Recovery program designer,"Typical first-two-years range $60,000 to $95,000. Not the Somatic private practice seat.",
51.3599,"Somatic Bodywork and Related Therapeutic Services, Other",Health Professions,health,cip6,"Somatic Bodywork and Related Therapeutic Services, Other",Bodywork practitioner,Recovery studio manager,"Typical first-two-years range $55,000 to $85,000. Not the Bodywork practitioner seat.",,Wellbeing benefit vendor lead,"Typical first-two-years range $55,000 to $85,000. Not the Bodywork practitioner seat.",,Practitioner training designer,"Typical first-two-years range $55,000 to $85,000. Not the Bodywork practitioner seat.",
51.3601,Movement Therapy and Movement Education,Health Professions,health,cip6,Movement Therapy and Movement Education,Studio movement educator,Clinical movement specialist in MSK care,"Typical first-two-years range $58,000 to $92,000. Not the Studio movement educator seat.",,Workplace ergonomics coach,"Typical first-two-years range $58,000 to $92,000. Not the Studio movement educator seat.",,Movement program designer for digital health,"Typical first-two-years range $58,000 to $92,000. Not the Studio movement educator seat.",
51.3602,Yoga Teacher Training/Yoga Therapy,Health Professions,health,cip6,Yoga Teacher Training/Yoga Therapy,Studio yoga instructor,Clinical yoga therapist in pain or oncology care,"Typical first-two-years range $55,000 to $90,000. Not the Studio yoga instructor seat.",,Corporate wellbeing program lead,"Typical first-two-years range $55,000 to $90,000. Not the Studio yoga instructor seat.",,Fitness platform program designer,"Typical first-two-years range $55,000 to $90,000. Not the Studio yoga instructor seat.",
51.3603,Hypnotherapy/Hypnotherapist,Health Professions,health,cip6,Hypnotherapy/Hypnotherapist,Private hypnotherapy practice,Behavioral health adjunct clinician,"Typical first-two-years range $58,000 to $90,000. Not the Private hypnotherapy practice seat.",,Habit change program lead,"Typical first-two-years range $58,000 to $90,000. Not the Private hypnotherapy practice seat.",,Clinical content designer for behavior apps,"Typical first-two-years range $58,000 to $90,000. Not the Private hypnotherapy practice seat.",
51.3701,Aromatherapy,Health Professions,health,cip6,Aromatherapy,Retail or spa aromatherapist,Product formulation and claims specialist,"Typical first-two-years range $52,000 to $85,000. Not the Retail or spa aromatherapist seat.",,Hospice comfort care program lead,"Typical first-two-years range $52,000 to $85,000. Not the Retail or spa aromatherapist seat.",,Fragrance ingredient regulatory analyst,"Typical first-two-years range $52,000 to $85,000. Not the Retail or spa aromatherapist seat.",
51.3702,Herbalism/Herbalist,Health Professions,health,cip6,Herbalism/Herbalist,Herbal shop practitioner,Botanical sourcing and quality analyst,"Typical first-two-years range $55,000 to $90,000. Not the Herbal shop practitioner seat.",,Supplement product development associate,"Typical first-two-years range $55,000 to $90,000. Not the Herbal shop practitioner seat.",,Label compliance specialist,"Typical first-two-years range $55,000 to $90,000. Not the Herbal shop practitioner seat.",
51.3703,Polarity Therapy,Health Professions,health,cip6,Polarity Therapy,Private polarity practice,Integrative care program coordinator,"Typical first-two-years range $52,000 to $82,000. Not the Private polarity practice seat.",,Practitioner network lead,"Typical first-two-years range $52,000 to $82,000. Not the Private polarity practice seat.",,Practitioner education designer,"Typical first-two-years range $52,000 to $82,000. Not the Private polarity practice seat.",
51.3704,Reiki,Health Professions,health,cip6,Reiki,Independent reiki practitioner,Hospital integrative volunteer program manager,"Typical first-two-years range $48,000 to $78,000. Not the Independent reiki practitioner seat.",,Hospice comfort care coordinator,"Typical first-two-years range $48,000 to $78,000. Not the Independent reiki practitioner seat.",,Wellbeing vendor account lead,"Typical first-two-years range $48,000 to $78,000. Not the Independent reiki practitioner seat.",
51.3799,"Energy and Biologically Based Therapies, Other",Health Professions,health,cip6,"Energy and Biologically Based Therapies, Other",Independent practitioner,Integrative program coordinator,"Typical first-two-years range $50,000 to $80,000. Not the Independent practitioner seat.",,Practitioner operations associate,"Typical first-two-years range $50,000 to $80,000. Not the Independent practitioner seat.",,Community wellbeing program lead,"Typical first-two-years range $50,000 to $80,000. Not the Independent practitioner seat.",
51.3801,Registered Nursing/Registered Nurse,Health Professions,health,cip6,Registered Nursing/Registered Nurse,Hospital staff nurse,Clinical informatics nurse,"Typical first-two-years range $85,000 to $125,000. Not the Hospital staff nurse seat.",,Remote utilization review nurse,"Typical first-two-years range $85,000 to $125,000. Not the Hospital staff nurse seat.",,Clinical trial research nurse,"Typical first-two-years range $85,000 to $125,000. Not the Hospital staff nurse seat.",
51.3802,Nursing Administration,Health Professions,health,cip6,Nursing Administration,Hospital nurse manager,Workforce and staffing analytics lead,"Typical first-two-years range $115,000 to $160,000. Not the Hospital nurse manager seat.",,Virtual care operations director,"Typical first-two-years range $115,000 to $160,000. Not the Hospital nurse manager seat.",,Clinical AI deployment lead,"Typical first-two-years range $115,000 to $160,000. Not the Hospital nurse manager seat.",
51.3803,Adult Health Nurse/Nursing,Health Professions,health,cip6,Adult Health Nurse/Nursing,Medical-surgical staff nurse,Chronic care virtual nurse,"Typical first-two-years range $88,000 to $125,000. Not the Medical-surgical staff nurse seat.",,Payer care management nurse,"Typical first-two-years range $88,000 to $125,000. Not the Medical-surgical staff nurse seat.",,Ambulatory complex care lead,"Typical first-two-years range $88,000 to $125,000. Not the Medical-surgical staff nurse seat.",
51.3804,Nurse Anesthetist,Health Professions,health,cip6,Nurse Anesthetist,Hospital nurse anesthetist,Ambulatory surgery center CRNA,"Typical first-two-years range $200,000 to $260,000. Not the Hospital nurse anesthetist seat.",,Locum and travel CRNA,"Typical first-two-years range $200,000 to $260,000. Not the Hospital nurse anesthetist seat.",,Anesthesia group operations lead,"Typical first-two-years range $200,000 to $260,000. Not the Hospital nurse anesthetist seat.",
51.3805,Family Practice Nurse/Nursing,Health Professions,health,cip6,Family Practice Nurse/Nursing,Primary care nurse practitioner,Telehealth primary care NP,"Typical first-two-years range $125,000 to $165,000. Not the Primary care nurse practitioner seat.",,Employer and retail clinic NP,"Typical first-two-years range $125,000 to $165,000. Not the Primary care nurse practitioner seat.",,Value-based care panel lead,"Typical first-two-years range $125,000 to $165,000. Not the Primary care nurse practitioner seat.",
51.3806,Maternal/Child Health and Neonatal Nurse/Nursing,Health Professions,health,cip6,Maternal/Child Health and Neonatal Nurse/Nursing,Hospital NICU nurse,Maternal virtual care nurse,"Typical first-two-years range $95,000 to $135,000. Not the Hospital NICU nurse seat.",,Lactation and postpartum program lead,"Typical first-two-years range $95,000 to $135,000. Not the Hospital NICU nurse seat.",,Perinatal quality analyst,"Typical first-two-years range $95,000 to $135,000. Not the Hospital NICU nurse seat.",
51.3807,Nurse Midwife/Nursing Midwifery,Health Professions,health,cip6,Nurse Midwife/Nursing Midwifery,Hospital nurse midwife,Birth center clinical director,"Typical first-two-years range $130,000 to $170,000. Not the Hospital nurse midwife seat.",,Virtual maternity care midwife,"Typical first-two-years range $130,000 to $170,000. Not the Hospital nurse midwife seat.",,Maternal health startup clinical lead,"Typical first-two-years range $130,000 to $170,000. Not the Hospital nurse midwife seat.",
51.3808,Nursing Science,Health Professions,health,cip6,Nursing Science,Academic nurse researcher,Clinical outcomes data scientist,"Typical first-two-years range $100,000 to $145,000. Not the Academic nurse researcher seat.",,Research operations lead,"Typical first-two-years range $100,000 to $145,000. Not the Academic nurse researcher seat.",,Evidence lead at a digital health company,"Typical first-two-years range $100,000 to $145,000. Not the Academic nurse researcher seat.",
51.3809,Pediatric Nurse/Nursing,Health Professions,health,cip6,Pediatric Nurse/Nursing,Children's hospital nurse,Pediatric virtual care nurse,"Typical first-two-years range $88,000 to $125,000. Not the Children's hospital nurse seat.",,School health program lead,"Typical first-two-years range $88,000 to $125,000. Not the Children's hospital nurse seat.",,Pediatric device clinical specialist,"Typical first-two-years range $88,000 to $125,000. Not the Children's hospital nurse seat.",
51.3810,Psychiatric/Mental Health Nurse/Nursing,Health Professions,health,cip6,Psychiatric/Mental Health Nurse/Nursing,Inpatient psychiatric nurse,Telepsychiatry nurse practitioner,"Typical first-two-years range $120,000 to $175,000. Not the Inpatient psychiatric nurse seat.",,Employer behavioral health clinical lead,"Typical first-two-years range $120,000 to $175,000. Not the Inpatient psychiatric nurse seat.",,Crisis response program clinician,"Typical first-two-years range $120,000 to $175,000. Not the Inpatient psychiatric nurse seat.",
51.3811,Public Health/Community Nurse/Nursing,Health Professions,health,cip6,Public Health/Community Nurse/Nursing,Public health department nurse,Community value-based care nurse,"Typical first-two-years range $82,000 to $120,000. Not the Public health department nurse seat.",,Population health program manager,"Typical first-two-years range $82,000 to $120,000. Not the Public health department nurse seat.",,Home-based care clinical lead,"Typical first-two-years range $82,000 to $120,000. Not the Public health department nurse seat.",
51.3812,Perioperative/Operating Room and Surgical Nurse/Nursing,Health Professions,health,cip6,Perioperative/Operating Room and Surgical Nurse/Nursing,Operating room circulating nurse,Ambulatory surgery center clinical lead,"Typical first-two-years range $98,000 to $140,000. Not the Operating room circulating nurse seat.",,Surgical device clinical specialist,"Typical first-two-years range $98,000 to $140,000. Not the Operating room circulating nurse seat.",,Operating room throughput analyst,"Typical first-two-years range $98,000 to $140,000. Not the Operating room circulating nurse seat.",
51.3813,Clinical Nurse Specialist,Health Professions,health,cip6,Clinical Nurse Specialist,Hospital clinical nurse specialist,Payer clinical program design lead,"Typical first-two-years range $118,000 to $160,000. Not the Hospital clinical nurse specialist seat.",,Quality and safety AI reviewer,"Typical first-two-years range $118,000 to $160,000. Not the Hospital clinical nurse specialist seat.",,Virtual specialty program lead,"Typical first-two-years range $118,000 to $160,000. Not the Hospital clinical nurse specialist seat.",
51.3814,Critical Care Nursing,Health Professions,health,cip6,Critical Care Nursing,Intensive care staff nurse,Tele-ICU nurse,"Typical first-two-years range $98,000 to $140,000. Not the Intensive care staff nurse seat.",,Transport and rapid response lead,"Typical first-two-years range $98,000 to $140,000. Not the Intensive care staff nurse seat.",,Critical care device clinical specialist,"Typical first-two-years range $98,000 to $140,000. Not the Intensive care staff nurse seat.",
51.3815,Occupational and Environmental Health Nursing,Health Professions,health,cip6,Occupational and Environmental Health Nursing,Corporate occupational health nurse,Workforce health analytics lead,"Typical first-two-years range $95,000 to $135,000. Not the Corporate occupational health nurse seat.",,Warehouse and robotics safety clinical lead,"Typical first-two-years range $95,000 to $135,000. Not the Corporate occupational health nurse seat.",,Employer clinic program manager,"Typical first-two-years range $95,000 to $135,000. Not the Corporate occupational health nurse seat.",
51.3816,Emergency Room/Trauma Nursing,Health Professions,health,cip6,Emergency Room/Trauma Nursing,Emergency department staff nurse,Virtual triage and nurse line clinician,"Typical first-two-years range $95,000 to $135,000. Not the Emergency department staff nurse seat.",,Mobile integrated health lead,"Typical first-two-years range $95,000 to $135,000. Not the Emergency department staff nurse seat.",,Emergency flow operations analyst,"Typical first-two-years range $95,000 to $135,000. Not the Emergency department staff nurse seat.",
51.3818,Nursing Practice,Health Professions,health,cip6,Nursing Practice,Advanced practice clinician,Virtual specialty care advanced practitioner,"Typical first-two-years range $130,000 to $175,000. Not the Advanced practice clinician seat.",,Clinical product lead at a health startup,"Typical first-two-years range $130,000 to $175,000. Not the Advanced practice clinician seat.",,Medical group value-based care lead,"Typical first-two-years range $130,000 to $175,000. Not the Advanced practice clinician seat.",
51.3819,Palliative Care Nursing,Health Professions,health,cip6,Palliative Care Nursing,Hospice nurse,Home-based palliative care lead,"Typical first-two-years range $90,000 to $125,000. Not the Hospice nurse seat.",,Serious illness virtual clinician,"Typical first-two-years range $90,000 to $125,000. Not the Hospice nurse seat.",,Palliative quality analyst,"Typical first-two-years range $90,000 to $125,000. Not the Hospice nurse seat.",
51.3820,Clinical Nurse Leader,Health Professions,health,cip6,Clinical Nurse Leader,Unit clinical nurse leader,Care model design lead,"Typical first-two-years range $105,000 to $150,000. Not the Unit clinical nurse leader seat.",,Clinical AI adoption lead,"Typical first-two-years range $105,000 to $150,000. Not the Unit clinical nurse leader seat.",,Quality program director,"Typical first-two-years range $105,000 to $150,000. Not the Unit clinical nurse leader seat.",
51.3821,Geriatric Nurse/Nursing,Health Professions,health,cip6,Geriatric Nurse/Nursing,Long-term care nurse,In-home Medicare Advantage assessment clinician,"Typical first-two-years range $88,000 to $125,000. Not the Long-term care nurse seat.",,Dementia care program lead,"Typical first-two-years range $88,000 to $125,000. Not the Long-term care nurse seat.",,Senior housing clinical operations lead,"Typical first-two-years range $88,000 to $125,000. Not the Long-term care nurse seat.",
51.3822,Women's Health Nurse/Nursing,Health Professions,health,cip6,Women's Health Nurse/Nursing,Clinic women's health nurse practitioner,Virtual women's health clinician,"Typical first-two-years range $120,000 to $160,000. Not the Clinic women's health nurse practitioner seat.",,Menopause and fertility program lead,"Typical first-two-years range $120,000 to $160,000. Not the Clinic women's health nurse practitioner seat.",,Femtech clinical product lead,"Typical first-two-years range $120,000 to $160,000. Not the Clinic women's health nurse practitioner seat.",
51.3824,Forensic Nursing,Health Professions,health,cip6,Forensic Nursing,Hospital forensic examiner nurse,Legal nurse consultant,"Typical first-two-years range $95,000 to $140,000. Not the Hospital forensic examiner nurse seat.",,Medicolegal investigation lead,"Typical first-two-years range $95,000 to $140,000. Not the Hospital forensic examiner nurse seat.",,Trauma-informed systems program designer,"Typical first-two-years range $95,000 to $140,000. Not the Hospital forensic examiner nurse seat.",
51.3899,"Registered Nursing, Nursing Administration, Nursing Research and Clinical Nursing, Other",Health Professions,health,cip6,"Registered Nursing, Nursing Administration, Nursing Research and Clinical Nursing, Other",Staff nurse,Nurse informaticist,"Typical first-two-years range $88,000 to $130,000. Not the Staff nurse seat.",,Payer care management nurse,"Typical first-two-years range $88,000 to $130,000. Not the Staff nurse seat.",,Clinical operations analyst,"Typical first-two-years range $88,000 to $130,000. Not the Staff nurse seat.",
51.3901,Licensed Practical/Vocational Nurse Training,Health Professions,health,cip6,Licensed Practical/Vocational Nurse Training,Long-term care practical nurse,Remote care coordination nurse,"Typical first-two-years range $62,000 to $85,000. Not the Long-term care practical nurse seat.",,Home infusion nurse,"Typical first-two-years range $62,000 to $85,000. Not the Long-term care practical nurse seat.",,Clinical triage support specialist,"Typical first-two-years range $62,000 to $85,000. Not the Long-term care practical nurse seat.",
51.3902,Nursing Assistant/Aide and Patient Care Assistant/Aide,Health Professions,health,cip6,Nursing Assistant/Aide and Patient Care Assistant/Aide,Hospital or nursing home aide,Remote patient monitoring aide,"Typical first-two-years range $48,000 to $70,000. Not the Hospital or nursing home aide seat.",,In-home assessment assistant,"Typical first-two-years range $48,000 to $70,000. Not the Hospital or nursing home aide seat.",,Care navigation associate,"Typical first-two-years range $48,000 to $70,000. Not the Hospital or nursing home aide seat.",
51.3999,"Practical Nursing, Vocational Nursing and Nursing Assistants, Other",Health Professions,health,cip6,"Practical Nursing, Vocational Nursing and Nursing Assistants, Other",Clinic nursing support,Clinical operations associate,"Typical first-two-years range $52,000 to $78,000. Not the Clinic nursing support seat.",,Patient access and triage coordinator,"Typical first-two-years range $52,000 to $78,000. Not the Clinic nursing support seat.",,Home care team lead,"Typical first-two-years range $52,000 to $78,000. Not the Clinic nursing support seat.",
52.0101,"Business/Commerce, General",Business,business,cip6,"Business/Commerce, General",Management trainee,Revenue operations analyst,"Typical first-two-years range $75,000 to $110,000. Not the Management trainee seat.",,Business systems analyst,"Typical first-two-years range $75,000 to $110,000. Not the Management trainee seat.",,Marketplace operations associate,"Typical first-two-years range $75,000 to $110,000. Not the Management trainee seat.",
52.0201,"Business Administration and Management, General",Business,business,cip6,"Business Administration and Management, General",Management trainee,GTM systems administrator,"Typical first-two-years range $78,000 to $140,000. Not the Management trainee seat.",,Forward deployed operations associate,"Typical first-two-years range $78,000 to $140,000. Not the Management trainee seat.",,Supply chain planning analyst,"Typical first-two-years range $78,000 to $140,000. Not the Management trainee seat.",
52.0202,"Purchasing, Procurement/Acquisitions and Contracts Management",Business,business,cip6,"Purchasing, Procurement/Acquisitions and Contracts Management",Buyer or purchasing agent,Source-to-pay automation analyst,"Typical first-two-years range $85,000 to $125,000. Not the Buyer or purchasing agent seat.",,SaaS and AI vendor spend manager,"Typical first-two-years range $85,000 to $125,000. Not the Buyer or purchasing agent seat.",,Contract lifecycle management analyst,"Typical first-two-years range $85,000 to $125,000. Not the Buyer or purchasing agent seat.",
52.0203,"Logistics, Materials, and Supply Chain Management",Business,business,cip6,"Logistics, Materials, and Supply Chain Management",Logistics coordinator,Supply network data analyst,"Typical first-two-years range $80,000 to $120,000. Not the Logistics coordinator seat.",,Warehouse automation program lead,"Typical first-two-years range $80,000 to $120,000. Not the Logistics coordinator seat.",,Trade and tariff compliance analyst,"Typical first-two-years range $80,000 to $120,000. Not the Logistics coordinator seat.",
52.0204,Office Management and Supervision,Business,business,cip6,Office Management and Supervision,Office manager,Workplace experience operations lead,"Typical first-two-years range $75,000 to $115,000. Not the Office manager seat.",,Business operations analyst,"Typical first-two-years range $75,000 to $115,000. Not the Office manager seat.",,Executive operations associate,"Typical first-two-years range $75,000 to $115,000. Not the Office manager seat.",
52.0205,Operations Management and Supervision,Business,business,cip6,Operations Management and Supervision,Operations supervisor,Process automation analyst,"Typical first-two-years range $82,000 to $125,000. Not the Operations supervisor seat.",,AI deployment operations lead,"Typical first-two-years range $82,000 to $125,000. Not the Operations supervisor seat.",,Capacity and throughput analyst,"Typical first-two-years range $82,000 to $125,000. Not the Operations supervisor seat.",
52.0206,Non-Profit/Public/Organizational Management,Business,business,cip6,Non-Profit/Public/Organizational Management,Nonprofit program manager,Impact measurement analyst,"Typical first-two-years range $72,000 to $110,000. Not the Nonprofit program manager seat.",,Grants automation and compliance lead,"Typical first-two-years range $72,000 to $110,000. Not the Nonprofit program manager seat.",,Public sector delivery consultant,"Typical first-two-years range $72,000 to $110,000. Not the Nonprofit program manager seat.",
52.0207,Customer Service Management,Business,business,cip6,Customer Service Management,Call center supervisor,Support AI deployment and QA lead,"Typical first-two-years range $78,000 to $115,000. Not the Call center supervisor seat.",,Customer experience data analyst,"Typical first-two-years range $78,000 to $115,000. Not the Call center supervisor seat.",,Knowledge operations manager,"Typical first-two-years range $78,000 to $115,000. Not the Call center supervisor seat.",
52.0208,E-Commerce/Electronic Commerce,Business,business,cip6,E-Commerce/Electronic Commerce,Online store merchandiser,Retail media and marketplace ads analyst,"Typical first-two-years range $78,000 to $120,000. Not the Online store merchandiser seat.",,Lifecycle and conversion growth analyst,"Typical first-two-years range $78,000 to $120,000. Not the Online store merchandiser seat.",,Commerce platform migration specialist,"Typical first-two-years range $78,000 to $120,000. Not the Online store merchandiser seat.",
52.0209,Transportation/Mobility Management,Business,business,cip6,Transportation/Mobility Management,Fleet or transit operations coordinator,Autonomous fleet operations analyst,"Typical first-two-years range $80,000 to $120,000. Not the Fleet or transit operations coordinator seat.",,EV charging network operations lead,"Typical first-two-years range $80,000 to $120,000. Not the Fleet or transit operations coordinator seat.",,Mobility demand analyst,"Typical first-two-years range $80,000 to $120,000. Not the Fleet or transit operations coordinator seat.",
52.0210,Research and Development Management,Business,business,cip6,Research and Development Management,Research program coordinator,Technical program manager,"Typical first-two-years range $95,000 to $140,000. Not the Research program coordinator seat.",,Research operations and lab automation lead,"Typical first-two-years range $95,000 to $140,000. Not the Research program coordinator seat.",,Innovation portfolio analyst,"Typical first-two-years range $95,000 to $140,000. Not the Research program coordinator seat.",
52.0211,Project Management,Business,business,cip6,Project Management,Project management office coordinator,Technical program manager for AI rollouts,"Typical first-two-years range $90,000 to $140,000. Not the Project management office coordinator seat.",,Delivery lead at an implementation partner,"Typical first-two-years range $90,000 to $140,000. Not the Project management office coordinator seat.",,Portfolio analytics lead,"Typical first-two-years range $90,000 to $140,000. Not the Project management office coordinator seat.",
52.0212,Retail Management,Business,business,cip6,Retail Management,Store manager,Retail media account manager,"Typical first-two-years range $72,000 to $110,000. Not the Store manager seat.",,Store operations data analyst,"Typical first-two-years range $72,000 to $110,000. Not the Store manager seat.",,Omnichannel fulfillment program lead,"Typical first-two-years range $72,000 to $110,000. Not the Store manager seat.",
52.0213,Organizational Leadership,Business,business,cip6,Organizational Leadership,Team lead or HR generalist,Change enablement lead for AI adoption,"Typical first-two-years range $80,000 to $120,000. Not the Team lead or HR generalist seat.",,People analytics analyst,"Typical first-two-years range $80,000 to $120,000. Not the Team lead or HR generalist seat.",,Internal enablement manager,"Typical first-two-years range $80,000 to $120,000. Not the Team lead or HR generalist seat.",
52.0214,Research Administration,Business,business,cip6,Research Administration,University grants administrator,Research security and compliance analyst,"Typical first-two-years range $82,000 to $120,000. Not the University grants administrator seat.",,Clinical trial budget lead,"Typical first-two-years range $82,000 to $120,000. Not the University grants administrator seat.",,Research data governance manager,"Typical first-two-years range $82,000 to $120,000. Not the University grants administrator seat.",
52.0215,Risk Management,Business,business,cip6,Risk Management,Corporate risk analyst,AI and model risk analyst,"Typical first-two-years range $95,000 to $140,000. Not the Corporate risk analyst seat.",,Third-party risk lead,"Typical first-two-years range $95,000 to $140,000. Not the Corporate risk analyst seat.",,Operational resilience analyst,"Typical first-two-years range $95,000 to $140,000. Not the Corporate risk analyst seat.",
52.0216,Science/Technology Management,Business,business,cip6,Science/Technology Management,Technical operations coordinator,Hardware program manager,"Typical first-two-years range $95,000 to $145,000. Not the Technical operations coordinator seat.",,Technical partnerships manager,"Typical first-two-years range $95,000 to $145,000. Not the Technical operations coordinator seat.",,Deep tech commercialization analyst,"Typical first-two-years range $95,000 to $145,000. Not the Technical operations coordinator seat.",
52.0301,Accounting,Business,business,cip6,Accounting,Audit associate,Revenue operations analyst,"Typical first-two-years range $80,000 to $120,000. Not the Audit associate seat.",,Controls automation analyst,"Typical first-two-years range $80,000 to $120,000. Not the Audit associate seat.",,Digital asset accounting analyst,"Typical first-two-years range $80,000 to $120,000. Not the Audit associate seat.",
52.0302,Accounting Technology/Technician and Bookkeeping,Business,business,cip6,Accounting Technology/Technician and Bookkeeping,Bookkeeper,Accounting automation specialist,"Typical first-two-years range $62,000 to $95,000. Not the Bookkeeper seat.",,Outsourced controller associate,"Typical first-two-years range $62,000 to $95,000. Not the Bookkeeper seat.",,Payments reconciliation analyst,"Typical first-two-years range $62,000 to $95,000. Not the Bookkeeper seat.",
52.0303,Auditing,Business,business,cip6,Auditing,External audit associate,IT and AI controls auditor,"Typical first-two-years range $85,000 to $125,000. Not the External audit associate seat.",,ESG assurance associate,"Typical first-two-years range $85,000 to $125,000. Not the External audit associate seat.",,Continuous audit data analyst,"Typical first-two-years range $85,000 to $125,000. Not the External audit associate seat.",
52.0304,Accounting and Finance,Business,business,cip6,Accounting and Finance,Financial analyst,FP&A systems and modeling analyst,"Typical first-two-years range $85,000 to $130,000. Not the Financial analyst seat.",,Fintech treasury analyst,"Typical first-two-years range $85,000 to $130,000. Not the Financial analyst seat.",,Deal and diligence analyst,"Typical first-two-years range $85,000 to $130,000. Not the Financial analyst seat.",
52.0305,Accounting and Business/Management,Business,business,cip6,Accounting and Business/Management,Staff accountant,Business finance operations analyst,"Typical first-two-years range $78,000 to $115,000. Not the Staff accountant seat.",,Order-to-cash automation lead,"Typical first-two-years range $78,000 to $115,000. Not the Staff accountant seat.",,Finance data analyst,"Typical first-two-years range $78,000 to $115,000. Not the Staff accountant seat.",
52.0401,"Administrative Assistant and Secretarial Science, General",Business,business,cip6,"Administrative Assistant and Secretarial Science, General",Administrative assistant,Executive operations associate,"Typical first-two-years range $58,000 to $90,000. Not the Administrative assistant seat.",,Workflow automation coordinator,"Typical first-two-years range $58,000 to $90,000. Not the Administrative assistant seat.",,CRM operations associate,"Typical first-two-years range $58,000 to $90,000. Not the Administrative assistant seat.",
52.0402,Executive Assistant/Executive Secretary,Business,business,cip6,Executive Assistant/Executive Secretary,Executive assistant,Chief of staff associate,"Typical first-two-years range $85,000 to $135,000. Not the Executive assistant seat.",,Business operations program lead,"Typical first-two-years range $85,000 to $135,000. Not the Executive assistant seat.",,Founder operations partner,"Typical first-two-years range $85,000 to $135,000. Not the Executive assistant seat.",
52.0406,Receptionist,Business,business,cip6,Receptionist,Front desk receptionist,Workplace experience coordinator,"Typical first-two-years range $48,000 to $72,000. Not the Front desk receptionist seat.",,Patient or client access coordinator,"Typical first-two-years range $48,000 to $72,000. Not the Front desk receptionist seat.",,Customer operations associate,"Typical first-two-years range $48,000 to $72,000. Not the Front desk receptionist seat.",
52.0407,Business/Office Automation/Technology/Data Entry,Business,business,cip6,Business/Office Automation/Technology/Data Entry,Data entry clerk,No-code automation builder,"Typical first-two-years range $55,000 to $88,000. Not the Data entry clerk seat.",,Data quality operations analyst,"Typical first-two-years range $55,000 to $88,000. Not the Data entry clerk seat.",,AI training data operations associate,"Typical first-two-years range $55,000 to $88,000. Not the Data entry clerk seat.",
52.0408,General Office Occupations and Clerical Services,Business,business,cip6,General Office Occupations and Clerical Services,Office clerk,Operations coordinator,"Typical first-two-years range $52,000 to $80,000. Not the Office clerk seat.",,Records automation analyst,"Typical first-two-years range $52,000 to $80,000. Not the Office clerk seat.",,Billing and claims operations associate,"Typical first-two-years range $52,000 to $80,000. Not the Office clerk seat.",
52.0409,"Parts, Warehousing, and Inventory Management Operations",Business,business,cip6,"Parts, Warehousing, and Inventory Management Operations",Inventory clerk,Warehouse automation operations lead,"Typical first-two-years range $58,000 to $90,000. Not the Inventory clerk seat.",,Inventory and demand analyst,"Typical first-two-years range $58,000 to $90,000. Not the Inventory clerk seat.",,Reverse logistics coordinator,"Typical first-two-years range $58,000 to $90,000. Not the Inventory clerk seat.",
52.0410,"Traffic, Customs, and Transportation Clerk/Technician",Business,business,cip6,"Traffic, Customs, and Transportation Clerk/Technician",Customs clerk,Trade and tariff compliance analyst,"Typical first-two-years range $65,000 to $100,000. Not the Customs clerk seat.",,Freight rate and data analyst,"Typical first-two-years range $65,000 to $100,000. Not the Customs clerk seat.",,Cross-border ecommerce operations lead,"Typical first-two-years range $65,000 to $100,000. Not the Customs clerk seat.",
52.0411,Customer Service Support/Call Center/Teleservice Operation,Business,business,cip6,Customer Service Support/Call Center/Teleservice Operation,Call center agent,AI support agent trainer and reviewer,"Typical first-two-years range $55,000 to $88,000. Not the Call center agent seat.",,Escalations and trust operations specialist,"Typical first-two-years range $55,000 to $88,000. Not the Call center agent seat.",,Knowledge base data analyst,"Typical first-two-years range $55,000 to $88,000. Not the Call center agent seat.",
52.0499,"Business Operations Support and Secretarial Services, Other",Business,business,cip6,"Business Operations Support and Secretarial Services, Other",Operations clerk,Business operations associate,"Typical first-two-years range $55,000 to $88,000. Not the Operations clerk seat.",,Process automation analyst,"Typical first-two-years range $55,000 to $88,000. Not the Operations clerk seat.",,Vendor operations coordinator,"Typical first-two-years range $55,000 to $88,000. Not the Operations clerk seat.",
52.0501,"Business/Corporate Communications, General",Business,business,cip6,"Business/Corporate Communications, General",Corporate communications assistant,Change communications lead,"Typical first-two-years range $75,000 to $115,000. Not the Corporate communications assistant seat.",,Executive content lead,"Typical first-two-years range $75,000 to $115,000. Not the Corporate communications assistant seat.",,Issues monitoring analyst,"Typical first-two-years range $75,000 to $115,000. Not the Corporate communications assistant seat.",
52.0502,Grantsmanship,Business,business,cip6,Grantsmanship,Grant writer,Grants data and compliance analyst,"Typical first-two-years range $72,000 to $110,000. Not the Grant writer seat.",,Public incentives consultant,"Typical first-two-years range $72,000 to $110,000. Not the Grant writer seat.",,Research development strategist,"Typical first-two-years range $72,000 to $110,000. Not the Grant writer seat.",
52.0599,"Business/Corporate Communications, Other",Business,business,cip6,"Business/Corporate Communications, Other",Communications coordinator,Content operations manager,"Typical first-two-years range $68,000 to $105,000. Not the Communications coordinator seat.",,AI search visibility analyst,"Typical first-two-years range $68,000 to $105,000. Not the Communications coordinator seat.",,Employee experience communications lead,"Typical first-two-years range $68,000 to $105,000. Not the Communications coordinator seat.",
52.0601,Business/Managerial Economics,Business,business,cip6,Business/Managerial Economics,Corporate economic analyst,Pricing and monetization analyst,"Typical first-two-years range $90,000 to $130,000. Not the Corporate economic analyst seat.",,Marketplace incentives analyst,"Typical first-two-years range $90,000 to $130,000. Not the Corporate economic analyst seat.",,Demand forecasting analyst,"Typical first-two-years range $90,000 to $130,000. Not the Corporate economic analyst seat.",
52.0701,Entrepreneurship/Entrepreneurial Studies,Business,business,cip6,Entrepreneurship/Entrepreneurial Studies,Family or small business operator,Founder associate at an early stage startup,"Typical first-two-years range $75,000 to $125,000. Not the Family or small business operator seat.",,Search fund and acquisition analyst,"Typical first-two-years range $75,000 to $125,000. Not the Family or small business operator seat.",,Venture platform lead,"Typical first-two-years range $75,000 to $125,000. Not the Family or small business operator seat.",
52.0702,Franchising and Franchise Operations,Business,business,cip6,Franchising and Franchise Operations,Franchise operations manager,Multi-unit acquisition operator,"Typical first-two-years range $78,000 to $115,000. Not the Franchise operations manager seat.",,Franchise development analytics lead,"Typical first-two-years range $78,000 to $115,000. Not the Franchise operations manager seat.",,Field technology rollout manager,"Typical first-two-years range $78,000 to $115,000. Not the Franchise operations manager seat.",
52.0703,Small Business Administration/Management,Business,business,cip6,Small Business Administration/Management,Small business manager,SMB fintech onboarding lead,"Typical first-two-years range $70,000 to $110,000. Not the Small business manager seat.",,Fractional operations manager,"Typical first-two-years range $70,000 to $110,000. Not the Small business manager seat.",,Local services rollup operator,"Typical first-two-years range $70,000 to $110,000. Not the Small business manager seat.",
52.0704,Social Entrepreneurship,Business,business,cip6,Social Entrepreneurship,Nonprofit program lead,Impact fund operations analyst,"Typical first-two-years range $72,000 to $115,000. Not the Nonprofit program lead seat.",,Climate or health venture associate,"Typical first-two-years range $72,000 to $115,000. Not the Nonprofit program lead seat.",,Blended finance program manager,"Typical first-two-years range $72,000 to $115,000. Not the Nonprofit program lead seat.",
52.0801,"Finance, General",Business,business,cip6,"Finance, General",Bank analyst,Private credit and fund operations analyst,"Typical first-two-years range $90,000 to $135,000. Not the Bank analyst seat.",,Fintech product and risk analyst,"Typical first-two-years range $90,000 to $135,000. Not the Bank analyst seat.",,Treasury and payments analyst,"Typical first-two-years range $90,000 to $135,000. Not the Bank analyst seat.",
52.0803,Banking and Financial Support Services,Business,business,cip6,Banking and Financial Support Services,Branch banking associate,Fraud and disputes analyst,"Typical first-two-years range $68,000 to $105,000. Not the Branch banking associate seat.",,Banking as a service operations lead,"Typical first-two-years range $68,000 to $105,000. Not the Branch banking associate seat.",,Compliance monitoring analyst,"Typical first-two-years range $68,000 to $105,000. Not the Branch banking associate seat.",
52.0804,Financial Planning and Services,Business,business,cip6,Financial Planning and Services,Advisory associate,RIA operations and technology lead,"Typical first-two-years range $80,000 to $125,000. Not the Advisory associate seat.",,Equity compensation planning specialist,"Typical first-two-years range $80,000 to $125,000. Not the Advisory associate seat.",,Digital advice platform analyst,"Typical first-two-years range $80,000 to $125,000. Not the Advisory associate seat.",
52.0806,International Finance,Business,business,cip6,International Finance,Corporate treasury analyst,Cross-border payments analyst,"Typical first-two-years range $90,000 to $135,000. Not the Corporate treasury analyst seat.",,FX and hedging operations lead,"Typical first-two-years range $90,000 to $135,000. Not the Corporate treasury analyst seat.",,Global entity finance analyst,"Typical first-two-years range $90,000 to $135,000. Not the Corporate treasury analyst seat.",
52.0807,Investments and Securities,Business,business,cip6,Investments and Securities,Sell-side research associate,Private markets data analyst,"Typical first-two-years range $95,000 to $145,000. Not the Sell-side research associate seat.",,Secondaries and liquidity analyst,"Typical first-two-years range $95,000 to $145,000. Not the Sell-side research associate seat.",,Systematic research associate,"Typical first-two-years range $95,000 to $145,000. Not the Sell-side research associate seat.",
52.0808,Public Finance,Business,business,cip6,Public Finance,Municipal budget analyst,Infrastructure project finance analyst,"Typical first-two-years range $82,000 to $125,000. Not the Municipal budget analyst seat.",,Tax credit and incentives analyst,"Typical first-two-years range $82,000 to $125,000. Not the Municipal budget analyst seat.",,Government technology finance lead,"Typical first-two-years range $82,000 to $125,000. Not the Municipal budget analyst seat.",
52.0809,Credit Management,Business,business,cip6,Credit Management,Credit analyst,Underwriting policy and model analyst,"Typical first-two-years range $82,000 to $125,000. Not the Credit analyst seat.",,Embedded lending risk analyst,"Typical first-two-years range $82,000 to $125,000. Not the Credit analyst seat.",,Collections automation lead,"Typical first-two-years range $82,000 to $125,000. Not the Credit analyst seat.",
52.0810,Financial Risk Management,Business,business,cip6,Financial Risk Management,Bank risk analyst,Model risk and AI validation analyst,"Typical first-two-years range $100,000 to $150,000. Not the Bank risk analyst seat.",,Digital asset risk analyst,"Typical first-two-years range $100,000 to $150,000. Not the Bank risk analyst seat.",,Climate risk quantification analyst,"Typical first-two-years range $100,000 to $150,000. Not the Bank risk analyst seat.",
52.0899,"Finance and Financial Management Services, Other",Business,business,cip6,"Finance and Financial Management Services, Other",Finance associate,Fund administration analyst,"Typical first-two-years range $82,000 to $125,000. Not the Finance associate seat.",,Fintech operations analyst,"Typical first-two-years range $82,000 to $125,000. Not the Finance associate seat.",,Financial data product analyst,"Typical first-two-years range $82,000 to $125,000. Not the Finance associate seat.",
52.0901,"Hospitality Administration/Management, General",Business,business,cip6,"Hospitality Administration/Management, General",Hotel operations manager,Revenue management and pricing analyst,"Typical first-two-years range $72,000 to $110,000. Not the Hotel operations manager seat.",,Short-term rental portfolio operator,"Typical first-two-years range $72,000 to $110,000. Not the Hotel operations manager seat.",,Guest experience technology lead,"Typical first-two-years range $72,000 to $110,000. Not the Hotel operations manager seat.",
52.0903,Tourism and Travel Services Management,Business,business,cip6,Tourism and Travel Services Management,Travel agency manager,Travel technology partnerships lead,"Typical first-two-years range $68,000 to $105,000. Not the Travel agency manager seat.",,Destination marketing data analyst,"Typical first-two-years range $68,000 to $105,000. Not the Travel agency manager seat.",,Experiential trip designer,"Typical first-two-years range $68,000 to $105,000. Not the Travel agency manager seat.",
52.0904,Hotel/Motel Administration/Management,Business,business,cip6,Hotel/Motel Administration/Management,Front office manager,Revenue and distribution analyst,"Typical first-two-years range $70,000 to $108,000. Not the Front office manager seat.",,Property technology deployment lead,"Typical first-two-years range $70,000 to $108,000. Not the Front office manager seat.",,Branded residence operations manager,"Typical first-two-years range $70,000 to $108,000. Not the Front office manager seat.",
52.0905,Restaurant/Food Services Management,Business,business,cip6,Restaurant/Food Services Management,Restaurant general manager,Multi-unit operations analyst,"Typical first-two-years range $70,000 to $110,000. Not the Restaurant general manager seat.",,Delivery channel manager,"Typical first-two-years range $70,000 to $110,000. Not the Restaurant general manager seat.",,Restaurant technology implementation lead,"Typical first-two-years range $70,000 to $110,000. Not the Restaurant general manager seat.",
52.0906,Resort Management,Business,business,cip6,Resort Management,Resort operations manager,Wellness resort program director,"Typical first-two-years range $75,000 to $115,000. Not the Resort operations manager seat.",,Ancillary revenue analyst,"Typical first-two-years range $75,000 to $115,000. Not the Resort operations manager seat.",,Destination sustainability lead,"Typical first-two-years range $75,000 to $115,000. Not the Resort operations manager seat.",
52.0907,Meeting and Event Planning,Business,business,cip6,Meeting and Event Planning,Event coordinator,Field marketing program manager,"Typical first-two-years range $70,000 to $110,000. Not the Event coordinator seat.",,Hybrid event production lead,"Typical first-two-years range $70,000 to $110,000. Not the Event coordinator seat.",,Community and conference operations manager,"Typical first-two-years range $70,000 to $110,000. Not the Event coordinator seat.",
52.0908,Casino Management,Business,business,cip6,Casino Management,Casino floor supervisor,Gaming compliance and AML analyst,"Typical first-two-years range $75,000 to $120,000. Not the Casino floor supervisor seat.",,Sports betting product operations lead,"Typical first-two-years range $75,000 to $120,000. Not the Casino floor supervisor seat.",,Player analytics manager,"Typical first-two-years range $75,000 to $120,000. Not the Casino floor supervisor seat.",
52.0909,"Hotel, Motel, and Restaurant Management",Business,business,cip6,"Hotel, Motel, and Restaurant Management",Property manager,Hospitality operations analyst,"Typical first-two-years range $70,000 to $108,000. Not the Property manager seat.",,Franchise performance manager,"Typical first-two-years range $70,000 to $108,000. Not the Property manager seat.",,Loyalty and guest data analyst,"Typical first-two-years range $70,000 to $108,000. Not the Property manager seat.",
52.0910,Brewery/Brewpub Operations/Management,Business,business,cip6,Brewery/Brewpub Operations/Management,Brewpub manager,Beverage brand channel manager,"Typical first-two-years range $65,000 to $100,000. Not the Brewpub manager seat.",,Production planning and quality lead,"Typical first-two-years range $65,000 to $100,000. Not the Brewpub manager seat.",,Nonalcoholic category product manager,"Typical first-two-years range $65,000 to $100,000. Not the Brewpub manager seat.",
52.0999,"Hospitality Administration/Management, Other",Business,business,cip6,"Hospitality Administration/Management, Other",Hospitality supervisor,Guest experience operations analyst,"Typical first-two-years range $65,000 to $100,000. Not the Hospitality supervisor seat.",,Hospitality technology account manager,"Typical first-two-years range $65,000 to $100,000. Not the Hospitality supervisor seat.",,Venue operations lead,"Typical first-two-years range $65,000 to $100,000. Not the Hospitality supervisor seat.",
52.1001,"Human Resources Management/Personnel Administration, General",Business,business,cip6,"Human Resources Management/Personnel Administration, General",Human resources generalist,People analytics analyst,"Typical first-two-years range $82,000 to $125,000. Not the Human resources generalist seat.",,Talent systems automation lead,"Typical first-two-years range $82,000 to $125,000. Not the Human resources generalist seat.",,Compensation and equity analyst,"Typical first-two-years range $82,000 to $125,000. Not the Human resources generalist seat.",
52.1002,Labor and Industrial Relations,Business,business,cip6,Labor and Industrial Relations,Labor relations specialist,Workforce transition and AI impact analyst,"Typical first-two-years range $90,000 to $135,000. Not the Labor relations specialist seat.",,Contingent workforce program manager,"Typical first-two-years range $90,000 to $135,000. Not the Labor relations specialist seat.",,Employment policy analyst,"Typical first-two-years range $90,000 to $135,000. Not the Labor relations specialist seat.",
52.1003,Organizational Behavior Studies,Business,business,cip6,Organizational Behavior Studies,Organization development associate,Organizational effectiveness analyst,"Typical first-two-years range $80,000 to $120,000. Not the Organization development associate seat.",,Employee listening science lead,"Typical first-two-years range $80,000 to $120,000. Not the Organization development associate seat.",,Change enablement consultant,"Typical first-two-years range $80,000 to $120,000. Not the Organization development associate seat.",
52.1004,Labor Studies,Business,business,cip6,Labor Studies,Union or agency researcher,Workforce data and policy analyst,"Typical first-two-years range $72,000 to $110,000. Not the Union or agency researcher seat.",,Job quality program lead,"Typical first-two-years range $72,000 to $110,000. Not the Union or agency researcher seat.",,Labor market research analyst,"Typical first-two-years range $72,000 to $110,000. Not the Union or agency researcher seat.",
52.1005,Human Resources Development,Business,business,cip6,Human Resources Development,Training coordinator,Learning experience designer,"Typical first-two-years range $75,000 to $115,000. Not the Training coordinator seat.",,Skills taxonomy and mobility analyst,"Typical first-two-years range $75,000 to $115,000. Not the Training coordinator seat.",,AI upskilling program manager,"Typical first-two-years range $75,000 to $115,000. Not the Training coordinator seat.",
52.1006,Executive/Career Coaching,Business,business,cip6,Executive/Career Coaching,Independent career coach,Internal career mobility program lead,"Typical first-two-years range $70,000 to $115,000. Not the Independent career coach seat.",,Coaching platform quality lead,"Typical first-two-years range $70,000 to $115,000. Not the Independent career coach seat.",,Workforce transition consultant,"Typical first-two-years range $70,000 to $115,000. Not the Independent career coach seat.",
52.1099,"Human Resources Management and Services, Other",Business,business,cip6,"Human Resources Management and Services, Other",Human resources coordinator,HR systems and operations analyst,"Typical first-two-years range $70,000 to $105,000. Not the Human resources coordinator seat.",,Employee relations case analyst,"Typical first-two-years range $70,000 to $105,000. Not the Human resources coordinator seat.",,Total rewards analyst,"Typical first-two-years range $70,000 to $105,000. Not the Human resources coordinator seat.",
52.1101,International Business/Trade/Commerce,Business,business,cip6,International Business/Trade/Commerce,Export or trade coordinator,Global expansion operations lead,"Typical first-two-years range $80,000 to $125,000. Not the Export or trade coordinator seat.",,Sanctions and trade compliance analyst,"Typical first-two-years range $80,000 to $125,000. Not the Export or trade coordinator seat.",,International partnerships manager,"Typical first-two-years range $80,000 to $125,000. Not the Export or trade coordinator seat.",
52.1201,"Management Information Systems, General",Business,business,cip6,"Management Information Systems, General",IT business analyst,Data platform analyst,"Typical first-two-years range $95,000 to $145,000. Not the IT business analyst seat.",,Enterprise AI integration analyst,"Typical first-two-years range $95,000 to $145,000. Not the IT business analyst seat.",,Identity and security systems analyst,"Typical first-two-years range $95,000 to $145,000. Not the IT business analyst seat.",
52.1206,Information Resources Management,Business,business,cip6,Information Resources Management,Records manager,Information governance and retention lead,"Typical first-two-years range $82,000 to $125,000. Not the Records manager seat.",,Data privacy operations analyst,"Typical first-two-years range $82,000 to $125,000. Not the Records manager seat.",,Content platform administrator,"Typical first-two-years range $82,000 to $125,000. Not the Records manager seat.",
52.1207,Knowledge Management,Business,business,cip6,Knowledge Management,Knowledge base administrator,Enterprise search and retrieval content lead,"Typical first-two-years range $90,000 to $135,000. Not the Knowledge base administrator seat.",,Taxonomy and ontology analyst,"Typical first-two-years range $90,000 to $135,000. Not the Knowledge base administrator seat.",,AI knowledge operations manager,"Typical first-two-years range $90,000 to $135,000. Not the Knowledge base administrator seat.",
52.1299,"Management Information Systems and Services, Other",Business,business,cip6,"Management Information Systems and Services, Other",Systems support analyst,Integration and automation engineer,"Typical first-two-years range $85,000 to $130,000. Not the Systems support analyst seat.",,Business intelligence analyst,"Typical first-two-years range $85,000 to $130,000. Not the Systems support analyst seat.",,SaaS governance lead,"Typical first-two-years range $85,000 to $130,000. Not the Systems support analyst seat.",
52.1301,Management Science,Business,business,cip6,Management Science,Operations research analyst,Optimization and simulation analyst,"Typical first-two-years range $100,000 to $150,000. Not the Operations research analyst seat.",,Pricing science analyst,"Typical first-two-years range $100,000 to $150,000. Not the Operations research analyst seat.",,Logistics network scientist,"Typical first-two-years range $100,000 to $150,000. Not the Operations research analyst seat.",
52.1302,Business Statistics,Business,business,cip6,Business Statistics,Statistical analyst,Experimentation and causal inference analyst,"Typical first-two-years range $95,000 to $145,000. Not the Statistical analyst seat.",,Marketing mix modeling analyst,"Typical first-two-years range $95,000 to $145,000. Not the Statistical analyst seat.",,Forecasting scientist,"Typical first-two-years range $95,000 to $145,000. Not the Statistical analyst seat.",
52.1304,Actuarial Science,Business,business,cip6,Actuarial Science,Actuarial analyst,Insurtech pricing analyst,"Typical first-two-years range $95,000 to $145,000. Not the Actuarial analyst seat.",,Catastrophe and climate modeling analyst,"Typical first-two-years range $95,000 to $145,000. Not the Actuarial analyst seat.",,Risk adjustment analyst,"Typical first-two-years range $95,000 to $145,000. Not the Actuarial analyst seat.",
52.1401,"Marketing/Marketing Management, General",Business,business,cip6,"Marketing/Marketing Management, General",Marketing coordinator,Growth and lifecycle analyst,"Typical first-two-years range $78,000 to $120,000. Not the Marketing coordinator seat.",,AI search visibility specialist,"Typical first-two-years range $78,000 to $120,000. Not the Marketing coordinator seat.",,Product marketing associate,"Typical first-two-years range $78,000 to $120,000. Not the Marketing coordinator seat.",
52.1402,Marketing Research,Business,business,cip6,Marketing Research,Market research analyst,Consumer insights science lead,"Typical first-two-years range $85,000 to $125,000. Not the Market research analyst seat.",,Win-loss and competitive intelligence analyst,"Typical first-two-years range $85,000 to $125,000. Not the Market research analyst seat.",,Synthetic research validation analyst,"Typical first-two-years range $85,000 to $125,000. Not the Market research analyst seat.",
52.1403,International Marketing,Business,business,cip6,International Marketing,Regional marketing coordinator,Localization and market entry lead,"Typical first-two-years range $78,000 to $118,000. Not the Regional marketing coordinator seat.",,Cross-border growth manager,"Typical first-two-years range $78,000 to $118,000. Not the Regional marketing coordinator seat.",,Global brand operations analyst,"Typical first-two-years range $78,000 to $118,000. Not the Regional marketing coordinator seat.",
52.1404,Digital Marketing,Business,business,cip6,Digital Marketing,Digital marketing associate,Paid media incrementality analyst,"Typical first-two-years range $78,000 to $125,000. Not the Digital marketing associate seat.",,Retail media network manager,"Typical first-two-years range $78,000 to $125,000. Not the Digital marketing associate seat.",,Customer data platform operations lead,"Typical first-two-years range $78,000 to $125,000. Not the Digital marketing associate seat.",
52.1499,"Marketing, Other",Business,business,cip6,"Marketing, Other",Marketing associate,Content operations and search analyst,"Typical first-two-years range $72,000 to $112,000. Not the Marketing associate seat.",,Affiliate and partner program manager,"Typical first-two-years range $72,000 to $112,000. Not the Marketing associate seat.",,Brand measurement analyst,"Typical first-two-years range $72,000 to $112,000. Not the Marketing associate seat.",
52.1501,Real Estate,Business,business,cip6,Real Estate,Residential agent or leasing manager,Proptech underwriting analyst,"Typical first-two-years range $75,000 to $125,000. Not the Residential agent or leasing manager seat.",,Data center and industrial site analyst,"Typical first-two-years range $75,000 to $125,000. Not the Residential agent or leasing manager seat.",,Build-to-rent portfolio analyst,"Typical first-two-years range $75,000 to $125,000. Not the Residential agent or leasing manager seat.",
52.1601,Taxation,Business,business,cip6,Taxation,Tax associate,Tax technology and automation analyst,"Typical first-two-years range $85,000 to $130,000. Not the Tax associate seat.",,Transfer pricing analyst,"Typical first-two-years range $85,000 to $130,000. Not the Tax associate seat.",,Energy and research credit specialist,"Typical first-two-years range $85,000 to $130,000. Not the Tax associate seat.",
52.1701,Insurance,Business,business,cip6,Insurance,Underwriting assistant,Insurtech pricing and product analyst,"Typical first-two-years range $75,000 to $120,000. Not the Underwriting assistant seat.",,Claims automation and fraud analyst,"Typical first-two-years range $75,000 to $120,000. Not the Underwriting assistant seat.",,Parametric climate product specialist,"Typical first-two-years range $75,000 to $120,000. Not the Underwriting assistant seat.",
52.1801,"Sales, Distribution, and Marketing Operations, General",Business,business,cip6,"Sales, Distribution, and Marketing Operations, General",Sales representative,Sales operations and CRM analyst,"Typical first-two-years range $75,000 to $118,000. Not the Sales representative seat.",,Revenue enablement lead,"Typical first-two-years range $75,000 to $118,000. Not the Sales representative seat.",,Partner channel operations manager,"Typical first-two-years range $75,000 to $118,000. Not the Sales representative seat.",
52.1803,Retailing and Retail Operations,Business,business,cip6,Retailing and Retail Operations,Retail supervisor,Retail operations analyst,"Typical first-two-years range $62,000 to $98,000. Not the Retail supervisor seat.",,Store technology rollout coordinator,"Typical first-two-years range $62,000 to $98,000. Not the Retail supervisor seat.",,Merchandise planning analyst,"Typical first-two-years range $62,000 to $98,000. Not the Retail supervisor seat.",
52.1804,Selling Skills and Sales Operations,Business,business,cip6,Selling Skills and Sales Operations,Inside sales representative,Technical account executive for AI products,"Typical first-two-years range $80,000 to $140,000. Not the Inside sales representative seat.",,Sales engineering associate,"Typical first-two-years range $80,000 to $140,000. Not the Inside sales representative seat.",,Expansion and renewals manager,"Typical first-two-years range $80,000 to $140,000. Not the Inside sales representative seat.",
52.1899,"General Merchandising, Sales, and Related Marketing Operations, Other",Business,business,cip6,"General Merchandising, Sales, and Related Marketing Operations, Other",Sales associate,Ecommerce account manager,"Typical first-two-years range $60,000 to $95,000. Not the Sales associate seat.",,Category and pricing analyst,"Typical first-two-years range $60,000 to $95,000. Not the Sales associate seat.",,Field sales operations coordinator,"Typical first-two-years range $60,000 to $95,000. Not the Sales associate seat.",
52.1901,Auctioneering,Business,business,cip6,Auctioneering,Auctioneer,Online marketplace category manager,"Typical first-two-years range $65,000 to $105,000. Not the Auctioneer seat.",,Asset recovery and liquidation analyst,"Typical first-two-years range $65,000 to $105,000. Not the Auctioneer seat.",,Authentication operations lead,"Typical first-two-years range $65,000 to $105,000. Not the Auctioneer seat.",
52.1902,Fashion Merchandising,Business,business,cip6,Fashion Merchandising,Assistant buyer,Ecommerce merchandising analyst,"Typical first-two-years range $68,000 to $108,000. Not the Assistant buyer seat.",,Resale and circular commerce operations lead,"Typical first-two-years range $68,000 to $108,000. Not the Assistant buyer seat.",,Social commerce manager,"Typical first-two-years range $68,000 to $108,000. Not the Assistant buyer seat.",
52.1903,Fashion Modeling,Business,business,cip6,Fashion Modeling,Agency model,Creator brand operator,"Typical first-two-years range $55,000 to $100,000. Not the Agency model seat.",,Virtual try-on digital asset model,"Typical first-two-years range $55,000 to $100,000. Not the Agency model seat.",,Casting and talent operations manager,"Typical first-two-years range $55,000 to $100,000. Not the Agency model seat.",
52.1904,Apparel and Accessories Marketing Operations,Business,business,cip6,Apparel and Accessories Marketing Operations,Wholesale account coordinator,Direct to consumer retention analyst,"Typical first-two-years range $65,000 to $105,000. Not the Wholesale account coordinator seat.",,Marketplace channel manager,"Typical first-two-years range $65,000 to $105,000. Not the Wholesale account coordinator seat.",,Sourcing and lifecycle analyst,"Typical first-two-years range $65,000 to $105,000. Not the Wholesale account coordinator seat.",
52.1905,Tourism and Travel Services Marketing Operations,Business,business,cip6,Tourism and Travel Services Marketing Operations,Travel marketing coordinator,Destination performance marketing analyst,"Typical first-two-years range $65,000 to $105,000. Not the Travel marketing coordinator seat.",,Travel loyalty partnerships manager,"Typical first-two-years range $65,000 to $105,000. Not the Travel marketing coordinator seat.",,Booking platform growth associate,"Typical first-two-years range $65,000 to $105,000. Not the Travel marketing coordinator seat.",
52.1906,Tourism Promotion Operations,Business,business,cip6,Tourism Promotion Operations,Visitor bureau coordinator,Visitor analytics lead,"Typical first-two-years range $62,000 to $100,000. Not the Visitor bureau coordinator seat.",,Creator partnership program manager,"Typical first-two-years range $62,000 to $100,000. Not the Visitor bureau coordinator seat.",,Sponsorship operations lead,"Typical first-two-years range $62,000 to $100,000. Not the Visitor bureau coordinator seat.",
52.1907,Vehicle and Vehicle Parts and Accessories Marketing Operations,Business,business,cip6,Vehicle and Vehicle Parts and Accessories Marketing Operations,Dealership or parts sales representative,EV aftermarket channel manager,"Typical first-two-years range $68,000 to $108,000. Not the Dealership or parts sales representative seat.",,Fleet and mobility account manager,"Typical first-two-years range $68,000 to $108,000. Not the Dealership or parts sales representative seat.",,Parts catalog and ecommerce analyst,"Typical first-two-years range $68,000 to $108,000. Not the Dealership or parts sales representative seat.",
52.1908,Business and Personal/Financial Services Marketing Operations,Business,business,cip6,Business and Personal/Financial Services Marketing Operations,Financial services marketing coordinator,Fintech lifecycle marketing analyst,"Typical first-two-years range $72,000 to $115,000. Not the Financial services marketing coordinator seat.",,Compliance content operations lead,"Typical first-two-years range $72,000 to $115,000. Not the Financial services marketing coordinator seat.",,Demand generation analyst,"Typical first-two-years range $72,000 to $115,000. Not the Financial services marketing coordinator seat.",
52.1909,Special Products Marketing Operations,Business,business,cip6,Special Products Marketing Operations,Product sales coordinator,Niche marketplace category lead,"Typical first-two-years range $65,000 to $105,000. Not the Product sales coordinator seat.",,Product launch operations manager,"Typical first-two-years range $65,000 to $105,000. Not the Product sales coordinator seat.",,Partner marketing associate,"Typical first-two-years range $65,000 to $105,000. Not the Product sales coordinator seat.",
52.1910,Hospitality and Recreation Marketing Operations,Business,business,cip6,Hospitality and Recreation Marketing Operations,Resort marketing coordinator,Ticketing and experience growth analyst,"Typical first-two-years range $65,000 to $105,000. Not the Resort marketing coordinator seat.",,Membership and loyalty manager,"Typical first-two-years range $65,000 to $105,000. Not the Resort marketing coordinator seat.",,Venue partnerships lead,"Typical first-two-years range $65,000 to $105,000. Not the Resort marketing coordinator seat.",
52.2001,"Construction Management, General",Business,business,cip6,"Construction Management, General",Assistant project manager,Data center construction project engineer,"Typical first-two-years range $90,000 to $140,000. Not the Assistant project manager seat.",,Preconstruction cost modeling analyst,"Typical first-two-years range $90,000 to $140,000. Not the Assistant project manager seat.",,Reality capture and construction technology lead,"Typical first-two-years range $90,000 to $140,000. Not the Assistant project manager seat.",
52.2002,Construction Project Management,Business,business,cip6,Construction Project Management,Project engineer,Renewables and grid project manager,"Typical first-two-years range $95,000 to $145,000. Not the Project engineer seat.",,Modular construction lead,"Typical first-two-years range $95,000 to $145,000. Not the Project engineer seat.",,Owner representative for capital programs,"Typical first-two-years range $95,000 to $145,000. Not the Project engineer seat.",
52.2099,"Construction Management, Other",Business,business,cip6,"Construction Management, Other",Field coordinator,Scheduling and project controls analyst,"Typical first-two-years range $82,000 to $125,000. Not the Field coordinator seat.",,Safety technology program lead,"Typical first-two-years range $82,000 to $125,000. Not the Field coordinator seat.",,Commissioning coordinator,"Typical first-two-years range $82,000 to $125,000. Not the Field coordinator seat.",
52.2101,Telecommunications Management,Business,business,cip6,Telecommunications Management,Network operations coordinator,Fiber and broadband program manager,"Typical first-two-years range $88,000 to $135,000. Not the Network operations coordinator seat.",,Data center network capacity analyst,"Typical first-two-years range $88,000 to $135,000. Not the Network operations coordinator seat.",,Private 5G deployment lead,"Typical first-two-years range $88,000 to $135,000. Not the Network operations coordinator seat.",
54.0101,"History, General",History,humanities,cip6,"History, General","Museum or archive assistant, K-12 teacher",Trust and safety policy analyst,"Typical first-two-years range $70,000 to $110,000. Not the Museum or archive assistant, K-12 teacher seat.",,E-discovery and records analyst,"Typical first-two-years range $70,000 to $110,000. Not the Museum or archive assistant, K-12 teacher seat.",,Model red-team researcher,"Typical first-two-years range $70,000 to $110,000. Not the Museum or archive assistant, K-12 teacher seat.",
54.0102,American  History (United States),History,humanities,cip6,American  History (United States),Secondary history teacher,Public policy research analyst,"Typical first-two-years range $70,000 to $110,000. Not the Secondary history teacher seat.",,Cultural heritage digitization lead,"Typical first-two-years range $70,000 to $110,000. Not the Secondary history teacher seat.",,Archival AI training data curator,"Typical first-two-years range $70,000 to $110,000. Not the Secondary history teacher seat.",
54.0103,European History,History,humanities,cip6,European History,Academic research assistant,Geopolitical risk analyst,"Typical first-two-years range $75,000 to $120,000. Not the Academic research assistant seat.",,Sanctions and export control researcher,"Typical first-two-years range $75,000 to $120,000. Not the Academic research assistant seat.",,Market context and localization researcher,"Typical first-two-years range $75,000 to $120,000. Not the Academic research assistant seat.",
54.0104,History and Philosophy of Science and Technology,History,humanities,cip6,History and Philosophy of Science and Technology,University lecturer or research assistant,AI policy and governance researcher,"Typical first-two-years range $85,000 to $135,000. Not the University lecturer or research assistant seat.",,Science communication and standards analyst,"Typical first-two-years range $85,000 to $135,000. Not the University lecturer or research assistant seat.",,Technology ethics program lead,"Typical first-two-years range $85,000 to $135,000. Not the University lecturer or research assistant seat.",
54.0105,Public/Applied History,History,humanities,cip6,Public/Applied History,Historic preservation coordinator,Cultural resource compliance analyst,"Typical first-two-years range $68,000 to $105,000. Not the Historic preservation coordinator seat.",,Digital exhibit producer,"Typical first-two-years range $68,000 to $105,000. Not the Historic preservation coordinator seat.",,Heritage grants manager,"Typical first-two-years range $68,000 to $105,000. Not the Historic preservation coordinator seat.",
54.0106,Asian History,History,humanities,cip6,Asian History,Area studies research assistant,Supply chain geopolitical analyst,"Typical first-two-years range $78,000 to $125,000. Not the Area studies research assistant seat.",,Export control research analyst,"Typical first-two-years range $78,000 to $125,000. Not the Area studies research assistant seat.",,Regional market entry analyst,"Typical first-two-years range $78,000 to $125,000. Not the Area studies research assistant seat.",
54.0107,Canadian History,History,humanities,cip6,Canadian History,Archivist or teacher,Cross-border policy analyst,"Typical first-two-years range $70,000 to $110,000. Not the Archivist or teacher seat.",,Indigenous consultation coordinator,"Typical first-two-years range $70,000 to $110,000. Not the Archivist or teacher seat.",,Resource permitting researcher,"Typical first-two-years range $70,000 to $110,000. Not the Archivist or teacher seat.",
54.0108,Military History,History,humanities,cip6,Military History,Command historian or teacher,Open-source defense intelligence analyst,"Typical first-two-years range $80,000 to $130,000. Not the Command historian or teacher seat.",,Wargaming and simulation designer,"Typical first-two-years range $80,000 to $130,000. Not the Command historian or teacher seat.",,Defense technology program analyst,"Typical first-two-years range $80,000 to $130,000. Not the Command historian or teacher seat.",
54.0199,"History, Other",History,humanities,cip6,"History, Other",Research or archive assistant,Information provenance analyst,"Typical first-two-years range $70,000 to $110,000. Not the Research or archive assistant seat.",,Knowledge curation lead for AI systems,"Typical first-two-years range $70,000 to $110,000. Not the Research or archive assistant seat.",,Records governance analyst,"Typical first-two-years range $70,000 to $110,000. Not the Research or archive assistant seat.",
60.0102,Dental Public Health Residency Program,Other,health,cip2,Health Residencies,dentists,Health information technologist,"EHR, registries, and quality reporting — the data side of the clinic.",29-9021,Clinical specialist (devices),Vendor-side training on equipment; the commercial cousin of the unit.,,Compliance officer,"Policy as an operating constraint inside a company, hospital, or campus.",13-1041
60.0103,Endodontics Residency Program,Other,health,cip2,Health Residencies,dentists,Health information technologist,"EHR, registries, and quality reporting — the data side of the clinic.",29-9021,Clinical specialist (devices),Vendor-side training on equipment; the commercial cousin of the unit.,,Compliance officer,"Policy as an operating constraint inside a company, hospital, or campus.",13-1041
60.0104,Oral and Maxillofacial Pathology Residency Program,Other,health,cip2,Health Residencies,dentists,Health information technologist,"EHR, registries, and quality reporting — the data side of the clinic.",29-9021,Clinical specialist (devices),Vendor-side training on equipment; the commercial cousin of the unit.,,Compliance officer,"Policy as an operating constraint inside a company, hospital, or campus.",13-1041
60.0106,Pediatric Dentistry Residency Program,Other,health,cip2,Health Residencies,dentists,Health information technologist,"EHR, registries, and quality reporting — the data side of the clinic.",29-9021,Clinical specialist (devices),Vendor-side training on equipment; the commercial cousin of the unit.,,Compliance officer,"Policy as an operating constraint inside a company, hospital, or campus.",13-1041
60.0107,Periodontology Residency Program,Other,health,cip2,Health Residencies,dentists,Health information technologist,"EHR, registries, and quality reporting — the data side of the clinic.",29-9021,Clinical specialist (devices),Vendor-side training on equipment; the commercial cousin of the unit.,,Compliance officer,"Policy as an operating constraint inside a company, hospital, or campus.",13-1041
60.0109,Oral and Maxillofacial Radiology Residency Program,Other,health,cip2,Health Residencies,dentists,Health information technologist,"EHR, registries, and quality reporting — the data side of the clinic.",29-9021,Clinical specialist (devices),Vendor-side training on equipment; the commercial cousin of the unit.,,Compliance officer,"Policy as an operating constraint inside a company, hospital, or campus.",13-1041
60.0199,"Dental Residency/Fellowship Program, Other",Other,health,cip2,Health Residencies,dentists,Health information technologist,"EHR, registries, and quality reporting — the data side of the clinic.",29-9021,Clinical specialist (devices),Vendor-side training on equipment; the commercial cousin of the unit.,,Compliance officer,"Policy as an operating constraint inside a company, hospital, or campus.",13-1041
60.0301,Veterinary Anesthesiology Residency Program,Other,health,cip2,Health Residencies,veterinarians,Health information technologist,"EHR, registries, and quality reporting — the data side of the clinic.",29-9021,Clinical specialist (devices),Vendor-side training on equipment; the commercial cousin of the unit.,,Compliance officer,"Policy as an operating constraint inside a company, hospital, or campus.",13-1041
60.0302,Veterinary Dentistry Residency Program,Other,health,cip2,Health Residencies,veterinarians,Health information technologist,"EHR, registries, and quality reporting — the data side of the clinic.",29-9021,Clinical specialist (devices),Vendor-side training on equipment; the commercial cousin of the unit.,,Compliance officer,"Policy as an operating constraint inside a company, hospital, or campus.",13-1041
60.0303,Veterinary Dermatology Residency Program,Other,health,cip2,Health Residencies,veterinarians,Health information technologist,"EHR, registries, and quality reporting — the data side of the clinic.",29-9021,Clinical specialist (devices),Vendor-side training on equipment; the commercial cousin of the unit.,,Compliance officer,"Policy as an operating constraint inside a company, hospital, or campus.",13-1041
60.0304,Veterinary Emergency and Critical Care Medicine Residency Program,Other,health,cip2,Health Residencies,veterinarians,Health information technologist,"EHR, registries, and quality reporting — the data side of the clinic.",29-9021,Clinical specialist (devices),Vendor-side training on equipment; the commercial cousin of the unit.,,Compliance officer,"Policy as an operating constraint inside a company, hospital, or campus.",13-1041
60.0305,Veterinary Internal Medicine Residency Program,Other,health,cip2,Health Residencies,veterinarians,Health information technologist,"EHR, registries, and quality reporting — the data side of the clinic.",29-9021,Clinical specialist (devices),Vendor-side training on equipment; the commercial cousin of the unit.,,Compliance officer,"Policy as an operating constraint inside a company, hospital, or campus.",13-1041
60.0306,Laboratory Animal Medicine Residency Program,Other,health,cip2,Health Residencies,veterinarians,Health information technologist,"EHR, registries, and quality reporting — the data side of the clinic.",29-9021,Clinical specialist (devices),Vendor-side training on equipment; the commercial cousin of the unit.,,Compliance officer,"Policy as an operating constraint inside a company, hospital, or campus.",13-1041
60.0307,Veterinary Microbiology Residency Program,Other,health,cip2,Health Residencies,veterinarians,Health information technologist,"EHR, registries, and quality reporting — the data side of the clinic.",29-9021,Clinical specialist (devices),Vendor-side training on equipment; the commercial cousin of the unit.,,Compliance officer,"Policy as an operating constraint inside a company, hospital, or campus.",13-1041
60.0308,Veterinary Nutrition Residency Program,Other,health,cip2,Health Residencies,veterinarians,Health information technologist,"EHR, registries, and quality reporting — the data side of the clinic.",29-9021,Clinical specialist (devices),Vendor-side training on equipment; the commercial cousin of the unit.,,Compliance officer,"Policy as an operating constraint inside a company, hospital, or campus.",13-1041
60.0309,Veterinary Ophthalmology Residency Program,Other,health,cip2,Health Residencies,veterinarians,Health information technologist,"EHR, registries, and quality reporting — the data side of the clinic.",29-9021,Clinical specialist (devices),Vendor-side training on equipment; the commercial cousin of the unit.,,Compliance officer,"Policy as an operating constraint inside a company, hospital, or campus.",13-1041
60.0310,Veterinary Pathology Residency Program,Other,health,cip2,Health Residencies,veterinarians,Health information technologist,"EHR, registries, and quality reporting — the data side of the clinic.",29-9021,Clinical specialist (devices),Vendor-side training on equipment; the commercial cousin of the unit.,,Compliance officer,"Policy as an operating constraint inside a company, hospital, or campus.",13-1041
60.0311,Veterinary Practice Residency Program,Other,health,cip2,Health Residencies,veterinarians,Health information technologist,"EHR, registries, and quality reporting — the data side of the clinic.",29-9021,Clinical specialist (devices),Vendor-side training on equipment; the commercial cousin of the unit.,,Compliance officer,"Policy as an operating constraint inside a company, hospital, or campus.",13-1041
60.0312,Veterinary Preventive Medicine Residency Program,Other,health,cip2,Health Residencies,veterinarians,Health information technologist,"EHR, registries, and quality reporting — the data side of the clinic.",29-9021,Clinical specialist (devices),Vendor-side training on equipment; the commercial cousin of the unit.,,Compliance officer,"Policy as an operating constraint inside a company, hospital, or campus.",13-1041
60.0313,Veterinary Radiology Residency Program,Other,health,cip2,Health Residencies,veterinarians,Health information technologist,"EHR, registries, and quality reporting — the data side of the clinic.",29-9021,Clinical specialist (devices),Vendor-side training on equipment; the commercial cousin of the unit.,,Compliance officer,"Policy as an operating constraint inside a company, hospital, or campus.",13-1041
60.0314,Veterinary Surgery Residency Program,Other,health,cip2,Health Residencies,veterinarians,Health information technologist,"EHR, registries, and quality reporting — the data side of the clinic.",29-9021,Clinical specialist (devices),Vendor-side training on equipment; the commercial cousin of the unit.,,Compliance officer,"Policy as an operating constraint inside a company, hospital, or campus.",13-1041
60.0315,Theriogenology Residency Program,Other,health,cip2,Health Residencies,veterinarians,Health information technologist,"EHR, registries, and quality reporting — the data side of the clinic.",29-9021,Clinical specialist (devices),Vendor-side training on equipment; the commercial cousin of the unit.,,Compliance officer,"Policy as an operating constraint inside a company, hospital, or campus.",13-1041
60.0316,Veterinary Toxicology Residency Program,Other,health,cip2,Health Residencies,veterinarians,Health information technologist,"EHR, registries, and quality reporting — the data side of the clinic.",29-9021,Clinical specialist (devices),Vendor-side training on equipment; the commercial cousin of the unit.,,Compliance officer,"Policy as an operating constraint inside a company, hospital, or campus.",13-1041
60.0317,Zoological Medicine Residency Program,Other,health,cip2,Health Residencies,veterinarians,Health information technologist,"EHR, registries, and quality reporting — the data side of the clinic.",29-9021,Clinical specialist (devices),Vendor-side training on equipment; the commercial cousin of the unit.,,Compliance officer,"Policy as an operating constraint inside a company, hospital, or campus.",13-1041
60.0318,Poultry Veterinarian Residency Program,Other,health,cip2,Health Residencies,veterinarians,Health information technologist,"EHR, registries, and quality reporting — the data side of the clinic.",29-9021,Clinical specialist (devices),Vendor-side training on equipment; the commercial cousin of the unit.,,Compliance officer,"Policy as an operating constraint inside a company, hospital, or campus.",13-1041
60.0319,Veterinary Behaviorist Residency Program,Other,health,cip2,Health Residencies,veterinarians,Health information technologist,"EHR, registries, and quality reporting — the data side of the clinic.",29-9021,Clinical specialist (devices),Vendor-side training on equipment; the commercial cousin of the unit.,,Compliance officer,"Policy as an operating constraint inside a company, hospital, or campus.",13-1041
60.0320,Veterinary Clinical Pharmacology Residency Program,Other,health,cip2,Health Residencies,veterinarians,Health information technologist,"EHR, registries, and quality reporting — the data side of the clinic.",29-9021,Clinical specialist (devices),Vendor-side training on equipment; the commercial cousin of the unit.,,Compliance officer,"Policy as an operating constraint inside a company, hospital, or campus.",13-1041
60.0399,"Veterinary Residency/Fellowship Program, Other",Other,health,cip2,Health Residencies,veterinarians,Health information technologist,"EHR, registries, and quality reporting — the data side of the clinic.",29-9021,Clinical specialist (devices),Vendor-side training on equipment; the commercial cousin of the unit.,,Compliance officer,"Policy as an operating constraint inside a company, hospital, or campus.",13-1041
60.0701,"Nurse Practitioner Residency/Fellowship Program, General",Other,health,cip2,Health Residencies,nurse practitioners,Health information technologist,"EHR, registries, and quality reporting — the data side of the clinic.",29-9021,Clinical specialist (devices),Vendor-side training on equipment; the commercial cousin of the unit.,,Compliance officer,"Policy as an operating constraint inside a company, hospital, or campus.",13-1041
60.0702,Combined Nurse Practitioner Residency/Fellowship Program,Other,health,cip2,Health Residencies,nurse practitioners,Health information technologist,"EHR, registries, and quality reporting — the data side of the clinic.",29-9021,Clinical specialist (devices),Vendor-side training on equipment; the commercial cousin of the unit.,,Compliance officer,"Policy as an operating constraint inside a company, hospital, or campus.",13-1041
60.0703,Acute Care Nurse Practitioner Residency/Fellowship Program,Other,health,cip2,Health Residencies,nurse practitioners,Health information technologist,"EHR, registries, and quality reporting — the data side of the clinic.",29-9021,Clinical specialist (devices),Vendor-side training on equipment; the commercial cousin of the unit.,,Compliance officer,"Policy as an operating constraint inside a company, hospital, or campus.",13-1041
60.0704,Adult/Gerontology Acute Care Nurse Practitioner Residency/Fellowship Program,Other,health,cip2,Health Residencies,nurse practitioners,Health information technologist,"EHR, registries, and quality reporting — the data side of the clinic.",29-9021,Clinical specialist (devices),Vendor-side training on equipment; the commercial cousin of the unit.,,Compliance officer,"Policy as an operating constraint inside a company, hospital, or campus.",13-1041
60.0705,Adult/Gerontology Critical Care Nurse Practitioner Residency/Fellowship Program,Other,health,cip2,Health Residencies,nurse practitioners,Health information technologist,"EHR, registries, and quality reporting — the data side of the clinic.",29-9021,Clinical specialist (devices),Vendor-side training on equipment; the commercial cousin of the unit.,,Compliance officer,"Policy as an operating constraint inside a company, hospital, or campus.",13-1041
60.0706,Cardiology/Cardiovascular Nurse Practitioner Residency/Fellowship Program,Other,health,cip2,Health Residencies,nurse practitioners,Health information technologist,"EHR, registries, and quality reporting — the data side of the clinic.",29-9021,Clinical specialist (devices),Vendor-side training on equipment; the commercial cousin of the unit.,,Compliance officer,"Policy as an operating constraint inside a company, hospital, or campus.",13-1041
60.0707,Clinical Informatics Nurse Practitioner Residency/Fellowship Program,Other,health,cip2,Health Residencies,nurse practitioners,Health information technologist,"EHR, registries, and quality reporting — the data side of the clinic.",29-9021,Clinical specialist (devices),Vendor-side training on equipment; the commercial cousin of the unit.,,Compliance officer,"Policy as an operating constraint inside a company, hospital, or campus.",13-1041
60.0708,Dermatology Nurse Practitioner Residency/Fellowship Program,Other,health,cip2,Health Residencies,nurse practitioners,Health information technologist,"EHR, registries, and quality reporting — the data side of the clinic.",29-9021,Clinical specialist (devices),Vendor-side training on equipment; the commercial cousin of the unit.,,Compliance officer,"Policy as an operating constraint inside a company, hospital, or campus.",13-1041
60.0709,Developmental and Behavioral Pediatrics Nurse Practitioner Residency/Fellowship Program,Other,health,cip2,Health Residencies,nurse practitioners,Health information technologist,"EHR, registries, and quality reporting — the data side of the clinic.",29-9021,Clinical specialist (devices),Vendor-side training on equipment; the commercial cousin of the unit.,,Compliance officer,"Policy as an operating constraint inside a company, hospital, or campus.",13-1041
60.0710,Diabetes Nurse Practitioner Residency/Fellowship Program,Other,health,cip2,Health Residencies,nurse practitioners,Health information technologist,"EHR, registries, and quality reporting — the data side of the clinic.",29-9021,Clinical specialist (devices),Vendor-side training on equipment; the commercial cousin of the unit.,,Compliance officer,"Policy as an operating constraint inside a company, hospital, or campus.",13-1041
60.0711,Emergency Medicine Nurse Practitioner Residency/Fellowship Program,Other,health,cip2,Health Residencies,nurse practitioners,Health information technologist,"EHR, registries, and quality reporting — the data side of the clinic.",29-9021,Clinical specialist (devices),Vendor-side training on equipment; the commercial cousin of the unit.,,Compliance officer,"Policy as an operating constraint inside a company, hospital, or campus.",13-1041
60.0712,Endocrinology Nurse Practitioner Residency/Fellowship Program,Other,health,cip2,Health Residencies,nurse practitioners,Health information technologist,"EHR, registries, and quality reporting — the data side of the clinic.",29-9021,Clinical specialist (devices),Vendor-side training on equipment; the commercial cousin of the unit.,,Compliance officer,"Policy as an operating constraint inside a company, hospital, or campus.",13-1041
60.0713,Family Medicine Nurse Practitioner Residency/Fellowship Program,Other,health,cip2,Health Residencies,nurse practitioners,Health information technologist,"EHR, registries, and quality reporting — the data side of the clinic.",29-9021,Clinical specialist (devices),Vendor-side training on equipment; the commercial cousin of the unit.,,Compliance officer,"Policy as an operating constraint inside a company, hospital, or campus.",13-1041
60.0714,Gastroenterology and Hepatology Nurse Practitioner Residency/Fellowship Program,Other,health,cip2,Health Residencies,nurse practitioners,Health information technologist,"EHR, registries, and quality reporting — the data side of the clinic.",29-9021,Clinical specialist (devices),Vendor-side training on equipment; the commercial cousin of the unit.,,Compliance officer,"Policy as an operating constraint inside a company, hospital, or campus.",13-1041
60.0715,Gastroenterology Nurse Practitioner Residency/Fellowship Program,Other,health,cip2,Health Residencies,nurse practitioners,Health information technologist,"EHR, registries, and quality reporting — the data side of the clinic.",29-9021,Clinical specialist (devices),Vendor-side training on equipment; the commercial cousin of the unit.,,Compliance officer,"Policy as an operating constraint inside a company, hospital, or campus.",13-1041
60.0716,Genetics Nurse Practitioner Residency/Fellowship Program,Other,health,cip2,Health Residencies,nurse practitioners,Health information technologist,"EHR, registries, and quality reporting — the data side of the clinic.",29-9021,Clinical specialist (devices),Vendor-side training on equipment; the commercial cousin of the unit.,,Compliance officer,"Policy as an operating constraint inside a company, hospital, or campus.",13-1041
60.0717,Gerontology Nurse Practitioner Residency/Fellowship Program,Other,health,cip2,Health Residencies,nurse practitioners,Health information technologist,"EHR, registries, and quality reporting — the data side of the clinic.",29-9021,Clinical specialist (devices),Vendor-side training on equipment; the commercial cousin of the unit.,,Compliance officer,"Policy as an operating constraint inside a company, hospital, or campus.",13-1041
60.0718,Global Health Nurse Practitioner Residency/Fellowship Program,Other,health,cip2,Health Residencies,nurse practitioners,Health information technologist,"EHR, registries, and quality reporting — the data side of the clinic.",29-9021,Clinical specialist (devices),Vendor-side training on equipment; the commercial cousin of the unit.,,Compliance officer,"Policy as an operating constraint inside a company, hospital, or campus.",13-1041
60.0719,Hematology-Oncology Nurse Practitioner Residency/Fellowship Program,Other,health,cip2,Health Residencies,nurse practitioners,Health information technologist,"EHR, registries, and quality reporting — the data side of the clinic.",29-9021,Clinical specialist (devices),Vendor-side training on equipment; the commercial cousin of the unit.,,Compliance officer,"Policy as an operating constraint inside a company, hospital, or campus.",13-1041
60.0720,Hepatology Nurse Practitioner Residency/Fellowship Program,Other,health,cip2,Health Residencies,nurse practitioners,Health information technologist,"EHR, registries, and quality reporting — the data side of the clinic.",29-9021,Clinical specialist (devices),Vendor-side training on equipment; the commercial cousin of the unit.,,Compliance officer,"Policy as an operating constraint inside a company, hospital, or campus.",13-1041
60.0721,Home-Based Primary Care Nurse Practitioner Residency/Fellowship Program,Other,health,cip2,Health Residencies,nurse practitioners,Health information technologist,"EHR, registries, and quality reporting — the data side of the clinic.",29-9021,Clinical specialist (devices),Vendor-side training on equipment; the commercial cousin of the unit.,,Compliance officer,"Policy as an operating constraint inside a company, hospital, or campus.",13-1041
60.0722,Hospice and Palliative Medicine Nurse Practitioner Residency/Fellowship Program,Other,health,cip2,Health Residencies,nurse practitioners,Health information technologist,"EHR, registries, and quality reporting — the data side of the clinic.",29-9021,Clinical specialist (devices),Vendor-side training on equipment; the commercial cousin of the unit.,,Compliance officer,"Policy as an operating constraint inside a company, hospital, or campus.",13-1041
60.0723,Hospital Medicine Nurse Practitioner Residency/Fellowship Program,Other,health,cip2,Health Residencies,nurse practitioners,Health information technologist,"EHR, registries, and quality reporting — the data side of the clinic.",29-9021,Clinical specialist (devices),Vendor-side training on equipment; the commercial cousin of the unit.,,Compliance officer,"Policy as an operating constraint inside a company, hospital, or campus.",13-1041
60.0724,Infectious Diseases Nurse Practitioner Residency/Fellowship Program,Other,health,cip2,Health Residencies,nurse practitioners,Health information technologist,"EHR, registries, and quality reporting — the data side of the clinic.",29-9021,Clinical specialist (devices),Vendor-side training on equipment; the commercial cousin of the unit.,,Compliance officer,"Policy as an operating constraint inside a company, hospital, or campus.",13-1041
60.0725,Neonatal Nurse Practitioner Residency/Fellowship Program,Other,health,cip2,Health Residencies,nurse practitioners,Health information technologist,"EHR, registries, and quality reporting — the data side of the clinic.",29-9021,Clinical specialist (devices),Vendor-side training on equipment; the commercial cousin of the unit.,,Compliance officer,"Policy as an operating constraint inside a company, hospital, or campus.",13-1041
60.0726,Nephrology Nurse Practitioner Residency/Fellowship Program,Other,health,cip2,Health Residencies,nurse practitioners,Health information technologist,"EHR, registries, and quality reporting — the data side of the clinic.",29-9021,Clinical specialist (devices),Vendor-side training on equipment; the commercial cousin of the unit.,,Compliance officer,"Policy as an operating constraint inside a company, hospital, or campus.",13-1041
60.0727,Neurology Nurse Practitioner Residency/Fellowship Program,Other,health,cip2,Health Residencies,nurse practitioners,Health information technologist,"EHR, registries, and quality reporting — the data side of the clinic.",29-9021,Clinical specialist (devices),Vendor-side training on equipment; the commercial cousin of the unit.,,Compliance officer,"Policy as an operating constraint inside a company, hospital, or campus.",13-1041
60.0728,Neuroscience Nurse Practitioner Residency/Fellowship Program,Other,health,cip2,Health Residencies,nurse practitioners,Health information technologist,"EHR, registries, and quality reporting — the data side of the clinic.",29-9021,Clinical specialist (devices),Vendor-side training on equipment; the commercial cousin of the unit.,,Compliance officer,"Policy as an operating constraint inside a company, hospital, or campus.",13-1041
60.0729,Obstetrics and Gynecology Nurse Practitioner Residency/Fellowship Program,Other,health,cip2,Health Residencies,nurse practitioners,Health information technologist,"EHR, registries, and quality reporting — the data side of the clinic.",29-9021,Clinical specialist (devices),Vendor-side training on equipment; the commercial cousin of the unit.,,Compliance officer,"Policy as an operating constraint inside a company, hospital, or campus.",13-1041
60.0730,Occupational Health Nurse Practitioner Residency/Fellowship Program,Other,health,cip2,Health Residencies,nurse practitioners,Health information technologist,"EHR, registries, and quality reporting — the data side of the clinic.",29-9021,Clinical specialist (devices),Vendor-side training on equipment; the commercial cousin of the unit.,,Compliance officer,"Policy as an operating constraint inside a company, hospital, or campus.",13-1041
60.0731,Orthopedic Nurse Practitioner Residency/Fellowship Program,Other,health,cip2,Health Residencies,nurse practitioners,Health information technologist,"EHR, registries, and quality reporting — the data side of the clinic.",29-9021,Clinical specialist (devices),Vendor-side training on equipment; the commercial cousin of the unit.,,Compliance officer,"Policy as an operating constraint inside a company, hospital, or campus.",13-1041
60.0732,Orthopedic Surgery Nurse Practitioner Residency/Fellowship Program,Other,health,cip2,Health Residencies,nurse practitioners,Health information technologist,"EHR, registries, and quality reporting — the data side of the clinic.",29-9021,Clinical specialist (devices),Vendor-side training on equipment; the commercial cousin of the unit.,,Compliance officer,"Policy as an operating constraint inside a company, hospital, or campus.",13-1041
60.0733,Pain Management Nurse Practitioner Residency/Fellowship Program,Other,health,cip2,Health Residencies,nurse practitioners,Health information technologist,"EHR, registries, and quality reporting — the data side of the clinic.",29-9021,Clinical specialist (devices),Vendor-side training on equipment; the commercial cousin of the unit.,,Compliance officer,"Policy as an operating constraint inside a company, hospital, or campus.",13-1041
60.0734,Palliative Care Nurse Practitioner Residency/Fellowship Program,Other,health,cip2,Health Residencies,nurse practitioners,Health information technologist,"EHR, registries, and quality reporting — the data side of the clinic.",29-9021,Clinical specialist (devices),Vendor-side training on equipment; the commercial cousin of the unit.,,Compliance officer,"Policy as an operating constraint inside a company, hospital, or campus.",13-1041
60.0735,Pediatric Hematology-Oncology Nurse Practitioner Residency/Fellowship Program,Other,health,cip2,Health Residencies,nurse practitioners,Health information technologist,"EHR, registries, and quality reporting — the data side of the clinic.",29-9021,Clinical specialist (devices),Vendor-side training on equipment; the commercial cousin of the unit.,,Compliance officer,"Policy as an operating constraint inside a company, hospital, or campus.",13-1041
60.0736,Pediatric Nurse Practitioner Residency/Fellowship Program,Other,health,cip2,Health Residencies,nurse practitioners,Health information technologist,"EHR, registries, and quality reporting — the data side of the clinic.",29-9021,Clinical specialist (devices),Vendor-side training on equipment; the commercial cousin of the unit.,,Compliance officer,"Policy as an operating constraint inside a company, hospital, or campus.",13-1041
60.0737,Pediatric Rehabilitation Nurse Practitioner Residency/Fellowship Program,Other,health,cip2,Health Residencies,nurse practitioners,Health information technologist,"EHR, registries, and quality reporting — the data side of the clinic.",29-9021,Clinical specialist (devices),Vendor-side training on equipment; the commercial cousin of the unit.,,Compliance officer,"Policy as an operating constraint inside a company, hospital, or campus.",13-1041
60.0738,Psychiatric/Mental Health Nurse Practitioner Residency/Fellowship Program,Other,health,cip2,Health Residencies,nurse practitioners,Health information technologist,"EHR, registries, and quality reporting — the data side of the clinic.",29-9021,Clinical specialist (devices),Vendor-side training on equipment; the commercial cousin of the unit.,,Compliance officer,"Policy as an operating constraint inside a company, hospital, or campus.",13-1041
60.0739,Public/Community Health Nurse Practitioner Residency/Fellowship Program,Other,health,cip2,Health Residencies,nurse practitioners,Health information technologist,"EHR, registries, and quality reporting — the data side of the clinic.",29-9021,Clinical specialist (devices),Vendor-side training on equipment; the commercial cousin of the unit.,,Compliance officer,"Policy as an operating constraint inside a company, hospital, or campus.",13-1041
60.0740,Pulmonary Nurse Practitioner Residency/Fellowship Program,Other,health,cip2,Health Residencies,nurse practitioners,Health information technologist,"EHR, registries, and quality reporting — the data side of the clinic.",29-9021,Clinical specialist (devices),Vendor-side training on equipment; the commercial cousin of the unit.,,Compliance officer,"Policy as an operating constraint inside a company, hospital, or campus.",13-1041
60.0741,Rheumatology Nurse Practitioner Residency/Fellowship Program,Other,health,cip2,Health Residencies,nurse practitioners,Health information technologist,"EHR, registries, and quality reporting — the data side of the clinic.",29-9021,Clinical specialist (devices),Vendor-side training on equipment; the commercial cousin of the unit.,,Compliance officer,"Policy as an operating constraint inside a company, hospital, or campus.",13-1041
60.0742,Rural Health Nurse Practitioner Residency/Fellowship Program,Other,health,cip2,Health Residencies,nurse practitioners,Health information technologist,"EHR, registries, and quality reporting — the data side of the clinic.",29-9021,Clinical specialist (devices),Vendor-side training on equipment; the commercial cousin of the unit.,,Compliance officer,"Policy as an operating constraint inside a company, hospital, or campus.",13-1041
60.0743,Sleep Medicine Nurse Practitioner Residency/Fellowship Program,Other,health,cip2,Health Residencies,nurse practitioners,Health information technologist,"EHR, registries, and quality reporting — the data side of the clinic.",29-9021,Clinical specialist (devices),Vendor-side training on equipment; the commercial cousin of the unit.,,Compliance officer,"Policy as an operating constraint inside a company, hospital, or campus.",13-1041
60.0744,Surgical and Critical Care Nurse Practitioner Residency/Fellowship Program,Other,health,cip2,Health Residencies,nurse practitioners,Health information technologist,"EHR, registries, and quality reporting — the data side of the clinic.",29-9021,Clinical specialist (devices),Vendor-side training on equipment; the commercial cousin of the unit.,,Compliance officer,"Policy as an operating constraint inside a company, hospital, or campus.",13-1041
60.0745,Surgical Wound and Reconstruction Nurse Practitioner Residency/Fellowship Program,Other,health,cip2,Health Residencies,nurse practitioners,Health information technologist,"EHR, registries, and quality reporting — the data side of the clinic.",29-9021,Clinical specialist (devices),Vendor-side training on equipment; the commercial cousin of the unit.,,Compliance officer,"Policy as an operating constraint inside a company, hospital, or campus.",13-1041
60.0746,Transplantation Nurse Practitioner Residency/Fellowship Program,Other,health,cip2,Health Residencies,nurse practitioners,Health information technologist,"EHR, registries, and quality reporting — the data side of the clinic.",29-9021,Clinical specialist (devices),Vendor-side training on equipment; the commercial cousin of the unit.,,Compliance officer,"Policy as an operating constraint inside a company, hospital, or campus.",13-1041
60.0747,Trauma and Critical Care Nurse Practitioner Residency/Fellowship Program,Other,health,cip2,Health Residencies,nurse practitioners,Health information technologist,"EHR, registries, and quality reporting — the data side of the clinic.",29-9021,Clinical specialist (devices),Vendor-side training on equipment; the commercial cousin of the unit.,,Compliance officer,"Policy as an operating constraint inside a company, hospital, or campus.",13-1041
60.0748,Urgent Care Nurse Practitioner Residency/Fellowship Program,Other,health,cip2,Health Residencies,nurse practitioners,Health information technologist,"EHR, registries, and quality reporting — the data side of the clinic.",29-9021,Clinical specialist (devices),Vendor-side training on equipment; the commercial cousin of the unit.,,Compliance officer,"Policy as an operating constraint inside a company, hospital, or campus.",13-1041
60.0749,Urology Nurse Practitioner Residency/Fellowship Program,Other,health,cip2,Health Residencies,nurse practitioners,Health information technologist,"EHR, registries, and quality reporting — the data side of the clinic.",29-9021,Clinical specialist (devices),Vendor-side training on equipment; the commercial cousin of the unit.,,Compliance officer,"Policy as an operating constraint inside a company, hospital, or campus.",13-1041
60.0750,Women's Health Nurse Practitioner Residency/Fellowship Program,Other,health,cip2,Health Residencies,nurse practitioners,Health information technologist,"EHR, registries, and quality reporting — the data side of the clinic.",29-9021,Clinical specialist (devices),Vendor-side training on equipment; the commercial cousin of the unit.,,Compliance officer,"Policy as an operating constraint inside a company, hospital, or campus.",13-1041
60.0751,Wound Care Nurse Practitioner Residency/Fellowship Program,Other,health,cip2,Health Residencies,nurse practitioners,Health information technologist,"EHR, registries, and quality reporting — the data side of the clinic.",29-9021,Clinical specialist (devices),Vendor-side training on equipment; the commercial cousin of the unit.,,Compliance officer,"Policy as an operating constraint inside a company, hospital, or campus.",13-1041
60.0799,"Nurse Practitioner Residency/Fellowship Program, Other",Other,health,cip2,Health Residencies,nurse practitioners,Health information technologist,"EHR, registries, and quality reporting — the data side of the clinic.",29-9021,Clinical specialist (devices),Vendor-side training on equipment; the commercial cousin of the unit.,,Compliance officer,"Policy as an operating constraint inside a company, hospital, or campus.",13-1041
60.0801,"Pharmacy Residency/Fellowship Program, General",Other,health,cip2,Health Residencies,pharmacists,Health information technologist,"EHR, registries, and quality reporting — the data side of the clinic.",29-9021,Clinical specialist (devices),Vendor-side training on equipment; the commercial cousin of the unit.,,Compliance officer,"Policy as an operating constraint inside a company, hospital, or campus.",13-1041
60.0802,Combined Pharmacy Residency/Fellowship Program,Other,health,cip2,Health Residencies,pharmacists,Health information technologist,"EHR, registries, and quality reporting — the data side of the clinic.",29-9021,Clinical specialist (devices),Vendor-side training on equipment; the commercial cousin of the unit.,,Compliance officer,"Policy as an operating constraint inside a company, hospital, or campus.",13-1041
60.0803,Ambulatory Care Pharmacy Residency/Fellowship Program,Other,health,cip2,Health Residencies,pharmacists,Health information technologist,"EHR, registries, and quality reporting — the data side of the clinic.",29-9021,Clinical specialist (devices),Vendor-side training on equipment; the commercial cousin of the unit.,,Compliance officer,"Policy as an operating constraint inside a company, hospital, or campus.",13-1041
60.0804,Cardiology Pharmacy Residency/Fellowship Program,Other,health,cip2,Health Residencies,pharmacists,Health information technologist,"EHR, registries, and quality reporting — the data side of the clinic.",29-9021,Clinical specialist (devices),Vendor-side training on equipment; the commercial cousin of the unit.,,Compliance officer,"Policy as an operating constraint inside a company, hospital, or campus.",13-1041
60.0805,Clinical Pharmacogenomics Pharmacy Residency/Fellowship Program,Other,health,cip2,Health Residencies,pharmacists,Health information technologist,"EHR, registries, and quality reporting — the data side of the clinic.",29-9021,Clinical specialist (devices),Vendor-side training on equipment; the commercial cousin of the unit.,,Compliance officer,"Policy as an operating constraint inside a company, hospital, or campus.",13-1041
60.0806,Community/Community-Based Pharmacy Residency/Fellowship Program,Other,health,cip2,Health Residencies,pharmacists,Health information technologist,"EHR, registries, and quality reporting — the data side of the clinic.",29-9021,Clinical specialist (devices),Vendor-side training on equipment; the commercial cousin of the unit.,,Compliance officer,"Policy as an operating constraint inside a company, hospital, or campus.",13-1041
60.0807,Corporate Pharmacy Leadership Residency/Fellowship Program,Other,health,cip2,Health Residencies,pharmacists,Health information technologist,"EHR, registries, and quality reporting — the data side of the clinic.",29-9021,Clinical specialist (devices),Vendor-side training on equipment; the commercial cousin of the unit.,,Compliance officer,"Policy as an operating constraint inside a company, hospital, or campus.",13-1041
60.0808,Critical Care Pharmacy Residency/Fellowship Program,Other,health,cip2,Health Residencies,pharmacists,Health information technologist,"EHR, registries, and quality reporting — the data side of the clinic.",29-9021,Clinical specialist (devices),Vendor-side training on equipment; the commercial cousin of the unit.,,Compliance officer,"Policy as an operating constraint inside a company, hospital, or campus.",13-1041
60.0809,Drug Information Pharmacy Residency/Fellowship Program,Other,health,cip2,Health Residencies,pharmacists,Health information technologist,"EHR, registries, and quality reporting — the data side of the clinic.",29-9021,Clinical specialist (devices),Vendor-side training on equipment; the commercial cousin of the unit.,,Compliance officer,"Policy as an operating constraint inside a company, hospital, or campus.",13-1041
60.0810,Emergency Medicine Pharmacy Residency/Fellowship Program,Other,health,cip2,Health Residencies,pharmacists,Health information technologist,"EHR, registries, and quality reporting — the data side of the clinic.",29-9021,Clinical specialist (devices),Vendor-side training on equipment; the commercial cousin of the unit.,,Compliance officer,"Policy as an operating constraint inside a company, hospital, or campus.",13-1041
60.0811,Family Medicine Pharmacy Residency/Fellowship Program,Other,health,cip2,Health Residencies,pharmacists,Health information technologist,"EHR, registries, and quality reporting — the data side of the clinic.",29-9021,Clinical specialist (devices),Vendor-side training on equipment; the commercial cousin of the unit.,,Compliance officer,"Policy as an operating constraint inside a company, hospital, or campus.",13-1041
60.0812,Geriatric Pharmacy Residency/Fellowship Program,Other,health,cip2,Health Residencies,pharmacists,Health information technologist,"EHR, registries, and quality reporting — the data side of the clinic.",29-9021,Clinical specialist (devices),Vendor-side training on equipment; the commercial cousin of the unit.,,Compliance officer,"Policy as an operating constraint inside a company, hospital, or campus.",13-1041
60.0813,Health System Medication Management Pharmacy Residency/Fellowship Program,Other,health,cip2,Health Residencies,pharmacists,Health information technologist,"EHR, registries, and quality reporting — the data side of the clinic.",29-9021,Clinical specialist (devices),Vendor-side training on equipment; the commercial cousin of the unit.,,Compliance officer,"Policy as an operating constraint inside a company, hospital, or campus.",13-1041
60.0814,Health System Pharmacy Administration and Leadership Residency/Fellowship Program,Other,health,cip2,Health Residencies,pharmacists,Health information technologist,"EHR, registries, and quality reporting — the data side of the clinic.",29-9021,Clinical specialist (devices),Vendor-side training on equipment; the commercial cousin of the unit.,,Compliance officer,"Policy as an operating constraint inside a company, hospital, or campus.",13-1041
60.0815,Infectious Diseases Pharmacy Residency/Fellowship Program,Other,health,cip2,Health Residencies,pharmacists,Health information technologist,"EHR, registries, and quality reporting — the data side of the clinic.",29-9021,Clinical specialist (devices),Vendor-side training on equipment; the commercial cousin of the unit.,,Compliance officer,"Policy as an operating constraint inside a company, hospital, or campus.",13-1041
60.0816,Internal Medicine Pharmacy Residency/Fellowship Program,Other,health,cip2,Health Residencies,pharmacists,Health information technologist,"EHR, registries, and quality reporting — the data side of the clinic.",29-9021,Clinical specialist (devices),Vendor-side training on equipment; the commercial cousin of the unit.,,Compliance officer,"Policy as an operating constraint inside a company, hospital, or campus.",13-1041
60.0817,Investigational Drugs and Research Pharmacy Residency/Fellowship Program,Other,health,cip2,Health Residencies,pharmacists,Health information technologist,"EHR, registries, and quality reporting — the data side of the clinic.",29-9021,Clinical specialist (devices),Vendor-side training on equipment; the commercial cousin of the unit.,,Compliance officer,"Policy as an operating constraint inside a company, hospital, or campus.",13-1041
60.0818,Managed Care Pharmacy Residency/Fellowship Program,Other,health,cip2,Health Residencies,pharmacists,Health information technologist,"EHR, registries, and quality reporting — the data side of the clinic.",29-9021,Clinical specialist (devices),Vendor-side training on equipment; the commercial cousin of the unit.,,Compliance officer,"Policy as an operating constraint inside a company, hospital, or campus.",13-1041
60.0819,Medication Systems and Operations Pharmacy Residency/Fellowship Program,Other,health,cip2,Health Residencies,pharmacists,Health information technologist,"EHR, registries, and quality reporting — the data side of the clinic.",29-9021,Clinical specialist (devices),Vendor-side training on equipment; the commercial cousin of the unit.,,Compliance officer,"Policy as an operating constraint inside a company, hospital, or campus.",13-1041
60.0820,Medication-Use Safety Pharmacy Residency/Fellowship Program,Other,health,cip2,Health Residencies,pharmacists,Health information technologist,"EHR, registries, and quality reporting — the data side of the clinic.",29-9021,Clinical specialist (devices),Vendor-side training on equipment; the commercial cousin of the unit.,,Compliance officer,"Policy as an operating constraint inside a company, hospital, or campus.",13-1041
60.0821,Neonatal Pharmacy Residency/Fellowship Program,Other,health,cip2,Health Residencies,pharmacists,Health information technologist,"EHR, registries, and quality reporting — the data side of the clinic.",29-9021,Clinical specialist (devices),Vendor-side training on equipment; the commercial cousin of the unit.,,Compliance officer,"Policy as an operating constraint inside a company, hospital, or campus.",13-1041
60.0822,Nephrology Pharmacy Residency/Fellowship Program,Other,health,cip2,Health Residencies,pharmacists,Health information technologist,"EHR, registries, and quality reporting — the data side of the clinic.",29-9021,Clinical specialist (devices),Vendor-side training on equipment; the commercial cousin of the unit.,,Compliance officer,"Policy as an operating constraint inside a company, hospital, or campus.",13-1041
60.0823,Neurology Pharmacy Residency/Fellowship Program,Other,health,cip2,Health Residencies,pharmacists,Health information technologist,"EHR, registries, and quality reporting — the data side of the clinic.",29-9021,Clinical specialist (devices),Vendor-side training on equipment; the commercial cousin of the unit.,,Compliance officer,"Policy as an operating constraint inside a company, hospital, or campus.",13-1041
60.0824,Nuclear Pharmacy Residency/Fellowship Program,Other,health,cip2,Health Residencies,pharmacists,Health information technologist,"EHR, registries, and quality reporting — the data side of the clinic.",29-9021,Clinical specialist (devices),Vendor-side training on equipment; the commercial cousin of the unit.,,Compliance officer,"Policy as an operating constraint inside a company, hospital, or campus.",13-1041
60.0825,Nutrition Support Pharmacy Residency/Fellowship Program,Other,health,cip2,Health Residencies,pharmacists,Health information technologist,"EHR, registries, and quality reporting — the data side of the clinic.",29-9021,Clinical specialist (devices),Vendor-side training on equipment; the commercial cousin of the unit.,,Compliance officer,"Policy as an operating constraint inside a company, hospital, or campus.",13-1041
60.0826,Oncology Pharmacy Residency/Fellowship Program,Other,health,cip2,Health Residencies,pharmacists,Health information technologist,"EHR, registries, and quality reporting — the data side of the clinic.",29-9021,Clinical specialist (devices),Vendor-side training on equipment; the commercial cousin of the unit.,,Compliance officer,"Policy as an operating constraint inside a company, hospital, or campus.",13-1041
60.0827,Palliative Care/Pain Management Pharmacy Residency/Fellowship Program,Other,health,cip2,Health Residencies,pharmacists,Health information technologist,"EHR, registries, and quality reporting — the data side of the clinic.",29-9021,Clinical specialist (devices),Vendor-side training on equipment; the commercial cousin of the unit.,,Compliance officer,"Policy as an operating constraint inside a company, hospital, or campus.",13-1041
60.0828,Pediatric Pharmacy Residency/Fellowship Program,Other,health,cip2,Health Residencies,pharmacists,Health information technologist,"EHR, registries, and quality reporting — the data side of the clinic.",29-9021,Clinical specialist (devices),Vendor-side training on equipment; the commercial cousin of the unit.,,Compliance officer,"Policy as an operating constraint inside a company, hospital, or campus.",13-1041
60.0829,Pharmacotherapy Pharmacy Residency/Fellowship Program,Other,health,cip2,Health Residencies,pharmacists,Health information technologist,"EHR, registries, and quality reporting — the data side of the clinic.",29-9021,Clinical specialist (devices),Vendor-side training on equipment; the commercial cousin of the unit.,,Compliance officer,"Policy as an operating constraint inside a company, hospital, or campus.",13-1041
60.0830,Pharmacy Informatics Pharmacy Residency/Fellowship Program,Other,health,cip2,Health Residencies,pharmacists,Health information technologist,"EHR, registries, and quality reporting — the data side of the clinic.",29-9021,Clinical specialist (devices),Vendor-side training on equipment; the commercial cousin of the unit.,,Compliance officer,"Policy as an operating constraint inside a company, hospital, or campus.",13-1041
60.0831,Psychiatric Pharmacy Residency/Fellowship Program,Other,health,cip2,Health Residencies,pharmacists,Health information technologist,"EHR, registries, and quality reporting — the data side of the clinic.",29-9021,Clinical specialist (devices),Vendor-side training on equipment; the commercial cousin of the unit.,,Compliance officer,"Policy as an operating constraint inside a company, hospital, or campus.",13-1041
60.0832,Transplantation Pharmacy Residency/Fellowship Program,Other,health,cip2,Health Residencies,pharmacists,Health information technologist,"EHR, registries, and quality reporting — the data side of the clinic.",29-9021,Clinical specialist (devices),Vendor-side training on equipment; the commercial cousin of the unit.,,Compliance officer,"Policy as an operating constraint inside a company, hospital, or campus.",13-1041
60.0899,"Pharmacy Residency Programs, Other",Other,health,cip2,Health Residencies,pharmacists,Health information technologist,"EHR, registries, and quality reporting — the data side of the clinic.",29-9021,Clinical specialist (devices),Vendor-side training on equipment; the commercial cousin of the unit.,,Compliance officer,"Policy as an operating constraint inside a company, hospital, or campus.",13-1041
60.0901,"Physician Assistant Residency/Fellowship Program, General",Other,health,cip2,Health Residencies,physician assistants,Health information technologist,"EHR, registries, and quality reporting — the data side of the clinic.",29-9021,Clinical specialist (devices),Vendor-side training on equipment; the commercial cousin of the unit.,,Compliance officer,"Policy as an operating constraint inside a company, hospital, or campus.",13-1041
60.0902,Combined Physician Assistant Residency/Fellowship Program,Other,health,cip2,Health Residencies,physician assistants,Health information technologist,"EHR, registries, and quality reporting — the data side of the clinic.",29-9021,Clinical specialist (devices),Vendor-side training on equipment; the commercial cousin of the unit.,,Compliance officer,"Policy as an operating constraint inside a company, hospital, or campus.",13-1041
60.0903,Acute Care Medicine Physician Assistant Residency/Fellowship Program,Other,health,cip2,Health Residencies,physician assistants,Health information technologist,"EHR, registries, and quality reporting — the data side of the clinic.",29-9021,Clinical specialist (devices),Vendor-side training on equipment; the commercial cousin of the unit.,,Compliance officer,"Policy as an operating constraint inside a company, hospital, or campus.",13-1041
60.0904,Acute Care Surgery Physician Assistant Residency/Fellowship Program,Other,health,cip2,Health Residencies,physician assistants,Health information technologist,"EHR, registries, and quality reporting — the data side of the clinic.",29-9021,Clinical specialist (devices),Vendor-side training on equipment; the commercial cousin of the unit.,,Compliance officer,"Policy as an operating constraint inside a company, hospital, or campus.",13-1041
60.0905,Cardiology Physician Assistant Residency/Fellowship Program,Other,health,cip2,Health Residencies,physician assistants,Health information technologist,"EHR, registries, and quality reporting — the data side of the clinic.",29-9021,Clinical specialist (devices),Vendor-side training on equipment; the commercial cousin of the unit.,,Compliance officer,"Policy as an operating constraint inside a company, hospital, or campus.",13-1041
60.0906,Cardiothoracic Surgery Physician Assistant Residency/Fellowship Program,Other,health,cip2,Health Residencies,physician assistants,Health information technologist,"EHR, registries, and quality reporting — the data side of the clinic.",29-9021,Clinical specialist (devices),Vendor-side training on equipment; the commercial cousin of the unit.,,Compliance officer,"Policy as an operating constraint inside a company, hospital, or campus.",13-1041
60.0907,Critical Care Physician Assistant Residency/Fellowship Program,Other,health,cip2,Health Residencies,physician assistants,Health information technologist,"EHR, registries, and quality reporting — the data side of the clinic.",29-9021,Clinical specialist (devices),Vendor-side training on equipment; the commercial cousin of the unit.,,Compliance officer,"Policy as an operating constraint inside a company, hospital, or campus.",13-1041
60.0908,Critical Care and Trauma Surgery Physician Assistant Residency/Fellowship Program,Other,health,cip2,Health Residencies,physician assistants,Health information technologist,"EHR, registries, and quality reporting — the data side of the clinic.",29-9021,Clinical specialist (devices),Vendor-side training on equipment; the commercial cousin of the unit.,,Compliance officer,"Policy as an operating constraint inside a company, hospital, or campus.",13-1041
60.0909,Emergency Medicine Physician Assistant Residency/Fellowship Program,Other,health,cip2,Health Residencies,physician assistants,Health information technologist,"EHR, registries, and quality reporting — the data side of the clinic.",29-9021,Clinical specialist (devices),Vendor-side training on equipment; the commercial cousin of the unit.,,Compliance officer,"Policy as an operating constraint inside a company, hospital, or campus.",13-1041
60.0910,ENT Surgery Physician Assistant Residency/Fellowship Program,Other,health,cip2,Health Residencies,physician assistants,Health information technologist,"EHR, registries, and quality reporting — the data side of the clinic.",29-9021,Clinical specialist (devices),Vendor-side training on equipment; the commercial cousin of the unit.,,Compliance officer,"Policy as an operating constraint inside a company, hospital, or campus.",13-1041
60.0911,Family Medicine Physician Assistant Residency/Fellowship Program,Other,health,cip2,Health Residencies,physician assistants,Health information technologist,"EHR, registries, and quality reporting — the data side of the clinic.",29-9021,Clinical specialist (devices),Vendor-side training on equipment; the commercial cousin of the unit.,,Compliance officer,"Policy as an operating constraint inside a company, hospital, or campus.",13-1041
60.0912,Geriatrics Physician Assistant Residency/Fellowship Program,Other,health,cip2,Health Residencies,physician assistants,Health information technologist,"EHR, registries, and quality reporting — the data side of the clinic.",29-9021,Clinical specialist (devices),Vendor-side training on equipment; the commercial cousin of the unit.,,Compliance officer,"Policy as an operating constraint inside a company, hospital, or campus.",13-1041
60.0913,Hematology-Oncology Physician Assistant Residency/Fellowship Program,Other,health,cip2,Health Residencies,physician assistants,Health information technologist,"EHR, registries, and quality reporting — the data side of the clinic.",29-9021,Clinical specialist (devices),Vendor-side training on equipment; the commercial cousin of the unit.,,Compliance officer,"Policy as an operating constraint inside a company, hospital, or campus.",13-1041
60.0914,Hepatobiliary Surgery Physician Assistant Residency/Fellowship Program,Other,health,cip2,Health Residencies,physician assistants,Health information technologist,"EHR, registries, and quality reporting — the data side of the clinic.",29-9021,Clinical specialist (devices),Vendor-side training on equipment; the commercial cousin of the unit.,,Compliance officer,"Policy as an operating constraint inside a company, hospital, or campus.",13-1041
60.0915,Hospitalist Physician Assistant Residency/Fellowship Program,Other,health,cip2,Health Residencies,physician assistants,Health information technologist,"EHR, registries, and quality reporting — the data side of the clinic.",29-9021,Clinical specialist (devices),Vendor-side training on equipment; the commercial cousin of the unit.,,Compliance officer,"Policy as an operating constraint inside a company, hospital, or campus.",13-1041
60.0916,Neurosurgery Physician Assistant Residency/Fellowship Program,Other,health,cip2,Health Residencies,physician assistants,Health information technologist,"EHR, registries, and quality reporting — the data side of the clinic.",29-9021,Clinical specialist (devices),Vendor-side training on equipment; the commercial cousin of the unit.,,Compliance officer,"Policy as an operating constraint inside a company, hospital, or campus.",13-1041
60.0917,Orthopedic Surgery Physician Assistant Residency/Fellowship Program,Other,health,cip2,Health Residencies,physician assistants,Health information technologist,"EHR, registries, and quality reporting — the data side of the clinic.",29-9021,Clinical specialist (devices),Vendor-side training on equipment; the commercial cousin of the unit.,,Compliance officer,"Policy as an operating constraint inside a company, hospital, or campus.",13-1041
60.0918,Pediatric Surgery Physician Assistant Residency/Fellowship Program,Other,health,cip2,Health Residencies,physician assistants,Health information technologist,"EHR, registries, and quality reporting — the data side of the clinic.",29-9021,Clinical specialist (devices),Vendor-side training on equipment; the commercial cousin of the unit.,,Compliance officer,"Policy as an operating constraint inside a company, hospital, or campus.",13-1041
60.0919,Transplant Surgery Physician Assistant Residency/Fellowship Program,Other,health,cip2,Health Residencies,physician assistants,Health information technologist,"EHR, registries, and quality reporting — the data side of the clinic.",29-9021,Clinical specialist (devices),Vendor-side training on equipment; the commercial cousin of the unit.,,Compliance officer,"Policy as an operating constraint inside a company, hospital, or campus.",13-1041
60.0920,Urology Physician Assistant Residency/Fellowship Program,Other,health,cip2,Health Residencies,physician assistants,Health information technologist,"EHR, registries, and quality reporting — the data side of the clinic.",29-9021,Clinical specialist (devices),Vendor-side training on equipment; the commercial cousin of the unit.,,Compliance officer,"Policy as an operating constraint inside a company, hospital, or campus.",13-1041
60.0999,"Physician Assistant Residency/Fellowship Program, Other",Other,health,cip2,Health Residencies,physician assistants,Health information technologist,"EHR, registries, and quality reporting — the data side of the clinic.",29-9021,Clinical specialist (devices),Vendor-side training on equipment; the commercial cousin of the unit.,,Compliance officer,"Policy as an operating constraint inside a company, hospital, or campus.",13-1041
61.0101,"Combined Medical Residency/Fellowship Program, General",Other,health,cip2,Medical Residencies,medical scientists,Clinical specialist (devices),Vendor-side training on equipment; the commercial cousin of the unit.,,Health information technologist,"EHR, registries, and quality reporting — the data side of the clinic.",29-9021,Regulatory / quality associate,"Filings, CAPA, and specs — the paperwork that lets the work ship.",13-1041
61.0102,Diagnostic Radiology/Nuclear Medicine Combined Specialty Program,Other,health,cip2,Medical Residencies,medical scientists,Clinical specialist (devices),Vendor-side training on equipment; the commercial cousin of the unit.,,Health information technologist,"EHR, registries, and quality reporting — the data side of the clinic.",29-9021,Regulatory / quality associate,"Filings, CAPA, and specs — the paperwork that lets the work ship.",13-1041
61.0103,Emergency Medicine/Anesthesiology Combined Specialty Program,Other,health,cip2,Medical Residencies,medical scientists,Clinical specialist (devices),Vendor-side training on equipment; the commercial cousin of the unit.,,Health information technologist,"EHR, registries, and quality reporting — the data side of the clinic.",29-9021,Regulatory / quality associate,"Filings, CAPA, and specs — the paperwork that lets the work ship.",13-1041
61.0104,Family Medicine/Emergency Medicine Combined Specialty Program,Other,health,cip2,Medical Residencies,family medicine physicians,Clinical specialist (devices),Vendor-side training on equipment; the commercial cousin of the unit.,,Health information technologist,"EHR, registries, and quality reporting — the data side of the clinic.",29-9021,Regulatory / quality associate,"Filings, CAPA, and specs — the paperwork that lets the work ship.",13-1041
61.0105,Family Medicine/Osteopathic Neuromusculoskeletal Medicine Combined Specialty Program,Other,health,cip2,Medical Residencies,family medicine physicians,Clinical specialist (devices),Vendor-side training on equipment; the commercial cousin of the unit.,,Health information technologist,"EHR, registries, and quality reporting — the data side of the clinic.",29-9021,Regulatory / quality associate,"Filings, CAPA, and specs — the paperwork that lets the work ship.",13-1041
61.0106,Family Medicine/Preventive Medicine Combined Specialty Program,Other,health,cip2,Medical Residencies,family medicine physicians,Clinical specialist (devices),Vendor-side training on equipment; the commercial cousin of the unit.,,Health information technologist,"EHR, registries, and quality reporting — the data side of the clinic.",29-9021,Regulatory / quality associate,"Filings, CAPA, and specs — the paperwork that lets the work ship.",13-1041
61.0107,Family Medicine/Psychiatry Combined Specialty Program,Other,health,cip2,Medical Residencies,family medicine physicians,Clinical specialist (devices),Vendor-side training on equipment; the commercial cousin of the unit.,,Health information technologist,"EHR, registries, and quality reporting — the data side of the clinic.",29-9021,Regulatory / quality associate,"Filings, CAPA, and specs — the paperwork that lets the work ship.",13-1041
61.0108,Internal Medicine/Anesthesiology Combined Specialty Program,Other,health,cip2,Medical Residencies,general internal medicine physicians,Clinical specialist (devices),Vendor-side training on equipment; the commercial cousin of the unit.,,Health information technologist,"EHR, registries, and quality reporting — the data side of the clinic.",29-9021,Regulatory / quality associate,"Filings, CAPA, and specs — the paperwork that lets the work ship.",13-1041
61.0109,Internal Medicine/Dermatology Combined Specialty Program,Other,health,cip2,Medical Residencies,general internal medicine physicians,Clinical specialist (devices),Vendor-side training on equipment; the commercial cousin of the unit.,,Health information technologist,"EHR, registries, and quality reporting — the data side of the clinic.",29-9021,Regulatory / quality associate,"Filings, CAPA, and specs — the paperwork that lets the work ship.",13-1041
61.0110,Internal Medicine/Emergency Medicine Combined Specialty Program,Other,health,cip2,Medical Residencies,general internal medicine physicians,Clinical specialist (devices),Vendor-side training on equipment; the commercial cousin of the unit.,,Health information technologist,"EHR, registries, and quality reporting — the data side of the clinic.",29-9021,Regulatory / quality associate,"Filings, CAPA, and specs — the paperwork that lets the work ship.",13-1041
61.0111,Internal Medicine/Emergency Medicine/Critical Care Medicine Combined Specialty Program,Other,health,cip2,Medical Residencies,general internal medicine physicians,Clinical specialist (devices),Vendor-side training on equipment; the commercial cousin of the unit.,,Health information technologist,"EHR, registries, and quality reporting — the data side of the clinic.",29-9021,Regulatory / quality associate,"Filings, CAPA, and specs — the paperwork that lets the work ship.",13-1041
61.0112,Internal Medicine/Family Medicine Combined Specialty Program,Other,health,cip2,Medical Residencies,family medicine physicians,Clinical specialist (devices),Vendor-side training on equipment; the commercial cousin of the unit.,,Health information technologist,"EHR, registries, and quality reporting — the data side of the clinic.",29-9021,Regulatory / quality associate,"Filings, CAPA, and specs — the paperwork that lets the work ship.",13-1041
61.0113,Internal Medicine/Medical Genetics and Genomics Combined Specialty Program,Other,health,cip2,Medical Residencies,medical scientists,Clinical specialist (devices),Vendor-side training on equipment; the commercial cousin of the unit.,,Health information technologist,"EHR, registries, and quality reporting — the data side of the clinic.",29-9021,Regulatory / quality associate,"Filings, CAPA, and specs — the paperwork that lets the work ship.",13-1041
61.0114,Internal Medicine/Neurology Combined Specialty Program,Other,health,cip2,Medical Residencies,general internal medicine physicians,Clinical specialist (devices),Vendor-side training on equipment; the commercial cousin of the unit.,,Health information technologist,"EHR, registries, and quality reporting — the data side of the clinic.",29-9021,Regulatory / quality associate,"Filings, CAPA, and specs — the paperwork that lets the work ship.",13-1041
61.0115,Internal Medicine/Pediatrics Combined Specialty Program,Other,health,cip2,Medical Residencies,general internal medicine physicians,Clinical specialist (devices),Vendor-side training on equipment; the commercial cousin of the unit.,,Health information technologist,"EHR, registries, and quality reporting — the data side of the clinic.",29-9021,Regulatory / quality associate,"Filings, CAPA, and specs — the paperwork that lets the work ship.",13-1041
61.0116,Internal Medicine/Preventive Medicine Combined Specialty Program,Other,health,cip2,Medical Residencies,general internal medicine physicians,Clinical specialist (devices),Vendor-side training on equipment; the commercial cousin of the unit.,,Health information technologist,"EHR, registries, and quality reporting — the data side of the clinic.",29-9021,Regulatory / quality associate,"Filings, CAPA, and specs — the paperwork that lets the work ship.",13-1041
61.0117,Internal Medicine/Psychiatry Combined Specialty Program,Other,health,cip2,Medical Residencies,general internal medicine physicians,Clinical specialist (devices),Vendor-side training on equipment; the commercial cousin of the unit.,,Health information technologist,"EHR, registries, and quality reporting — the data side of the clinic.",29-9021,Regulatory / quality associate,"Filings, CAPA, and specs — the paperwork that lets the work ship.",13-1041
61.0118,Medical Genetics and Genomics/Maternal-Fetal Medicine Combined Specialty Program,Other,health,cip2,Medical Residencies,medical scientists,Clinical specialist (devices),Vendor-side training on equipment; the commercial cousin of the unit.,,Health information technologist,"EHR, registries, and quality reporting — the data side of the clinic.",29-9021,Regulatory / quality associate,"Filings, CAPA, and specs — the paperwork that lets the work ship.",13-1041
61.0119,Pediatrics/Anesthesiology Combined Specialty Program,Other,health,cip2,Medical Residencies,medical scientists,Clinical specialist (devices),Vendor-side training on equipment; the commercial cousin of the unit.,,Health information technologist,"EHR, registries, and quality reporting — the data side of the clinic.",29-9021,Regulatory / quality associate,"Filings, CAPA, and specs — the paperwork that lets the work ship.",13-1041
61.0120,Pediatrics/Emergency Medicine Combined Specialty Program,Other,health,cip2,Medical Residencies,medical scientists,Clinical specialist (devices),Vendor-side training on equipment; the commercial cousin of the unit.,,Health information technologist,"EHR, registries, and quality reporting — the data side of the clinic.",29-9021,Regulatory / quality associate,"Filings, CAPA, and specs — the paperwork that lets the work ship.",13-1041
61.0121,Pediatrics/Medical Genetics and Genomics Combined Specialty Program,Other,health,cip2,Medical Residencies,medical scientists,Clinical specialist (devices),Vendor-side training on equipment; the commercial cousin of the unit.,,Health information technologist,"EHR, registries, and quality reporting — the data side of the clinic.",29-9021,Regulatory / quality associate,"Filings, CAPA, and specs — the paperwork that lets the work ship.",13-1041
61.0122,Pediatrics/Physical Medicine & Rehabilitation Combined Specialty Program,Other,health,cip2,Medical Residencies,medical scientists,Clinical specialist (devices),Vendor-side training on equipment; the commercial cousin of the unit.,,Health information technologist,"EHR, registries, and quality reporting — the data side of the clinic.",29-9021,Regulatory / quality associate,"Filings, CAPA, and specs — the paperwork that lets the work ship.",13-1041
61.0123,Pediatrics/Psychology/Child-Adolescent Psychology Combined Specialty Program,Other,health,cip2,Medical Residencies,medical scientists,Clinical specialist (devices),Vendor-side training on equipment; the commercial cousin of the unit.,,Health information technologist,"EHR, registries, and quality reporting — the data side of the clinic.",29-9021,Regulatory / quality associate,"Filings, CAPA, and specs — the paperwork that lets the work ship.",13-1041
61.0124,Psychiatry/Neurology Combined Specialty Program,Other,health,cip2,Medical Residencies,medical scientists,Clinical specialist (devices),Vendor-side training on equipment; the commercial cousin of the unit.,,Health information technologist,"EHR, registries, and quality reporting — the data side of the clinic.",29-9021,Regulatory / quality associate,"Filings, CAPA, and specs — the paperwork that lets the work ship.",13-1041
61.0125,Reproductive Endocrinology and Infertility/Medical Genetics and Genomics Combined Specialty Program,Other,health,cip2,Medical Residencies,medical scientists,Clinical specialist (devices),Vendor-side training on equipment; the commercial cousin of the unit.,,Health information technologist,"EHR, registries, and quality reporting — the data side of the clinic.",29-9021,Regulatory / quality associate,"Filings, CAPA, and specs — the paperwork that lets the work ship.",13-1041
61.0199,"Combined Medical Residency/Fellowship Programs, Other",Other,health,cip2,Medical Residencies,medical scientists,Clinical specialist (devices),Vendor-side training on equipment; the commercial cousin of the unit.,,Health information technologist,"EHR, registries, and quality reporting — the data side of the clinic.",29-9021,Regulatory / quality associate,"Filings, CAPA, and specs — the paperwork that lets the work ship.",13-1041
61.0202,Critical Care Medicine Fellowship Program,Other,health,cip2,Medical Residencies,medical scientists,Clinical specialist (devices),Vendor-side training on equipment; the commercial cousin of the unit.,,Health information technologist,"EHR, registries, and quality reporting — the data side of the clinic.",29-9021,Regulatory / quality associate,"Filings, CAPA, and specs — the paperwork that lets the work ship.",13-1041
61.0203,Geriatric Medicine Fellowship Program,Other,health,cip2,Medical Residencies,medical scientists,Clinical specialist (devices),Vendor-side training on equipment; the commercial cousin of the unit.,,Health information technologist,"EHR, registries, and quality reporting — the data side of the clinic.",29-9021,Regulatory / quality associate,"Filings, CAPA, and specs — the paperwork that lets the work ship.",13-1041
61.0204,Health Policy Fellowship Program,Other,health,cip2,Medical Residencies,health specialties teacher,Clinical specialist (devices),Vendor-side training on equipment; the commercial cousin of the unit.,,Health information technologist,"EHR, registries, and quality reporting — the data side of the clinic.",29-9021,Regulatory / quality associate,"Filings, CAPA, and specs — the paperwork that lets the work ship.",13-1041
61.0205,Hospice and Palliative Medicine Fellowship Program,Other,health,cip2,Medical Residencies,medical scientists,Clinical specialist (devices),Vendor-side training on equipment; the commercial cousin of the unit.,,Health information technologist,"EHR, registries, and quality reporting — the data side of the clinic.",29-9021,Regulatory / quality associate,"Filings, CAPA, and specs — the paperwork that lets the work ship.",13-1041
61.0206,Integrative Medicine Fellowship Program,Other,health,cip2,Medical Residencies,medical scientists,Clinical specialist (devices),Vendor-side training on equipment; the commercial cousin of the unit.,,Health information technologist,"EHR, registries, and quality reporting — the data side of the clinic.",29-9021,Regulatory / quality associate,"Filings, CAPA, and specs — the paperwork that lets the work ship.",13-1041
61.0207,Medical Education Fellowship Program,Other,health,cip2,Medical Residencies,education administrators teacher,Clinical specialist (devices),Vendor-side training on equipment; the commercial cousin of the unit.,,Health information technologist,"EHR, registries, and quality reporting — the data side of the clinic.",29-9021,Regulatory / quality associate,"Filings, CAPA, and specs — the paperwork that lets the work ship.",13-1041
61.0208,Medical Toxicology Fellowship Program,Other,health,cip2,Medical Residencies,medical scientists,Clinical specialist (devices),Vendor-side training on equipment; the commercial cousin of the unit.,,Health information technologist,"EHR, registries, and quality reporting — the data side of the clinic.",29-9021,Regulatory / quality associate,"Filings, CAPA, and specs — the paperwork that lets the work ship.",13-1041
61.0209,Neuromuscular Medicine Fellowship Program,Other,health,cip2,Medical Residencies,medical scientists,Clinical specialist (devices),Vendor-side training on equipment; the commercial cousin of the unit.,,Health information technologist,"EHR, registries, and quality reporting — the data side of the clinic.",29-9021,Regulatory / quality associate,"Filings, CAPA, and specs — the paperwork that lets the work ship.",13-1041
61.0210,Pain Medicine Fellowship Program,Other,health,cip2,Medical Residencies,medical scientists,Clinical specialist (devices),Vendor-side training on equipment; the commercial cousin of the unit.,,Health information technologist,"EHR, registries, and quality reporting — the data side of the clinic.",29-9021,Regulatory / quality associate,"Filings, CAPA, and specs — the paperwork that lets the work ship.",13-1041
61.0211,Simulation Fellowship Program,Other,health,cip2,Medical Residencies,education administrators teacher,Clinical specialist (devices),Vendor-side training on equipment; the commercial cousin of the unit.,,Health information technologist,"EHR, registries, and quality reporting — the data side of the clinic.",29-9021,Regulatory / quality associate,"Filings, CAPA, and specs — the paperwork that lets the work ship.",13-1041
61.0212,Sleep Medicine Fellowship Program,Other,health,cip2,Medical Residencies,medical scientists,Clinical specialist (devices),Vendor-side training on equipment; the commercial cousin of the unit.,,Health information technologist,"EHR, registries, and quality reporting — the data side of the clinic.",29-9021,Regulatory / quality associate,"Filings, CAPA, and specs — the paperwork that lets the work ship.",13-1041
61.0213,Sports Medicine Fellowship Program,Other,health,cip2,Medical Residencies,medical scientists,Clinical specialist (devices),Vendor-side training on equipment; the commercial cousin of the unit.,,Health information technologist,"EHR, registries, and quality reporting — the data side of the clinic.",29-9021,Regulatory / quality associate,"Filings, CAPA, and specs — the paperwork that lets the work ship.",13-1041
61.0214,Surgery of the Hand Fellowship Program,Other,health,cip2,Medical Residencies,medical scientists,Clinical specialist (devices),Vendor-side training on equipment; the commercial cousin of the unit.,,Health information technologist,"EHR, registries, and quality reporting — the data side of the clinic.",29-9021,Regulatory / quality associate,"Filings, CAPA, and specs — the paperwork that lets the work ship.",13-1041
61.0215,Telemedicine Fellowship Program,Other,health,cip2,Medical Residencies,medical scientists,Clinical specialist (devices),Vendor-side training on equipment; the commercial cousin of the unit.,,Health information technologist,"EHR, registries, and quality reporting — the data side of the clinic.",29-9021,Regulatory / quality associate,"Filings, CAPA, and specs — the paperwork that lets the work ship.",13-1041
61.0216,Undersea and Hyperbaric Medicine Fellowship Program,Other,health,cip2,Medical Residencies,medical scientists,Clinical specialist (devices),Vendor-side training on equipment; the commercial cousin of the unit.,,Health information technologist,"EHR, registries, and quality reporting — the data side of the clinic.",29-9021,Regulatory / quality associate,"Filings, CAPA, and specs — the paperwork that lets the work ship.",13-1041
61.0217,Wilderness Medicine Fellowship Program,Other,health,cip2,Medical Residencies,medical scientists,Clinical specialist (devices),Vendor-side training on equipment; the commercial cousin of the unit.,,Health information technologist,"EHR, registries, and quality reporting — the data side of the clinic.",29-9021,Regulatory / quality associate,"Filings, CAPA, and specs — the paperwork that lets the work ship.",13-1041
61.0218,Women's Health Fellowship Program,Other,health,cip2,Medical Residencies,health specialties teacher,Clinical specialist (devices),Vendor-side training on equipment; the commercial cousin of the unit.,,Health information technologist,"EHR, registries, and quality reporting — the data side of the clinic.",29-9021,Regulatory / quality associate,"Filings, CAPA, and specs — the paperwork that lets the work ship.",13-1041
61.0299,"Multiple-Pathway Medical Fellowship Programs, Other",Other,health,cip2,Medical Residencies,medical scientists,Clinical specialist (devices),Vendor-side training on equipment; the commercial cousin of the unit.,,Health information technologist,"EHR, registries, and quality reporting — the data side of the clinic.",29-9021,Regulatory / quality associate,"Filings, CAPA, and specs — the paperwork that lets the work ship.",13-1041
61.0301,Allergy and Immunology Fellowship Program,Other,health,cip2,Medical Residencies,medical scientists,Clinical specialist (devices),Vendor-side training on equipment; the commercial cousin of the unit.,,Health information technologist,"EHR, registries, and quality reporting — the data side of the clinic.",29-9021,Regulatory / quality associate,"Filings, CAPA, and specs — the paperwork that lets the work ship.",13-1041
61.0399,"Allergy and Immunology Residency/Fellowship Programs, Other",Other,health,cip2,Medical Residencies,medical scientists,Clinical specialist (devices),Vendor-side training on equipment; the commercial cousin of the unit.,,Health information technologist,"EHR, registries, and quality reporting — the data side of the clinic.",29-9021,Regulatory / quality associate,"Filings, CAPA, and specs — the paperwork that lets the work ship.",13-1041
61.0401,Anesthesiology Residency Program,Other,health,cip2,Medical Residencies,health specialties teacher,Clinical specialist (devices),Vendor-side training on equipment; the commercial cousin of the unit.,,Health information technologist,"EHR, registries, and quality reporting — the data side of the clinic.",29-9021,Regulatory / quality associate,"Filings, CAPA, and specs — the paperwork that lets the work ship.",13-1041
61.0499,"Anesthesiology Residency/Fellowship Programs, Other",Other,health,cip2,Medical Residencies,medical scientists,Clinical specialist (devices),Vendor-side training on equipment; the commercial cousin of the unit.,,Health information technologist,"EHR, registries, and quality reporting — the data side of the clinic.",29-9021,Regulatory / quality associate,"Filings, CAPA, and specs — the paperwork that lets the work ship.",13-1041
61.0501,Dermatology Residency Program,Other,health,cip2,Medical Residencies,health specialties teacher,Clinical specialist (devices),Vendor-side training on equipment; the commercial cousin of the unit.,,Health information technologist,"EHR, registries, and quality reporting — the data side of the clinic.",29-9021,Regulatory / quality associate,"Filings, CAPA, and specs — the paperwork that lets the work ship.",13-1041
61.0502,Dermatopathology Fellowship Program,Other,health,cip2,Medical Residencies,medical scientists,Clinical specialist (devices),Vendor-side training on equipment; the commercial cousin of the unit.,,Health information technologist,"EHR, registries, and quality reporting — the data side of the clinic.",29-9021,Regulatory / quality associate,"Filings, CAPA, and specs — the paperwork that lets the work ship.",13-1041
61.0503,Pediatric Dermatology Fellowship Program,Other,health,cip2,Medical Residencies,medical scientists,Clinical specialist (devices),Vendor-side training on equipment; the commercial cousin of the unit.,,Health information technologist,"EHR, registries, and quality reporting — the data side of the clinic.",29-9021,Regulatory / quality associate,"Filings, CAPA, and specs — the paperwork that lets the work ship.",13-1041
61.0599,"Dermatology Residency/Fellowship Programs, Other",Other,health,cip2,Medical Residencies,medical scientists,Clinical specialist (devices),Vendor-side training on equipment; the commercial cousin of the unit.,,Health information technologist,"EHR, registries, and quality reporting — the data side of the clinic.",29-9021,Regulatory / quality associate,"Filings, CAPA, and specs — the paperwork that lets the work ship.",13-1041
61.0601,Emergency Medicine Residency Program,Other,health,cip2,Medical Residencies,health specialties teacher,Clinical specialist (devices),Vendor-side training on equipment; the commercial cousin of the unit.,,Health information technologist,"EHR, registries, and quality reporting — the data side of the clinic.",29-9021,Regulatory / quality associate,"Filings, CAPA, and specs — the paperwork that lets the work ship.",13-1041
61.0602,Disaster Medicine Fellowship Program,Other,health,cip2,Medical Residencies,medical scientists,Clinical specialist (devices),Vendor-side training on equipment; the commercial cousin of the unit.,,Health information technologist,"EHR, registries, and quality reporting — the data side of the clinic.",29-9021,Regulatory / quality associate,"Filings, CAPA, and specs — the paperwork that lets the work ship.",13-1041
61.0603,Emergency Medical Services Fellowship Program,Other,health,cip2,Medical Residencies,medical scientists,Clinical specialist (devices),Vendor-side training on equipment; the commercial cousin of the unit.,,Health information technologist,"EHR, registries, and quality reporting — the data side of the clinic.",29-9021,Regulatory / quality associate,"Filings, CAPA, and specs — the paperwork that lets the work ship.",13-1041
61.0699,"Emergency Medicine Residency/Fellowship Programs, Other",Other,health,cip2,Medical Residencies,medical scientists,Clinical specialist (devices),Vendor-side training on equipment; the commercial cousin of the unit.,,Health information technologist,"EHR, registries, and quality reporting — the data side of the clinic.",29-9021,Regulatory / quality associate,"Filings, CAPA, and specs — the paperwork that lets the work ship.",13-1041
61.0701,Family Medicine Residency Program,Other,health,cip2,Medical Residencies,family medicine physicians,Clinical specialist (devices),Vendor-side training on equipment; the commercial cousin of the unit.,,Health information technologist,"EHR, registries, and quality reporting — the data side of the clinic.",29-9021,Regulatory / quality associate,"Filings, CAPA, and specs — the paperwork that lets the work ship.",13-1041
61.0799,"Family Medicine Residency/Fellowship Programs, Other",Other,health,cip2,Medical Residencies,family medicine physicians,Clinical specialist (devices),Vendor-side training on equipment; the commercial cousin of the unit.,,Health information technologist,"EHR, registries, and quality reporting — the data side of the clinic.",29-9021,Regulatory / quality associate,"Filings, CAPA, and specs — the paperwork that lets the work ship.",13-1041
61.0801,Internal Medicine Residency Program,Other,health,cip2,Medical Residencies,general internal medicine physicians,Clinical specialist (devices),Vendor-side training on equipment; the commercial cousin of the unit.,,Health information technologist,"EHR, registries, and quality reporting — the data side of the clinic.",29-9021,Regulatory / quality associate,"Filings, CAPA, and specs — the paperwork that lets the work ship.",13-1041
61.0804,Cardiovascular Disease Fellowship Program,Other,health,cip2,Medical Residencies,medical scientists,Clinical specialist (devices),Vendor-side training on equipment; the commercial cousin of the unit.,,Health information technologist,"EHR, registries, and quality reporting — the data side of the clinic.",29-9021,Regulatory / quality associate,"Filings, CAPA, and specs — the paperwork that lets the work ship.",13-1041
61.0805,Clinical Cardiac Electrophysiology Fellowship Program,Other,health,cip2,Medical Residencies,medical scientists,Clinical specialist (devices),Vendor-side training on equipment; the commercial cousin of the unit.,,Health information technologist,"EHR, registries, and quality reporting — the data side of the clinic.",29-9021,Regulatory / quality associate,"Filings, CAPA, and specs — the paperwork that lets the work ship.",13-1041
61.0806,"Endocrinology, Diabetes, and Metabolism Fellowship Program",Other,health,cip2,Medical Residencies,medical scientists,Clinical specialist (devices),Vendor-side training on equipment; the commercial cousin of the unit.,,Health information technologist,"EHR, registries, and quality reporting — the data side of the clinic.",29-9021,Regulatory / quality associate,"Filings, CAPA, and specs — the paperwork that lets the work ship.",13-1041
61.0807,Gastroenterology Fellowship Program,Other,health,cip2,Medical Residencies,medical scientists,Clinical specialist (devices),Vendor-side training on equipment; the commercial cousin of the unit.,,Health information technologist,"EHR, registries, and quality reporting — the data side of the clinic.",29-9021,Regulatory / quality associate,"Filings, CAPA, and specs — the paperwork that lets the work ship.",13-1041
61.0808,Hematology Fellowship Program,Other,health,cip2,Medical Residencies,medical scientists,Clinical specialist (devices),Vendor-side training on equipment; the commercial cousin of the unit.,,Health information technologist,"EHR, registries, and quality reporting — the data side of the clinic.",29-9021,Regulatory / quality associate,"Filings, CAPA, and specs — the paperwork that lets the work ship.",13-1041
61.0809,Hematology-Oncology Fellowship Program,Other,health,cip2,Medical Residencies,medical scientists,Clinical specialist (devices),Vendor-side training on equipment; the commercial cousin of the unit.,,Health information technologist,"EHR, registries, and quality reporting — the data side of the clinic.",29-9021,Regulatory / quality associate,"Filings, CAPA, and specs — the paperwork that lets the work ship.",13-1041
61.0810,Infectious Disease Fellowship Program,Other,health,cip2,Medical Residencies,medical scientists,Clinical specialist (devices),Vendor-side training on equipment; the commercial cousin of the unit.,,Health information technologist,"EHR, registries, and quality reporting — the data side of the clinic.",29-9021,Regulatory / quality associate,"Filings, CAPA, and specs — the paperwork that lets the work ship.",13-1041
61.0811,Interventional Cardiology Fellowship Program,Other,health,cip2,Medical Residencies,medical scientists,Clinical specialist (devices),Vendor-side training on equipment; the commercial cousin of the unit.,,Health information technologist,"EHR, registries, and quality reporting — the data side of the clinic.",29-9021,Regulatory / quality associate,"Filings, CAPA, and specs — the paperwork that lets the work ship.",13-1041
61.0812,Nephrology Fellowship Program,Other,health,cip2,Medical Residencies,medical scientists,Clinical specialist (devices),Vendor-side training on equipment; the commercial cousin of the unit.,,Health information technologist,"EHR, registries, and quality reporting — the data side of the clinic.",29-9021,Regulatory / quality associate,"Filings, CAPA, and specs — the paperwork that lets the work ship.",13-1041
61.0813,Medical Oncology Fellowship Program,Other,health,cip2,Medical Residencies,medical scientists,Clinical specialist (devices),Vendor-side training on equipment; the commercial cousin of the unit.,,Health information technologist,"EHR, registries, and quality reporting — the data side of the clinic.",29-9021,Regulatory / quality associate,"Filings, CAPA, and specs — the paperwork that lets the work ship.",13-1041
61.0814,Pulmonary Disease Fellowship Program,Other,health,cip2,Medical Residencies,medical scientists,Clinical specialist (devices),Vendor-side training on equipment; the commercial cousin of the unit.,,Health information technologist,"EHR, registries, and quality reporting — the data side of the clinic.",29-9021,Regulatory / quality associate,"Filings, CAPA, and specs — the paperwork that lets the work ship.",13-1041
61.0816,Rheumatology Fellowship Program,Other,health,cip2,Medical Residencies,medical scientists,Clinical specialist (devices),Vendor-side training on equipment; the commercial cousin of the unit.,,Health information technologist,"EHR, registries, and quality reporting — the data side of the clinic.",29-9021,Regulatory / quality associate,"Filings, CAPA, and specs — the paperwork that lets the work ship.",13-1041
61.0818,Transplant Hepatology Fellowship Program,Other,health,cip2,Medical Residencies,medical scientists,Clinical specialist (devices),Vendor-side training on equipment; the commercial cousin of the unit.,,Health information technologist,"EHR, registries, and quality reporting — the data side of the clinic.",29-9021,Regulatory / quality associate,"Filings, CAPA, and specs — the paperwork that lets the work ship.",13-1041
61.0899,"Internal Medicine Residency/Fellowship Programs, Other",Other,health,cip2,Medical Residencies,medical scientists,Clinical specialist (devices),Vendor-side training on equipment; the commercial cousin of the unit.,,Health information technologist,"EHR, registries, and quality reporting — the data side of the clinic.",29-9021,Regulatory / quality associate,"Filings, CAPA, and specs — the paperwork that lets the work ship.",13-1041
61.0901,Clinical Biochemical Genetics Residency Program,Other,health,cip2,Medical Residencies,medical scientists,Clinical specialist (devices),Vendor-side training on equipment; the commercial cousin of the unit.,,Health information technologist,"EHR, registries, and quality reporting — the data side of the clinic.",29-9021,Regulatory / quality associate,"Filings, CAPA, and specs — the paperwork that lets the work ship.",13-1041
61.0902,Clinical Genetics and Genomics Residency Program,Other,health,cip2,Medical Residencies,medical scientists,Clinical specialist (devices),Vendor-side training on equipment; the commercial cousin of the unit.,,Health information technologist,"EHR, registries, and quality reporting — the data side of the clinic.",29-9021,Regulatory / quality associate,"Filings, CAPA, and specs — the paperwork that lets the work ship.",13-1041
61.0903,Laboratory Genetics and Genomics Residency Program,Other,health,cip2,Medical Residencies,medical scientists,Clinical specialist (devices),Vendor-side training on equipment; the commercial cousin of the unit.,,Health information technologist,"EHR, registries, and quality reporting — the data side of the clinic.",29-9021,Regulatory / quality associate,"Filings, CAPA, and specs — the paperwork that lets the work ship.",13-1041
61.0904,Medical Biochemical Genetics Residency Program,Other,health,cip2,Medical Residencies,medical scientists,Clinical specialist (devices),Vendor-side training on equipment; the commercial cousin of the unit.,,Health information technologist,"EHR, registries, and quality reporting — the data side of the clinic.",29-9021,Regulatory / quality associate,"Filings, CAPA, and specs — the paperwork that lets the work ship.",13-1041
61.0999,"Medical Genetics and Genomics Residency/Fellowship Programs, Other",Other,health,cip2,Medical Residencies,medical scientists,Clinical specialist (devices),Vendor-side training on equipment; the commercial cousin of the unit.,,Health information technologist,"EHR, registries, and quality reporting — the data side of the clinic.",29-9021,Regulatory / quality associate,"Filings, CAPA, and specs — the paperwork that lets the work ship.",13-1041
61.1001,Neurological Surgery Residency Program,Other,health,cip2,Medical Residencies,health specialties teacher,Clinical specialist (devices),Vendor-side training on equipment; the commercial cousin of the unit.,,Health information technologist,"EHR, registries, and quality reporting — the data side of the clinic.",29-9021,Regulatory / quality associate,"Filings, CAPA, and specs — the paperwork that lets the work ship.",13-1041
61.1099,"Neurological Surgery Residency/Fellowship Programs, Other",Other,health,cip2,Medical Residencies,medical scientists,Clinical specialist (devices),Vendor-side training on equipment; the commercial cousin of the unit.,,Health information technologist,"EHR, registries, and quality reporting — the data side of the clinic.",29-9021,Regulatory / quality associate,"Filings, CAPA, and specs — the paperwork that lets the work ship.",13-1041
61.1101,Neurology Residency Program,Other,health,cip2,Medical Residencies,health specialties teacher,Clinical specialist (devices),Vendor-side training on equipment; the commercial cousin of the unit.,,Health information technologist,"EHR, registries, and quality reporting — the data side of the clinic.",29-9021,Regulatory / quality associate,"Filings, CAPA, and specs — the paperwork that lets the work ship.",13-1041
61.1102,Child Neurology Residency Program,Other,health,cip2,Medical Residencies,health specialties teacher,Clinical specialist (devices),Vendor-side training on equipment; the commercial cousin of the unit.,,Health information technologist,"EHR, registries, and quality reporting — the data side of the clinic.",29-9021,Regulatory / quality associate,"Filings, CAPA, and specs — the paperwork that lets the work ship.",13-1041
61.1103,Clinical Neurophysiology Fellowship Program,Other,health,cip2,Medical Residencies,medical scientists,Clinical specialist (devices),Vendor-side training on equipment; the commercial cousin of the unit.,,Health information technologist,"EHR, registries, and quality reporting — the data side of the clinic.",29-9021,Regulatory / quality associate,"Filings, CAPA, and specs — the paperwork that lets the work ship.",13-1041
61.1104,Epilepsy Fellowship Program,Other,health,cip2,Medical Residencies,medical scientists,Clinical specialist (devices),Vendor-side training on equipment; the commercial cousin of the unit.,,Health information technologist,"EHR, registries, and quality reporting — the data side of the clinic.",29-9021,Regulatory / quality associate,"Filings, CAPA, and specs — the paperwork that lets the work ship.",13-1041
61.1105,Headache Medicine Fellowship Program,Other,health,cip2,Medical Residencies,medical scientists,Clinical specialist (devices),Vendor-side training on equipment; the commercial cousin of the unit.,,Health information technologist,"EHR, registries, and quality reporting — the data side of the clinic.",29-9021,Regulatory / quality associate,"Filings, CAPA, and specs — the paperwork that lets the work ship.",13-1041
61.1106,Neurodevelopmental Disabilities Fellowship Program,Other,health,cip2,Medical Residencies,medical scientists,Clinical specialist (devices),Vendor-side training on equipment; the commercial cousin of the unit.,,Health information technologist,"EHR, registries, and quality reporting — the data side of the clinic.",29-9021,Regulatory / quality associate,"Filings, CAPA, and specs — the paperwork that lets the work ship.",13-1041
61.1107,Vascular Neurology Fellowship Program,Other,health,cip2,Medical Residencies,medical scientists,Clinical specialist (devices),Vendor-side training on equipment; the commercial cousin of the unit.,,Health information technologist,"EHR, registries, and quality reporting — the data side of the clinic.",29-9021,Regulatory / quality associate,"Filings, CAPA, and specs — the paperwork that lets the work ship.",13-1041
61.1199,"Neurology Residency/Fellowship Programs, Other",Other,health,cip2,Medical Residencies,medical scientists,Clinical specialist (devices),Vendor-side training on equipment; the commercial cousin of the unit.,,Health information technologist,"EHR, registries, and quality reporting — the data side of the clinic.",29-9021,Regulatory / quality associate,"Filings, CAPA, and specs — the paperwork that lets the work ship.",13-1041
61.1201,Nuclear Medicine Residency Program,Other,health,cip2,Medical Residencies,health specialties teacher,Clinical specialist (devices),Vendor-side training on equipment; the commercial cousin of the unit.,,Health information technologist,"EHR, registries, and quality reporting — the data side of the clinic.",29-9021,Regulatory / quality associate,"Filings, CAPA, and specs — the paperwork that lets the work ship.",13-1041
61.1299,"Nuclear Medicine Residency/Fellowship Programs, Other",Other,health,cip2,Medical Residencies,medical scientists,Clinical specialist (devices),Vendor-side training on equipment; the commercial cousin of the unit.,,Health information technologist,"EHR, registries, and quality reporting — the data side of the clinic.",29-9021,Regulatory / quality associate,"Filings, CAPA, and specs — the paperwork that lets the work ship.",13-1041
61.1301,Obstetrics and Gynecology Residency Program,Other,health,cip2,Medical Residencies,health specialties teacher,Clinical specialist (devices),Vendor-side training on equipment; the commercial cousin of the unit.,,Health information technologist,"EHR, registries, and quality reporting — the data side of the clinic.",29-9021,Regulatory / quality associate,"Filings, CAPA, and specs — the paperwork that lets the work ship.",13-1041
61.1302,Gynecologic Oncology Fellowship Program,Other,health,cip2,Medical Residencies,medical scientists,Clinical specialist (devices),Vendor-side training on equipment; the commercial cousin of the unit.,,Health information technologist,"EHR, registries, and quality reporting — the data side of the clinic.",29-9021,Regulatory / quality associate,"Filings, CAPA, and specs — the paperwork that lets the work ship.",13-1041
61.1303,Maternal and Fetal Medicine Fellowship Program,Other,health,cip2,Medical Residencies,medical scientists,Clinical specialist (devices),Vendor-side training on equipment; the commercial cousin of the unit.,,Health information technologist,"EHR, registries, and quality reporting — the data side of the clinic.",29-9021,Regulatory / quality associate,"Filings, CAPA, and specs — the paperwork that lets the work ship.",13-1041
61.1304,Reproductive Endocrinology/Infertility Fellowship Program,Other,health,cip2,Medical Residencies,medical scientists,Clinical specialist (devices),Vendor-side training on equipment; the commercial cousin of the unit.,,Health information technologist,"EHR, registries, and quality reporting — the data side of the clinic.",29-9021,Regulatory / quality associate,"Filings, CAPA, and specs — the paperwork that lets the work ship.",13-1041
61.1399,"Obstetrics and Gynecology Residency/Fellowship Programs, Other",Other,health,cip2,Medical Residencies,medical scientists,Clinical specialist (devices),Vendor-side training on equipment; the commercial cousin of the unit.,,Health information technologist,"EHR, registries, and quality reporting — the data side of the clinic.",29-9021,Regulatory / quality associate,"Filings, CAPA, and specs — the paperwork that lets the work ship.",13-1041
61.1401,Ophthalmology Residency Program,Other,health,cip2,Medical Residencies,health specialties teacher,Clinical specialist (devices),Vendor-side training on equipment; the commercial cousin of the unit.,,Health information technologist,"EHR, registries, and quality reporting — the data side of the clinic.",29-9021,Regulatory / quality associate,"Filings, CAPA, and specs — the paperwork that lets the work ship.",13-1041
61.1499,"Ophthalmology Residency/Fellowship Programs, Other",Other,health,cip2,Medical Residencies,medical scientists,Clinical specialist (devices),Vendor-side training on equipment; the commercial cousin of the unit.,,Health information technologist,"EHR, registries, and quality reporting — the data side of the clinic.",29-9021,Regulatory / quality associate,"Filings, CAPA, and specs — the paperwork that lets the work ship.",13-1041
61.1501,Orthopedic Surgery Residency Program,Other,health,cip2,Medical Residencies,health specialties teacher,Clinical specialist (devices),Vendor-side training on equipment; the commercial cousin of the unit.,,Health information technologist,"EHR, registries, and quality reporting — the data side of the clinic.",29-9021,Regulatory / quality associate,"Filings, CAPA, and specs — the paperwork that lets the work ship.",13-1041
61.1502,Musculoskeletal Oncology Fellowship Program,Other,health,cip2,Medical Residencies,medical scientists,Clinical specialist (devices),Vendor-side training on equipment; the commercial cousin of the unit.,,Health information technologist,"EHR, registries, and quality reporting — the data side of the clinic.",29-9021,Regulatory / quality associate,"Filings, CAPA, and specs — the paperwork that lets the work ship.",13-1041
61.1503,Orthopedic Sports Medicine Fellowship Program,Other,health,cip2,Medical Residencies,medical scientists,Clinical specialist (devices),Vendor-side training on equipment; the commercial cousin of the unit.,,Health information technologist,"EHR, registries, and quality reporting — the data side of the clinic.",29-9021,Regulatory / quality associate,"Filings, CAPA, and specs — the paperwork that lets the work ship.",13-1041
61.1504,Orthopedic Surgery of the Spine Fellowship Program,Other,health,cip2,Medical Residencies,medical scientists,Clinical specialist (devices),Vendor-side training on equipment; the commercial cousin of the unit.,,Health information technologist,"EHR, registries, and quality reporting — the data side of the clinic.",29-9021,Regulatory / quality associate,"Filings, CAPA, and specs — the paperwork that lets the work ship.",13-1041
61.1505,Pediatric Orthopedics Fellowship Program,Other,health,cip2,Medical Residencies,medical scientists,Clinical specialist (devices),Vendor-side training on equipment; the commercial cousin of the unit.,,Health information technologist,"EHR, registries, and quality reporting — the data side of the clinic.",29-9021,Regulatory / quality associate,"Filings, CAPA, and specs — the paperwork that lets the work ship.",13-1041
61.1599,"Orthopedic Surgery Residency/Fellowship Programs, Other",Other,health,cip2,Medical Residencies,medical scientists,Clinical specialist (devices),Vendor-side training on equipment; the commercial cousin of the unit.,,Health information technologist,"EHR, registries, and quality reporting — the data side of the clinic.",29-9021,Regulatory / quality associate,"Filings, CAPA, and specs — the paperwork that lets the work ship.",13-1041
61.1601,Osteopathic Neuromusculoskeletal Medicine Residency Program,Other,health,cip2,Medical Residencies,health specialties teacher,Clinical specialist (devices),Vendor-side training on equipment; the commercial cousin of the unit.,,Health information technologist,"EHR, registries, and quality reporting — the data side of the clinic.",29-9021,Regulatory / quality associate,"Filings, CAPA, and specs — the paperwork that lets the work ship.",13-1041
61.1699,"Osteopathic Medicine Residency/Fellowship Programs, Other",Other,health,cip2,Medical Residencies,medical scientists,Clinical specialist (devices),Vendor-side training on equipment; the commercial cousin of the unit.,,Health information technologist,"EHR, registries, and quality reporting — the data side of the clinic.",29-9021,Regulatory / quality associate,"Filings, CAPA, and specs — the paperwork that lets the work ship.",13-1041
61.1701,Otolaryngology Residency Program,Other,health,cip2,Medical Residencies,health specialties teacher,Clinical specialist (devices),Vendor-side training on equipment; the commercial cousin of the unit.,,Health information technologist,"EHR, registries, and quality reporting — the data side of the clinic.",29-9021,Regulatory / quality associate,"Filings, CAPA, and specs — the paperwork that lets the work ship.",13-1041
61.1702,Neurotology Fellowship Program,Other,health,cip2,Medical Residencies,medical scientists,Clinical specialist (devices),Vendor-side training on equipment; the commercial cousin of the unit.,,Health information technologist,"EHR, registries, and quality reporting — the data side of the clinic.",29-9021,Regulatory / quality associate,"Filings, CAPA, and specs — the paperwork that lets the work ship.",13-1041
61.1703,Pediatric Otolaryngology Fellowship Program,Other,health,cip2,Medical Residencies,medical scientists,Clinical specialist (devices),Vendor-side training on equipment; the commercial cousin of the unit.,,Health information technologist,"EHR, registries, and quality reporting — the data side of the clinic.",29-9021,Regulatory / quality associate,"Filings, CAPA, and specs — the paperwork that lets the work ship.",13-1041
61.1799,"Otolaryngology Residency/Fellowship Programs, Other",Other,health,cip2,Medical Residencies,medical scientists,Clinical specialist (devices),Vendor-side training on equipment; the commercial cousin of the unit.,,Health information technologist,"EHR, registries, and quality reporting — the data side of the clinic.",29-9021,Regulatory / quality associate,"Filings, CAPA, and specs — the paperwork that lets the work ship.",13-1041
61.1801,Combined Anatomic and Clinical Pathology Residency Program,Other,health,cip2,Medical Residencies,health specialties teacher,Clinical specialist (devices),Vendor-side training on equipment; the commercial cousin of the unit.,,Health information technologist,"EHR, registries, and quality reporting — the data side of the clinic.",29-9021,Regulatory / quality associate,"Filings, CAPA, and specs — the paperwork that lets the work ship.",13-1041
61.1802,Anatomic Pathology Residency Program,Other,health,cip2,Medical Residencies,health specialties teacher,Clinical specialist (devices),Vendor-side training on equipment; the commercial cousin of the unit.,,Health information technologist,"EHR, registries, and quality reporting — the data side of the clinic.",29-9021,Regulatory / quality associate,"Filings, CAPA, and specs — the paperwork that lets the work ship.",13-1041
61.1803,Clinical Pathology Residency Program,Other,health,cip2,Medical Residencies,health specialties teacher,Clinical specialist (devices),Vendor-side training on equipment; the commercial cousin of the unit.,,Health information technologist,"EHR, registries, and quality reporting — the data side of the clinic.",29-9021,Regulatory / quality associate,"Filings, CAPA, and specs — the paperwork that lets the work ship.",13-1041
61.1804,Blood Banking/Transfusion Medicine Fellowship Program,Other,health,cip2,Medical Residencies,medical scientists,Clinical specialist (devices),Vendor-side training on equipment; the commercial cousin of the unit.,,Health information technologist,"EHR, registries, and quality reporting — the data side of the clinic.",29-9021,Regulatory / quality associate,"Filings, CAPA, and specs — the paperwork that lets the work ship.",13-1041
61.1805,Chemical Pathology Fellowship Program,Other,health,cip2,Medical Residencies,medical scientists,Clinical specialist (devices),Vendor-side training on equipment; the commercial cousin of the unit.,,Health information technologist,"EHR, registries, and quality reporting — the data side of the clinic.",29-9021,Regulatory / quality associate,"Filings, CAPA, and specs — the paperwork that lets the work ship.",13-1041
61.1806,Cytopathology Fellowship Program,Other,health,cip2,Medical Residencies,medical scientists,Clinical specialist (devices),Vendor-side training on equipment; the commercial cousin of the unit.,,Health information technologist,"EHR, registries, and quality reporting — the data side of the clinic.",29-9021,Regulatory / quality associate,"Filings, CAPA, and specs — the paperwork that lets the work ship.",13-1041
61.1807,Forensic Pathology Fellowship Program,Other,health,cip2,Medical Residencies,medical scientists,Clinical specialist (devices),Vendor-side training on equipment; the commercial cousin of the unit.,,Health information technologist,"EHR, registries, and quality reporting — the data side of the clinic.",29-9021,Regulatory / quality associate,"Filings, CAPA, and specs — the paperwork that lets the work ship.",13-1041
61.1808,Hematological Pathology Fellowship Program,Other,health,cip2,Medical Residencies,medical scientists,Clinical specialist (devices),Vendor-side training on equipment; the commercial cousin of the unit.,,Health information technologist,"EHR, registries, and quality reporting — the data side of the clinic.",29-9021,Regulatory / quality associate,"Filings, CAPA, and specs — the paperwork that lets the work ship.",13-1041
61.1809,Immunopathology Fellowship Program,Other,health,cip2,Medical Residencies,medical scientists,Clinical specialist (devices),Vendor-side training on equipment; the commercial cousin of the unit.,,Health information technologist,"EHR, registries, and quality reporting — the data side of the clinic.",29-9021,Regulatory / quality associate,"Filings, CAPA, and specs — the paperwork that lets the work ship.",13-1041
61.1810,Laboratory Medicine Fellowship Program,Other,health,cip2,Medical Residencies,medical scientists,Clinical specialist (devices),Vendor-side training on equipment; the commercial cousin of the unit.,,Health information technologist,"EHR, registries, and quality reporting — the data side of the clinic.",29-9021,Regulatory / quality associate,"Filings, CAPA, and specs — the paperwork that lets the work ship.",13-1041
61.1811,Medical Microbiology Fellowship Program,Other,health,cip2,Medical Residencies,medical scientists,Clinical specialist (devices),Vendor-side training on equipment; the commercial cousin of the unit.,,Health information technologist,"EHR, registries, and quality reporting — the data side of the clinic.",29-9021,Regulatory / quality associate,"Filings, CAPA, and specs — the paperwork that lets the work ship.",13-1041
61.1812,Molecular Genetic Pathology Fellowship Program,Other,health,cip2,Medical Residencies,medical scientists,Clinical specialist (devices),Vendor-side training on equipment; the commercial cousin of the unit.,,Health information technologist,"EHR, registries, and quality reporting — the data side of the clinic.",29-9021,Regulatory / quality associate,"Filings, CAPA, and specs — the paperwork that lets the work ship.",13-1041
61.1813,Neuropathology Fellowship Program,Other,health,cip2,Medical Residencies,medical scientists,Clinical specialist (devices),Vendor-side training on equipment; the commercial cousin of the unit.,,Health information technologist,"EHR, registries, and quality reporting — the data side of the clinic.",29-9021,Regulatory / quality associate,"Filings, CAPA, and specs — the paperwork that lets the work ship.",13-1041
61.1814,Pediatric Pathology Fellowship Program,Other,health,cip2,Medical Residencies,medical scientists,Clinical specialist (devices),Vendor-side training on equipment; the commercial cousin of the unit.,,Health information technologist,"EHR, registries, and quality reporting — the data side of the clinic.",29-9021,Regulatory / quality associate,"Filings, CAPA, and specs — the paperwork that lets the work ship.",13-1041
61.1815,Radioisotopic Pathology Fellowship Program,Other,health,cip2,Medical Residencies,medical scientists,Clinical specialist (devices),Vendor-side training on equipment; the commercial cousin of the unit.,,Health information technologist,"EHR, registries, and quality reporting — the data side of the clinic.",29-9021,Regulatory / quality associate,"Filings, CAPA, and specs — the paperwork that lets the work ship.",13-1041
61.1899,"Pathology Residency/Fellowship Programs, Other",Other,health,cip2,Medical Residencies,medical scientists,Clinical specialist (devices),Vendor-side training on equipment; the commercial cousin of the unit.,,Health information technologist,"EHR, registries, and quality reporting — the data side of the clinic.",29-9021,Regulatory / quality associate,"Filings, CAPA, and specs — the paperwork that lets the work ship.",13-1041
61.1901,Pediatrics Residency Program,Other,health,cip2,Medical Residencies,pediatricians,Clinical specialist (devices),Vendor-side training on equipment; the commercial cousin of the unit.,,Health information technologist,"EHR, registries, and quality reporting — the data side of the clinic.",29-9021,Regulatory / quality associate,"Filings, CAPA, and specs — the paperwork that lets the work ship.",13-1041
61.1902,Adolescent Medicine Fellowship Program,Other,health,cip2,Medical Residencies,medical scientists,Clinical specialist (devices),Vendor-side training on equipment; the commercial cousin of the unit.,,Health information technologist,"EHR, registries, and quality reporting — the data side of the clinic.",29-9021,Regulatory / quality associate,"Filings, CAPA, and specs — the paperwork that lets the work ship.",13-1041
61.1903,Child Abuse Pediatrics Fellowship Program,Other,health,cip2,Medical Residencies,medical scientists,Clinical specialist (devices),Vendor-side training on equipment; the commercial cousin of the unit.,,Health information technologist,"EHR, registries, and quality reporting — the data side of the clinic.",29-9021,Regulatory / quality associate,"Filings, CAPA, and specs — the paperwork that lets the work ship.",13-1041
61.1904,Developmental-Behavioral Pediatrics Fellowship Program,Other,health,cip2,Medical Residencies,medical scientists,Clinical specialist (devices),Vendor-side training on equipment; the commercial cousin of the unit.,,Health information technologist,"EHR, registries, and quality reporting — the data side of the clinic.",29-9021,Regulatory / quality associate,"Filings, CAPA, and specs — the paperwork that lets the work ship.",13-1041
61.1905,Neonatal-Perinatal Medicine Fellowship Program,Other,health,cip2,Medical Residencies,medical scientists,Clinical specialist (devices),Vendor-side training on equipment; the commercial cousin of the unit.,,Health information technologist,"EHR, registries, and quality reporting — the data side of the clinic.",29-9021,Regulatory / quality associate,"Filings, CAPA, and specs — the paperwork that lets the work ship.",13-1041
61.1906,Pediatric Cardiology Fellowship Program,Other,health,cip2,Medical Residencies,medical scientists,Clinical specialist (devices),Vendor-side training on equipment; the commercial cousin of the unit.,,Health information technologist,"EHR, registries, and quality reporting — the data side of the clinic.",29-9021,Regulatory / quality associate,"Filings, CAPA, and specs — the paperwork that lets the work ship.",13-1041
61.1907,Pediatric Critical Care Medicine Fellowship Program,Other,health,cip2,Medical Residencies,medical scientists,Clinical specialist (devices),Vendor-side training on equipment; the commercial cousin of the unit.,,Health information technologist,"EHR, registries, and quality reporting — the data side of the clinic.",29-9021,Regulatory / quality associate,"Filings, CAPA, and specs — the paperwork that lets the work ship.",13-1041
61.1908,Pediatric Emergency Medicine Fellowship Program,Other,health,cip2,Medical Residencies,medical scientists,Clinical specialist (devices),Vendor-side training on equipment; the commercial cousin of the unit.,,Health information technologist,"EHR, registries, and quality reporting — the data side of the clinic.",29-9021,Regulatory / quality associate,"Filings, CAPA, and specs — the paperwork that lets the work ship.",13-1041
61.1909,Pediatric Endocrinology Fellowship Program,Other,health,cip2,Medical Residencies,medical scientists,Clinical specialist (devices),Vendor-side training on equipment; the commercial cousin of the unit.,,Health information technologist,"EHR, registries, and quality reporting — the data side of the clinic.",29-9021,Regulatory / quality associate,"Filings, CAPA, and specs — the paperwork that lets the work ship.",13-1041
61.1910,Pediatric Gastroenterology Fellowship Program,Other,health,cip2,Medical Residencies,medical scientists,Clinical specialist (devices),Vendor-side training on equipment; the commercial cousin of the unit.,,Health information technologist,"EHR, registries, and quality reporting — the data side of the clinic.",29-9021,Regulatory / quality associate,"Filings, CAPA, and specs — the paperwork that lets the work ship.",13-1041
61.1911,Pediatric Hematology-Oncology Fellowship Program,Other,health,cip2,Medical Residencies,medical scientists,Clinical specialist (devices),Vendor-side training on equipment; the commercial cousin of the unit.,,Health information technologist,"EHR, registries, and quality reporting — the data side of the clinic.",29-9021,Regulatory / quality associate,"Filings, CAPA, and specs — the paperwork that lets the work ship.",13-1041
61.1912,Pediatric Infectious Diseases Fellowship Program,Other,health,cip2,Medical Residencies,medical scientists,Clinical specialist (devices),Vendor-side training on equipment; the commercial cousin of the unit.,,Health information technologist,"EHR, registries, and quality reporting — the data side of the clinic.",29-9021,Regulatory / quality associate,"Filings, CAPA, and specs — the paperwork that lets the work ship.",13-1041
61.1913,Pediatric Nephrology Fellowship Program,Other,health,cip2,Medical Residencies,medical scientists,Clinical specialist (devices),Vendor-side training on equipment; the commercial cousin of the unit.,,Health information technologist,"EHR, registries, and quality reporting — the data side of the clinic.",29-9021,Regulatory / quality associate,"Filings, CAPA, and specs — the paperwork that lets the work ship.",13-1041
61.1914,Pediatric Pulmonology Fellowship Program,Other,health,cip2,Medical Residencies,medical scientists,Clinical specialist (devices),Vendor-side training on equipment; the commercial cousin of the unit.,,Health information technologist,"EHR, registries, and quality reporting — the data side of the clinic.",29-9021,Regulatory / quality associate,"Filings, CAPA, and specs — the paperwork that lets the work ship.",13-1041
61.1915,Pediatric Rheumatology Fellowship Program,Other,health,cip2,Medical Residencies,medical scientists,Clinical specialist (devices),Vendor-side training on equipment; the commercial cousin of the unit.,,Health information technologist,"EHR, registries, and quality reporting — the data side of the clinic.",29-9021,Regulatory / quality associate,"Filings, CAPA, and specs — the paperwork that lets the work ship.",13-1041
61.1917,Pediatric Transplant Hepatology Fellowship Program,Other,health,cip2,Medical Residencies,medical scientists,Clinical specialist (devices),Vendor-side training on equipment; the commercial cousin of the unit.,,Health information technologist,"EHR, registries, and quality reporting — the data side of the clinic.",29-9021,Regulatory / quality associate,"Filings, CAPA, and specs — the paperwork that lets the work ship.",13-1041
61.1999,"Pediatrics Residency/Fellowship Programs, Other",Other,health,cip2,Medical Residencies,medical scientists,Clinical specialist (devices),Vendor-side training on equipment; the commercial cousin of the unit.,,Health information technologist,"EHR, registries, and quality reporting — the data side of the clinic.",29-9021,Regulatory / quality associate,"Filings, CAPA, and specs — the paperwork that lets the work ship.",13-1041
61.2001,Physical Medicine and Rehabilitation Residency Program,Other,health,cip2,Medical Residencies,health specialties teacher,Clinical specialist (devices),Vendor-side training on equipment; the commercial cousin of the unit.,,Health information technologist,"EHR, registries, and quality reporting — the data side of the clinic.",29-9021,Regulatory / quality associate,"Filings, CAPA, and specs — the paperwork that lets the work ship.",13-1041
61.2002,Spinal Cord Injury Medicine Fellowship Program,Other,health,cip2,Medical Residencies,medical scientists,Clinical specialist (devices),Vendor-side training on equipment; the commercial cousin of the unit.,,Health information technologist,"EHR, registries, and quality reporting — the data side of the clinic.",29-9021,Regulatory / quality associate,"Filings, CAPA, and specs — the paperwork that lets the work ship.",13-1041
61.2003,Pediatric Rehabilitation Medicine Fellowship Program,Other,health,cip2,Medical Residencies,medical scientists,Clinical specialist (devices),Vendor-side training on equipment; the commercial cousin of the unit.,,Health information technologist,"EHR, registries, and quality reporting — the data side of the clinic.",29-9021,Regulatory / quality associate,"Filings, CAPA, and specs — the paperwork that lets the work ship.",13-1041
61.2099,"Physical Medicine and Rehabilitation Residency/Fellowship Programs, Other",Other,health,cip2,Medical Residencies,medical scientists,Clinical specialist (devices),Vendor-side training on equipment; the commercial cousin of the unit.,,Health information technologist,"EHR, registries, and quality reporting — the data side of the clinic.",29-9021,Regulatory / quality associate,"Filings, CAPA, and specs — the paperwork that lets the work ship.",13-1041
61.2101,Plastic Surgery Residency Program,Other,health,cip2,Medical Residencies,health specialties teacher,Clinical specialist (devices),Vendor-side training on equipment; the commercial cousin of the unit.,,Health information technologist,"EHR, registries, and quality reporting — the data side of the clinic.",29-9021,Regulatory / quality associate,"Filings, CAPA, and specs — the paperwork that lets the work ship.",13-1041
61.2102,Integrated Plastic Surgery Residency Program,Other,health,cip2,Medical Residencies,health specialties teacher,Clinical specialist (devices),Vendor-side training on equipment; the commercial cousin of the unit.,,Health information technologist,"EHR, registries, and quality reporting — the data side of the clinic.",29-9021,Regulatory / quality associate,"Filings, CAPA, and specs — the paperwork that lets the work ship.",13-1041
61.2103,Plastic Surgery Within the Head and Neck Fellowship Program,Other,health,cip2,Medical Residencies,medical scientists,Clinical specialist (devices),Vendor-side training on equipment; the commercial cousin of the unit.,,Health information technologist,"EHR, registries, and quality reporting — the data side of the clinic.",29-9021,Regulatory / quality associate,"Filings, CAPA, and specs — the paperwork that lets the work ship.",13-1041
61.2199,"Plastic Surgery Residency/Fellowship Programs, Other",Other,health,cip2,Medical Residencies,medical scientists,Clinical specialist (devices),Vendor-side training on equipment; the commercial cousin of the unit.,,Health information technologist,"EHR, registries, and quality reporting — the data side of the clinic.",29-9021,Regulatory / quality associate,"Filings, CAPA, and specs — the paperwork that lets the work ship.",13-1041
61.2201,Podiatric Medicine and Surgery Residency Program,Other,health,cip2,Medical Residencies,podiatrists,Clinical specialist (devices),Vendor-side training on equipment; the commercial cousin of the unit.,,Health information technologist,"EHR, registries, and quality reporting — the data side of the clinic.",29-9021,Regulatory / quality associate,"Filings, CAPA, and specs — the paperwork that lets the work ship.",13-1041
61.2299,"Podiatric Medicine Residency/Fellowship Programs, Other",Other,health,cip2,Medical Residencies,medical scientists,Clinical specialist (devices),Vendor-side training on equipment; the commercial cousin of the unit.,,Health information technologist,"EHR, registries, and quality reporting — the data side of the clinic.",29-9021,Regulatory / quality associate,"Filings, CAPA, and specs — the paperwork that lets the work ship.",13-1041
61.2301,Public Health and General Preventive Medicine Residency Program,Other,health,cip2,Medical Residencies,health specialties teacher,Clinical specialist (devices),Vendor-side training on equipment; the commercial cousin of the unit.,,Health information technologist,"EHR, registries, and quality reporting — the data side of the clinic.",29-9021,Regulatory / quality associate,"Filings, CAPA, and specs — the paperwork that lets the work ship.",13-1041
61.2302,Aerospace Medicine Residency Program,Other,health,cip2,Medical Residencies,health specialties teacher,Clinical specialist (devices),Vendor-side training on equipment; the commercial cousin of the unit.,,Health information technologist,"EHR, registries, and quality reporting — the data side of the clinic.",29-9021,Regulatory / quality associate,"Filings, CAPA, and specs — the paperwork that lets the work ship.",13-1041
61.2303,Occupational Medicine Residency Program,Other,health,cip2,Medical Residencies,health specialties teacher,Clinical specialist (devices),Vendor-side training on equipment; the commercial cousin of the unit.,,Health information technologist,"EHR, registries, and quality reporting — the data side of the clinic.",29-9021,Regulatory / quality associate,"Filings, CAPA, and specs — the paperwork that lets the work ship.",13-1041
61.2399,"Preventive Medicine Residency/Fellowship Programs, Other",Other,health,cip2,Medical Residencies,medical scientists,Clinical specialist (devices),Vendor-side training on equipment; the commercial cousin of the unit.,,Health information technologist,"EHR, registries, and quality reporting — the data side of the clinic.",29-9021,Regulatory / quality associate,"Filings, CAPA, and specs — the paperwork that lets the work ship.",13-1041
61.2401,Psychiatry Residency Program,Other,health,cip2,Medical Residencies,health specialties teacher,Clinical specialist (devices),Vendor-side training on equipment; the commercial cousin of the unit.,,Health information technologist,"EHR, registries, and quality reporting — the data side of the clinic.",29-9021,Regulatory / quality associate,"Filings, CAPA, and specs — the paperwork that lets the work ship.",13-1041
61.2402,Addiction Psychiatry Fellowship Program,Other,health,cip2,Medical Residencies,medical scientists,Clinical specialist (devices),Vendor-side training on equipment; the commercial cousin of the unit.,,Health information technologist,"EHR, registries, and quality reporting — the data side of the clinic.",29-9021,Regulatory / quality associate,"Filings, CAPA, and specs — the paperwork that lets the work ship.",13-1041
61.2403,Child and Adolescent Psychiatry Fellowship Program,Other,health,cip2,Medical Residencies,medical scientists,Clinical specialist (devices),Vendor-side training on equipment; the commercial cousin of the unit.,,Health information technologist,"EHR, registries, and quality reporting — the data side of the clinic.",29-9021,Regulatory / quality associate,"Filings, CAPA, and specs — the paperwork that lets the work ship.",13-1041
61.2404,Consultation-Liaison Psychiatry Fellowship Program,Other,health,cip2,Medical Residencies,medical scientists,Clinical specialist (devices),Vendor-side training on equipment; the commercial cousin of the unit.,,Health information technologist,"EHR, registries, and quality reporting — the data side of the clinic.",29-9021,Regulatory / quality associate,"Filings, CAPA, and specs — the paperwork that lets the work ship.",13-1041
61.2405,Forensic Psychiatry Fellowship Program,Other,health,cip2,Medical Residencies,medical scientists,Clinical specialist (devices),Vendor-side training on equipment; the commercial cousin of the unit.,,Health information technologist,"EHR, registries, and quality reporting — the data side of the clinic.",29-9021,Regulatory / quality associate,"Filings, CAPA, and specs — the paperwork that lets the work ship.",13-1041
61.2406,Geriatric Psychiatry Fellowship Program,Other,health,cip2,Medical Residencies,medical scientists,Clinical specialist (devices),Vendor-side training on equipment; the commercial cousin of the unit.,,Health information technologist,"EHR, registries, and quality reporting — the data side of the clinic.",29-9021,Regulatory / quality associate,"Filings, CAPA, and specs — the paperwork that lets the work ship.",13-1041
61.2499,"Psychiatry Residency/Fellowship Programs, Other",Other,health,cip2,Medical Residencies,medical scientists,Clinical specialist (devices),Vendor-side training on equipment; the commercial cousin of the unit.,,Health information technologist,"EHR, registries, and quality reporting — the data side of the clinic.",29-9021,Regulatory / quality associate,"Filings, CAPA, and specs — the paperwork that lets the work ship.",13-1041
61.2501,Radiation Oncology Residency Program,Other,health,cip2,Medical Residencies,health specialties teacher,Clinical specialist (devices),Vendor-side training on equipment; the commercial cousin of the unit.,,Health information technologist,"EHR, registries, and quality reporting — the data side of the clinic.",29-9021,Regulatory / quality associate,"Filings, CAPA, and specs — the paperwork that lets the work ship.",13-1041
61.2599,"Radiation Oncology Residency/Fellowship Programs, Other",Other,health,cip2,Medical Residencies,medical scientists,Clinical specialist (devices),Vendor-side training on equipment; the commercial cousin of the unit.,,Health information technologist,"EHR, registries, and quality reporting — the data side of the clinic.",29-9021,Regulatory / quality associate,"Filings, CAPA, and specs — the paperwork that lets the work ship.",13-1041
61.2601,Diagnostic Radiology Residency Program,Other,health,cip2,Medical Residencies,health specialties teacher,Clinical specialist (devices),Vendor-side training on equipment; the commercial cousin of the unit.,,Health information technologist,"EHR, registries, and quality reporting — the data side of the clinic.",29-9021,Regulatory / quality associate,"Filings, CAPA, and specs — the paperwork that lets the work ship.",13-1041
61.2602,Integrated Interventional Radiology Residency Program,Other,health,cip2,Medical Residencies,health specialties teacher,Clinical specialist (devices),Vendor-side training on equipment; the commercial cousin of the unit.,,Health information technologist,"EHR, registries, and quality reporting — the data side of the clinic.",29-9021,Regulatory / quality associate,"Filings, CAPA, and specs — the paperwork that lets the work ship.",13-1041
61.2603,Abdominal Radiology Fellowship Program,Other,health,cip2,Medical Residencies,medical scientists,Clinical specialist (devices),Vendor-side training on equipment; the commercial cousin of the unit.,,Health information technologist,"EHR, registries, and quality reporting — the data side of the clinic.",29-9021,Regulatory / quality associate,"Filings, CAPA, and specs — the paperwork that lets the work ship.",13-1041
61.2604,Diagnostic Radiologic Physics Residency Program,Other,health,cip2,Medical Residencies,health specialties teacher,Clinical specialist (devices),Vendor-side training on equipment; the commercial cousin of the unit.,,Health information technologist,"EHR, registries, and quality reporting — the data side of the clinic.",29-9021,Regulatory / quality associate,"Filings, CAPA, and specs — the paperwork that lets the work ship.",13-1041
61.2605,Medical Nuclear Physics Residency Program,Other,health,cip2,Medical Residencies,health specialties teacher,Clinical specialist (devices),Vendor-side training on equipment; the commercial cousin of the unit.,,Health information technologist,"EHR, registries, and quality reporting — the data side of the clinic.",29-9021,Regulatory / quality associate,"Filings, CAPA, and specs — the paperwork that lets the work ship.",13-1041
61.2606,Musculoskeletal Radiology Fellowship Program,Other,health,cip2,Medical Residencies,medical scientists,Clinical specialist (devices),Vendor-side training on equipment; the commercial cousin of the unit.,,Health information technologist,"EHR, registries, and quality reporting — the data side of the clinic.",29-9021,Regulatory / quality associate,"Filings, CAPA, and specs — the paperwork that lets the work ship.",13-1041
61.2607,Neuroradiology Fellowship Program,Other,health,cip2,Medical Residencies,medical scientists,Clinical specialist (devices),Vendor-side training on equipment; the commercial cousin of the unit.,,Health information technologist,"EHR, registries, and quality reporting — the data side of the clinic.",29-9021,Regulatory / quality associate,"Filings, CAPA, and specs — the paperwork that lets the work ship.",13-1041
61.2608,Nuclear Radiology Fellowship Program,Other,health,cip2,Medical Residencies,medical scientists,Clinical specialist (devices),Vendor-side training on equipment; the commercial cousin of the unit.,,Health information technologist,"EHR, registries, and quality reporting — the data side of the clinic.",29-9021,Regulatory / quality associate,"Filings, CAPA, and specs — the paperwork that lets the work ship.",13-1041
61.2609,Pediatric Radiology Fellowship Program,Other,health,cip2,Medical Residencies,medical scientists,Clinical specialist (devices),Vendor-side training on equipment; the commercial cousin of the unit.,,Health information technologist,"EHR, registries, and quality reporting — the data side of the clinic.",29-9021,Regulatory / quality associate,"Filings, CAPA, and specs — the paperwork that lets the work ship.",13-1041
61.2610,Radiologic Physics Residency Program,Other,health,cip2,Medical Residencies,health specialties teacher,Clinical specialist (devices),Vendor-side training on equipment; the commercial cousin of the unit.,,Health information technologist,"EHR, registries, and quality reporting — the data side of the clinic.",29-9021,Regulatory / quality associate,"Filings, CAPA, and specs — the paperwork that lets the work ship.",13-1041
61.2611,Therapeutic Radiologic Physics Residency Program,Other,health,cip2,Medical Residencies,health specialties teacher,Clinical specialist (devices),Vendor-side training on equipment; the commercial cousin of the unit.,,Health information technologist,"EHR, registries, and quality reporting — the data side of the clinic.",29-9021,Regulatory / quality associate,"Filings, CAPA, and specs — the paperwork that lets the work ship.",13-1041
61.2612,Vascular and Interventional Radiology Fellowship Program,Other,health,cip2,Medical Residencies,medical scientists,Clinical specialist (devices),Vendor-side training on equipment; the commercial cousin of the unit.,,Health information technologist,"EHR, registries, and quality reporting — the data side of the clinic.",29-9021,Regulatory / quality associate,"Filings, CAPA, and specs — the paperwork that lets the work ship.",13-1041
61.2699,"Radiology Residency/Fellowship Programs, Other",Other,health,cip2,Medical Residencies,medical scientists,Clinical specialist (devices),Vendor-side training on equipment; the commercial cousin of the unit.,,Health information technologist,"EHR, registries, and quality reporting — the data side of the clinic.",29-9021,Regulatory / quality associate,"Filings, CAPA, and specs — the paperwork that lets the work ship.",13-1041
61.2701,General Surgery Residency Program,Other,health,cip2,Medical Residencies,health specialties teacher,Clinical specialist (devices),Vendor-side training on equipment; the commercial cousin of the unit.,,Health information technologist,"EHR, registries, and quality reporting — the data side of the clinic.",29-9021,Regulatory / quality associate,"Filings, CAPA, and specs — the paperwork that lets the work ship.",13-1041
61.2702,Colon and Rectal Surgery Residency Program,Other,health,cip2,Medical Residencies,health specialties teacher,Clinical specialist (devices),Vendor-side training on equipment; the commercial cousin of the unit.,,Health information technologist,"EHR, registries, and quality reporting — the data side of the clinic.",29-9021,Regulatory / quality associate,"Filings, CAPA, and specs — the paperwork that lets the work ship.",13-1041
61.2703,Complex General Surgical Oncology Fellowship Program,Other,health,cip2,Medical Residencies,medical scientists,Clinical specialist (devices),Vendor-side training on equipment; the commercial cousin of the unit.,,Health information technologist,"EHR, registries, and quality reporting — the data side of the clinic.",29-9021,Regulatory / quality associate,"Filings, CAPA, and specs — the paperwork that lets the work ship.",13-1041
61.2704,Congenital Cardiac Surgery Fellowship Program,Other,health,cip2,Medical Residencies,medical scientists,Clinical specialist (devices),Vendor-side training on equipment; the commercial cousin of the unit.,,Health information technologist,"EHR, registries, and quality reporting — the data side of the clinic.",29-9021,Regulatory / quality associate,"Filings, CAPA, and specs — the paperwork that lets the work ship.",13-1041
61.2705,Pediatric Surgery Fellowship Program,Other,health,cip2,Medical Residencies,medical scientists,Clinical specialist (devices),Vendor-side training on equipment; the commercial cousin of the unit.,,Health information technologist,"EHR, registries, and quality reporting — the data side of the clinic.",29-9021,Regulatory / quality associate,"Filings, CAPA, and specs — the paperwork that lets the work ship.",13-1041
61.2706,Surgical Critical Care Fellowship Program,Other,health,cip2,Medical Residencies,medical scientists,Clinical specialist (devices),Vendor-side training on equipment; the commercial cousin of the unit.,,Health information technologist,"EHR, registries, and quality reporting — the data side of the clinic.",29-9021,Regulatory / quality associate,"Filings, CAPA, and specs — the paperwork that lets the work ship.",13-1041
61.2707,Thoracic Surgery Fellowship Program,Other,health,cip2,Medical Residencies,medical scientists,Clinical specialist (devices),Vendor-side training on equipment; the commercial cousin of the unit.,,Health information technologist,"EHR, registries, and quality reporting — the data side of the clinic.",29-9021,Regulatory / quality associate,"Filings, CAPA, and specs — the paperwork that lets the work ship.",13-1041
61.2708,Vascular Surgery Fellowship Program,Other,health,cip2,Medical Residencies,medical scientists,Clinical specialist (devices),Vendor-side training on equipment; the commercial cousin of the unit.,,Health information technologist,"EHR, registries, and quality reporting — the data side of the clinic.",29-9021,Regulatory / quality associate,"Filings, CAPA, and specs — the paperwork that lets the work ship.",13-1041
61.2799,"Surgery Residency/Fellowship Programs, Other",Other,health,cip2,Medical Residencies,medical scientists,Clinical specialist (devices),Vendor-side training on equipment; the commercial cousin of the unit.,,Health information technologist,"EHR, registries, and quality reporting — the data side of the clinic.",29-9021,Regulatory / quality associate,"Filings, CAPA, and specs — the paperwork that lets the work ship.",13-1041
61.2801,Urology Residency Program,Other,health,cip2,Medical Residencies,health specialties teacher,Clinical specialist (devices),Vendor-side training on equipment; the commercial cousin of the unit.,,Health information technologist,"EHR, registries, and quality reporting — the data side of the clinic.",29-9021,Regulatory / quality associate,"Filings, CAPA, and specs — the paperwork that lets the work ship.",13-1041
61.2802,Pediatric Urology Fellowship Program,Other,health,cip2,Medical Residencies,medical scientists,Clinical specialist (devices),Vendor-side training on equipment; the commercial cousin of the unit.,,Health information technologist,"EHR, registries, and quality reporting — the data side of the clinic.",29-9021,Regulatory / quality associate,"Filings, CAPA, and specs — the paperwork that lets the work ship.",13-1041
61.2899,"Urology Residency/Fellowship Programs, Other",Other,health,cip2,Medical Residencies,medical scientists,Clinical specialist (devices),Vendor-side training on equipment; the commercial cousin of the unit.,,Health information technologist,"EHR, registries, and quality reporting — the data side of the clinic.",29-9021,Regulatory / quality associate,"Filings, CAPA, and specs — the paperwork that lets the work ship.",13-1041
61.9999,"Medical Residency/Fellowship Programs, Other",Other,health,cip2,Medical Residencies,medical scientists,Clinical specialist (devices),Vendor-side training on equipment; the commercial cousin of the unit.,,Health information technologist,"EHR, registries, and quality reporting — the data side of the clinic.",29-9021,Regulatory / quality associate,"Filings, CAPA, and specs — the paperwork that lets the work ship.",13-1041
